r,U
0.0,4245695.999999993
0.1,2122847.9999999963
0.2,473.42285156249915
0.3,0.0
0.4,-0.5852086544036861
0.5,-0.17791687065599995
0.6,-0.0615234375
0.7,-0.024632009656975266
0.8,-0.011092723289038976
0.9,-0.0054794417442387755
1.0,-0.0029138742359999994
1.1,-0.0016453286461152348
1.2,-0.0009763240814208984
1.3,-0.0006040345893672048
1.4,-0.00038723736451052053
1.5,-0.00025598361599999986
1.6,-0.0001737995919341982
1.7,-0.00012080387761142734
1.8,-8.57320444555463e-05
1.9,-6.19810864013334e-05
2.0,-4.556198101464843e-05
2.1,-3.39991500187931e-05
2.2,-2.5718678073348274e-05
2.3,-1.9697829086647228e-05
2.4,-1.5258730854839087e-05
2.5,-1.1943900335598205e-05
2.6,-9.439443839311077e-06
2.7,-7.526691529811034e-06
2.8,-6.051160532786523e-06
2.9,-4.902290013316744e-06
3.0,-3.999995999999998e-06
3.1,-3.285617476535167e-06
3.2,-2.7157347837723752e-06
3.3,-2.2578944456918392e-06
3.4,-1.8876167065066009e-06
3.5,-1.5862771973465285e-06
3.6,-1.3395914580949166e-06
3.7,-1.1365199193678882e-06
3.8,-9.684692474677494e-07
3.9,-8.287046724440841e-07
4.0,-7.119139357945917e-07
4.1,-6.138811707144092e-07
4.2,-5.312411639653179e-07
4.3,-4.6129286375645774e-07
4.4,-4.0185688834767755e-07
4.5,-3.511659499662239e-07
4.6,-3.077800714541076e-07
4.7,-2.705206004137769e-07
4.8,-2.3841856489070778e-07
4.9,-2.1067403660318116e-07
5.0,-1.8662399129287063e-07
5.1,-1.6571676436360381e-07
5.2,-1.474916526114154e-07
5.3,-1.315625515718377e-07
5.4,-1.1760477298971164e-07
5.5,-1.053443799479964e-07
5.6,-9.454952412369314e-08
5.7,-8.502338206774394e-08
5.8,-7.659837386822402e-08
5.9,-6.913141437283308e-08
6.0,-6.249999902343747e-08
6.1,-5.6598966814703736e-08
6.2,-5.133781458110954e-08
6.3,-4.663846174600267e-08
6.4,-4.2433384355769664e-08
6.5,-3.8664052834095946e-08
6.6,-3.527962031719819e-08
6.7,-3.223581835735503e-08
6.8,-2.9494024740051393e-08
6.9,-2.702047456194575e-08
7.0,-2.4785590884166497e-08
7.1,-2.2763415459748546e-08
7.2,-2.0931123432996013e-08
7.3,-1.9268608678016796e-08
7.4,-1.7758128706903678e-08
7.5,-1.6383999932891138e-08
7.6,-1.5132335598238007e-08
7.7,-1.3990819932847466e-08
7.8,-1.2948513147646718e-08
7.9,-1.199568272663595e-08
8.0,-1.112365719562856e-08
8.1,-1.0324699140202931e-08
8.2,-9.591894741482655e-09
8.3,-8.919057513300365e-09
8.4,-8.300644272144048e-09
8.5,-7.731681663520905e-09
8.6,-7.2077018144223605e-09
8.7,-6.724685889165589e-09
8.8,-6.279014501392328e-09
8.9,-5.867424083679393e-09
9.0,-5.4869684424047065e-09
9.1,-5.134984832822155e-09
9.2,-4.8090639807222e-09
9.3,-4.5070235550865e-09
9.4,-4.226884662863489e-09
9.5,-3.96685099413746e-09
9.6,-3.725290294992467e-09
9.7,-3.5007178875075495e-09
9.8,-3.2917819925890074e-09
9.9,-3.097250642615626e-09
10.0,-2.9159999978742354e-09
10.1,-2.7470039041147584e-09
10.2,-2.5893245487787854e-09
10.3,-2.4421040909985665e-09
10.4,-2.3045571557013586e-09
10.5,-2.175964095408701e-09
10.6,-2.0556649348656577e-09
10.7,-1.943053923705086e-09
10.8,-1.8375746311469629e-09
10.9,-1.7387155244240103e-09
11.0,-1.6460059793594806e-09
11.1,-1.559012677427287e-09
11.2,-1.4773363488074376e-09
11.3,-1.400608825504609e-09
11.4,-1.328490372605464e-09
11.5,-1.2606672692807772e-09
11.6,-1.1968496142520719e-09
11.7,-1.1367693331913603e-09
11.8,-1.0801783679523856e-09
11.9,-1.0268470296816182e-09
12.0,-9.765624997615809e-10
12.1,-9.291274642275812e-10
12.2,-8.84358868797673e-10
12.3,-8.420867829872769e-10
12.4,-8.021533629641744e-10
12.5,-7.644119038539187e-10
12.6,-7.28725973145196e-10
12.7,-6.949686176826219e-10
12.8,-6.630216374825646e-10
12.9,-6.327749202760945e-10
13.0,-6.041258312809955e-10
13.1,-5.76978653240039e-10
13.2,-5.512440722421746e-10
13.3,-5.268387052733344e-10
13.4,-5.036846658294196e-10
13.5,-4.817091642706729e-10
13.6,-4.608441399082458e-10
13.7,-4.41025922094103e-10
13.8,-4.22194917837817e-10
13.9,-4.0429532370126104e-10
14.0,-3.872748599273151e-10
14.1,-3.7108452494380215e-10
14.2,-3.556783685510579e-10
14.3,-3.4101328225262e-10
14.4,-3.2704880532519724e-10
14.5,-3.137469453477629e-10
14.6,-3.010720120216611e-10
14.7,-2.8899046321515683e-10
14.8,-2.7747076225796283e-10
14.9,-2.6648324559488314e-10
15.0,-2.5599999998361603e-10
15.1,-2.4599474849078205e-10
15.2,-2.364427446029753e-10
15.3,-2.2732067382674646e-10
15.4,-2.186065622034157e-10
15.5,-2.1027969121199536e-10
15.6,-2.0232051857668404e-10
15.7,-1.9471060453480208e-10
15.8,-1.8743254315699931e-10
15.9,-1.804698983444148e-10
16.0,-1.7380714415748679e-10
16.1,-1.6742960915856286e-10
16.2,-1.6132342447556845e-10
16.3,-1.554754753169843e-10
16.4,-1.4987335568944336e-10
16.5,-1.4450532608854653e-10
16.6,-1.3936027395120347e-10
16.7,-1.3442767667402236e-10
16.8,-1.2969756701718874e-10
16.9,-1.251605007269471e-10
17.0,-1.2080752622237686e-10
17.1,-1.166301562037158e-10
17.2,-1.1262034105011201e-10
17.3,-1.0877044388447447e-10
17.4,-1.0507321719209833e-10
17.5,-1.0152178088803866e-10
17.6,-9.810960173585665e-11
17.7,-9.483047402741061e-11
17.8,-9.167850143986845e-11
17.9,-8.864807999212452e-11
18.0,-8.573388202834075e-11
18.1,-8.293084116145611e-11
18.2,-8.023413811423706e-11
18.3,-7.763918739981605e-11
18.4,-7.514162478771303e-11
18.5,-7.273729550507442e-11
18.6,-7.042224312633542e-11
18.7,-6.819269910771688e-11
18.8,-6.604507292594277e-11
18.9,-6.397594278332411e-11
19.0,-6.198204684390575e-11
19.1,-6.006027496774895e-11
19.2,-5.8207660912620374e-11
19.3,-5.6421374974401115e-11
19.4,-5.4698717039428674e-11
19.5,-5.303711002374561e-11
19.6,-5.143409367586933e-11
19.7,-4.988731872121925e-11
19.8,-4.839454132775615e-11
19.9,-4.695361787370795e-11
20.0,-4.5562499999481007e-11
20.1,-4.421922992700364e-11
20.2,-4.292193603080921e-11
20.3,-4.166882864616142e-11
20.4,-4.0458196100449157e-11
20.5,-3.928840095493957e-11
20.6,-3.8157876444784976e-11
20.7,-3.706512310592852e-11
20.8,-3.60087055782556e-11
20.9,-3.498724957499293e-11
21.0,-3.3999439008967353e-11
21.1,-3.304401326691019e-11
21.2,-3.211976462352485e-11
21.3,-3.12255357875365e-11
21.4,-3.036021757240942e-11
21.5,-2.952274668485388e-11
21.6,-2.8712103624655355e-11
21.7,-2.792731068973991e-11
21.8,-2.7167430080749754e-11
21.9,-2.643156209973842e-11
22.0,-2.5718843437909863e-11
22.1,-2.502844554762153e-11
22.2,-2.4359573094147235e-11
22.3,-2.3711462482956262e-11
22.4,-2.308338045850848e-11
22.5,-2.247462277079278e-11
22.6,-2.188451290605269e-11
22.7,-2.131240087834235e-11
22.8,-2.0757662078746743e-11
22.9,-2.0219696179277718e-11
23.0,-1.9697926088623273e-11
23.1,-1.919179695708655e-11
23.2,-1.87007752281967e-11
23.3,-1.822434773461433e-11
23.4,-1.7762020836083963e-11
23.5,-1.731331959730927e-11
23.6,-1.6877787003742565e-11
23.7,-1.645498321338918e-11
23.8,-1.6044484842829736e-11
23.9,-1.5645884285760384e-11
24.0,-1.5258789062441786e-11
24.1,-1.4882821198534092e-11
24.2,-1.4517616631875445e-11
24.3,-1.4162824645838448e-11
24.4,-1.3818107327970946e-11
24.5,-1.3483139052695023e-11
24.6,-1.3157605986902883e-11
24.7,-1.2841205617348274e-11
24.8,-1.2533646298789428e-11
24.9,-1.2234646821893673e-11
25.0,-1.1943935999964338e-11
25.1,-1.1661252273599307e-11
25.2,-1.1386343332435658e-11
25.3,-1.1118965753177858e-11
25.4,-1.0858884653148132e-11
25.5,-1.0605873358635296e-11
25.6,-1.035971308735542e-11
25.7,-1.0120192644371725e-11
25.8,-9.887108130853616e-12
25.9,-9.660262665086054e-12
26.0,-9.439466115168936e-12
26.1,-9.224534842874384e-12
26.2,-9.015291458155698e-12
26.3,-8.811564583826509e-12
26.4,-8.613188629952424e-12
26.5,-8.420003577519181e-12
26.6,-8.231854770963125e-12
26.7,-8.048592719169073e-12
26.8,-7.870072904560207e-12
26.9,-7.696155599922278e-12
27.0,-7.526705692621522e-12
27.1,-7.361592515891937e-12
27.2,-7.200689686882977e-12
27.3,-7.043874951173013e-12
27.4,-6.891030033468269e-12
27.5,-6.742040494219427e-12
27.6,-6.5967955919012946e-12
27.7,-6.455188150712082e-12
27.8,-6.317114433460722e-12
27.9,-6.1824740194209236e-12
28.0,-6.0511696869410115e-12
28.1,-5.923107300608399e-12
28.2,-5.798195702776408e-12
28.3,-5.676346609270181e-12
28.4,-5.5574745090967265e-12
28.5,-5.441496567991823e-12
28.6,-5.328332535644347e-12
28.7,-5.217904656445524e-12
28.8,-5.110137583617494e-12
28.9,-5.004958296582158e-12
29.0,-4.902296021437307e-12
29.1,-4.802082154413035e-12
29.2,-4.704250188187001e-12
29.3,-4.608735640942445e-12
29.4,-4.5154759880579606e-12
29.5,-4.4244105963228656e-12
29.6,-4.3354806605767126e-12
29.7,-4.248629142675688e-12
29.8,-4.16380071269311e-12
29.9,-4.080941692265054e-12
30.0,-3.9999999999960005e-12
30.1,-3.92092509884312e-12
30.2,-3.843667945401157e-12
30.3,-3.7681809410132775e-12
30.4,-3.694417884636457e-12
30.5,-3.6223339273928475e-12
30.6,-3.5518855287416137e-12
30.7,-3.4830304142083798e-12
30.8,-3.4157275346121285e-12
30.9,-3.3499370267318137e-12
31.0,-3.2856201753574535e-12
31.1,-3.2227393766727027e-12
31.2,-3.1612581029180863e-12
31.3,-3.1011408682861728e-12
31.4,-3.042353196002063e-12
31.5,-2.9848615865442816e-12
31.6,-2.9286334869632004e-12
31.7,-2.873637261255729e-12
31.8,-2.8198421617567175e-12
31.9,-2.7672183015091917e-12
32.0,-2.715736627576891e-12
32.1,-2.6653688952642732e-12
32.2,-2.6160876432103362e-12
32.3,-2.56786616932411e-12
32.4,-2.5206785075308297e-12
32.5,-2.474499405299154e-12
32.6,-2.4293043019208283e-12
32.7,-2.38506930751544e-12
32.8,-2.3417711827339238e-12
32.9,-2.2993873191355023e-12
33.0,-2.2578957202138343e-12
33.1,-2.217274983048892e-12
33.2,-2.177504280562233e-12
33.3,-2.1385633443540234e-12
33.4,-2.1004324481010853e-12
33.5,-2.063092391496027e-12
33.6,-2.026524484708256e-12
33.7,-1.9907105333484605e-12
33.8,-1.9556328239187843e-12
33.9,-1.9212741097316372e-12
34.0,-1.8876175972807574e-12
34.1,-1.854646933048665e-12
34.2,-1.822346190735364e-12
34.3,-1.7906998588936211e-12
34.4,-1.7596928289567704e-12
34.5,-1.7293103836454777e-12
34.6,-1.6995381857404063e-12
34.7,-1.670362267208248e-12
34.8,-1.641769018668989e-12
34.9,-1.6137451791927874e-12
35.0,-1.5862778264152355e-12
35.1,-1.5593543669601893e-12
35.2,-1.5329625271597722e-12
35.3,-1.5070903440614981e-12
35.4,-1.48172615671287e-12
35.5,-1.4568585977141453e-12
35.6,-1.4324765850302633e-12
35.7,-1.408569314053307e-12
35.8,-1.3851262499071631e-12
35.9,-1.3621371199863233e-12
36.0,-1.3395919067210877e-12
36.1,-1.3174808405617e-12
36.2,-1.2957943931741973e-12
36.3,-1.2745232708410213e-12
36.4,-1.2536584080597076e-12
36.5,-1.233190961333163e-12
36.6,-1.213112303145304e-12
36.7,-1.1934140161160299e-12
36.8,-1.1740878873297273e-12
36.9,-1.1551259028317042e-12
37.0,-1.1365202422871317e-12
37.1,-1.1182632737972893e-12
37.2,-1.1003475488680605e-12
37.3,-1.082765797525808e-12
37.4,-1.0655109235759576e-12
37.5,-1.0485759999997252e-12
37.6,-1.0319542644846283e-12
37.7,-1.0156391150845339e-12
37.8,-9.996241060051774e-13
37.9,-9.83902943511183e-13
38.0,-9.684694819507998e-13
38.1,-9.533177198946523e-13
38.2,-9.38441796384948e-13
38.3,-9.238359872917128e-13
38.4,-9.094947017727214e-13
38.5,-8.954124788339261e-13
38.6,-8.815839839872582e-13
38.7,-8.680040060028228e-13
38.8,-8.546674537525776e-13
38.9,-8.415693531426842e-13
39.0,-8.287048441318416e-13
39.1,-8.160691778329563e-13
39.2,-8.036577136956307e-13
39.3,-7.914659167670113e-13
39.4,-7.794893550286206e-13
39.5,-7.677236968068965e-13
39.6,-7.561647082551954e-13
39.7,-7.448082509051311e-13
39.8,-7.33650279285164e-13
39.9,-7.226868386044294e-13
40.0,-7.119140624998731e-13
40.1,-7.013281708447876e-13
40.2,-6.909254676169507e-13
40.3,-6.807023388245925e-13
40.4,-6.706552504884779e-13
40.5,-6.60780746678469e-13
40.6,-6.510754476029486e-13
40.7,-6.415360477495675e-13
40.8,-6.321593140758122e-13
40.9,-6.229420842479383e-13
41.0,-6.138812649268662e-13
41.1,-6.049738300996737e-13
41.2,-5.96216819455364e-13
41.3,-5.876073368036374e-13
41.4,-5.791425485354158e-13
41.5,-5.708196821239352e-13
41.6,-5.626360246652296e-13
41.7,-5.545889214568844e-13
41.8,-5.466757746139714e-13
41.9,-5.388940417210992e-13
42.0,-5.312412345195598e-13
42.1,-5.237149176285739e-13
42.2,-5.163127072996703e-13
42.3,-5.090322702032659e-13
42.4,-5.018713222465427e-13
42.5,-4.94827627421739e-13
42.6,-4.878989966840071e-13
42.7,-4.810832868580072e-13
42.8,-4.743783995724415e-13
42.9,-4.67782280221746e-13
43.0,-4.612929169541933e-13
43.1,-4.549083396856679e-13
43.2,-4.4862661913840986e-13
43.3,-4.424458659040386e-13
43.4,-4.363642295301851e-13
43.5,-4.3037989763009384e-13
43.6,-4.2449109501455293e-13
43.7,-4.1869608284555697e-13
43.8,-4.129931578110992e-13
43.9,-4.073806513205241e-13
44.0,-4.0185692871988504e-13
44.1,-3.964203885267584e-13
44.2,-3.910694616839951e-13
44.3,-3.8580261083189904e-13
44.4,-3.8061832959833226e-13
44.5,-3.755151419062727e-13
44.6,-3.704916012983535e-13
44.7,-3.6554629027793136e-13
44.8,-3.6067781966624393e-13
44.9,-3.558848279752263e-13
45.0,-3.511659807955794e-13
45.1,-3.465199701996752e-13
45.2,-3.419455141589149e-13
45.3,-3.3744135597515717e-13
45.4,-3.3300626372584575e-13
45.5,-3.2863902972247993e-13
45.6,-3.243384699820747e-13
45.7,-3.2010342371127394e-13
45.8,-3.159327528027864e-13
45.9,-3.118253413438237e-13
46.0,-3.0778009513623064e-13
46.1,-3.03795941228002e-13
46.2,-2.9987182745589364e-13
46.3,-2.960067219988431e-13
46.4,-2.9219961294191815e-13
46.5,-2.884495078505275e-13
46.6,-2.84755433354626e-13
46.7,-2.811164347426633e-13
46.8,-2.7753157556502507e-13
46.9,-2.7399993724672396e-13
47.0,-2.7052061870910994e-13
47.1,-2.6709273600036637e-13
47.2,-2.6371542193457295e-13
47.3,-2.6038782573911735e-13
47.4,-2.5710911271024715e-13
47.5,-2.5387846387655576e-13
47.6,-2.506950756702045e-13
47.7,-2.4755815960568717e-13
47.8,-2.444669419659473e-13
47.9,-2.414206634956671e-13
48.0,-2.384185791015482e-13
48.1,-2.354599575594118e-13
48.2,-2.325440812279469e-13
48.3,-2.29670245768946e-13
48.4,-2.2683775987386424e-13
48.5,-2.2404594499655096e-13
48.6,-2.2129413509199704e-13
48.7,-2.1858167636095396e-13
48.8,-2.1590792700028024e-13
48.9,-2.132722569588742e-13
49.0,-2.1067404769905876e-13
49.1,-2.0811269196328493e-13
49.2,-2.0558759354602322e-13
49.3,-2.030981670707214e-13
49.4,-2.0064383777170085e-13
49.5,-1.9822404128087774e-13
49.6,-1.9583822341918887e-13
49.7,-1.9348583999261117e-13
49.8,-1.9116635659266421e-13
49.9,-1.8887924840128754e-13
50.0,-1.8662399999999132e-13
50.1,-1.8440010518317396e-13
50.2,-1.8220706677551206e-13
50.3,-1.8004439645332284e-13
50.4,-1.779116145698057e-13
50.5,-1.7580824998407338e-13
50.6,-1.7373383989387943e-13
50.7,-1.716879296719588e-13
50.8,-1.69670072705893e-13
50.9,-1.676798302414204e-13
51.0,-1.6571677122910902e-13
51.1,-1.6378047217431367e-13
51.2,-1.6187051699034113e-13
51.3,-1.5998649685474867e-13
51.4,-1.58128010068702e-13
51.5,-1.5629466191932423e-13
51.6,-1.5448606454496365e-13
51.7,-1.5270183680331515e-13
51.8,-1.5094160414232843e-13
51.9,-1.492049984738384e-13
52.0,-1.4749165804985725e-13
52.1,-1.4580122734146482e-13
52.2,-1.4413335692023943e-13
52.3,-1.4248770334217042e-13
52.4,-1.408639290339953e-13
52.5,-1.3926170218190914e-13
52.6,-1.3768069662258776e-13
52.7,-1.361205917364768e-13
52.8,-1.345810723432919e-13
52.9,-1.3306182859968258e-13
53.0,-1.3156255589900984e-13
53.1,-1.3008295477319026e-13
53.2,-1.286227307965594e-13
53.3,-1.27181594491711e-13
53.4,-1.2575926123726585e-13
53.5,-1.2435545117752892e-13
53.6,-1.229698891339914e-13
53.7,-1.2160230451863701e-13
53.8,-1.2025243124901336e-13
53.9,-1.189200076650274e-13
54.0,-1.176047764474291e-13
54.1,-1.16306484537944e-13
54.2,-1.150248830610199e-13
54.3,-1.137597272471511e-13
54.4,-1.1251077635774589e-13
54.5,-1.1127779361150365e-13
54.6,-1.1006054611226911e-13
54.7,-1.0885880477832922e-13
54.8,-1.0767234427312429e-13
54.9,-1.0650094293734021e-13
55.0,-1.0534438272235333e-13
55.1,-1.042024491249975e-13
55.2,-1.0307493112362507e-13
55.3,-1.0196162111543453e-13
55.4,-1.008623148550365e-13
55.5,-9.977681139423212e-14
55.6,-9.870491302297722e-14
55.7,-9.76464252115074e-14
55.8,-9.66011565535989e-14
55.9,-9.556891871094036e-14
56.0,-9.45495263585941e-14
56.1,-9.354279713151959e-14
56.2,-9.254855157214113e-14
56.3,-9.156661307893436e-14
56.4,-9.059680785601065e-14
56.5,-8.963896486368032e-14
56.6,-8.869291576997047e-14
56.7,-8.775849490308085e-14
56.8,-8.683553920475512e-14
56.9,-8.592388818455061e-14
57.0,-8.502338387498609e-14
57.1,-8.41338707875503e-14
57.2,-8.32551958695521e-14
57.3,-8.238720846179639e-14
57.4,-8.1529760257066e-14
57.5,-8.068270525939661e-14
57.6,-7.984589974412377e-14
57.7,-7.90192022186897e-14
57.8,-7.820247338419254e-14
57.9,-7.73955760976624e-14
58.0,-7.659837533505034e-14
58.1,-7.581073815491497e-14
58.2,-7.503253366279234e-14
58.3,-7.426363297623498e-14
58.4,-7.350390919050699e-14
58.5,-7.275323734492167e-14
58.6,-7.201149438980738e-14
58.7,-7.127855915409092e-14
58.8,-7.055431231348403e-14
58.9,-6.983863635926162e-14
59.0,-6.913141556762004e-14
59.1,-6.843253596960296e-14
59.2,-6.774188532158341e-14
59.3,-6.70593530762917e-14
59.4,-6.638483035437704e-14
59.5,-6.571820991649312e-14
59.6,-6.505938613589651e-14
59.7,-6.440825497154772e-14
59.8,-6.37647139417055e-14
59.9,-6.312866209800309e-14
60.0,-6.249999999999904e-14
60.1,-6.187862969019062e-14
60.2,-6.126445466948288e-14
60.3,-6.065737987310266e-14
60.4,-6.005731164694989e-14
60.5,-5.946415772437671e-14
60.6,-5.887782720338705e-14
60.7,-5.829823052424654e-14
60.8,-5.772527944749712e-14
60.9,-5.715888703236614e-14
61.0,-5.65989676155637e-14
61.1,-5.604543679046022e-14
61.2,-5.5498211386636226e-14
61.3,-5.495720944979828e-14
61.4,-5.4422350222052584e-14
61.5,-5.3893554122530794e-14
61.6,-5.337074272835937e-14
61.7,-5.285383875596781e-14
61.8,-5.234276604272774e-14
61.9,-5.183744952891673e-14
62.0,-5.1337815240001724e-14
62.1,-5.084379026923387e-14
62.2,-5.035530276055092e-14
62.3,-4.987228189177966e-14
62.4,-4.9394657858133526e-14
62.5,-4.892236185599937e-14
62.6,-4.845532606700843e-14
62.7,-4.7993483642384805e-14
62.8,-4.753676868756782e-14
62.9,-4.7085116247101787e-14
63.0,-4.663846228978866e-14
63.1,-4.6196743694098516e-14
63.2,-4.5759898233832987e-14
63.3,-4.5327864564036785e-14
63.4,-4.490058220715251e-14
63.5,-4.447799153941501e-14
63.6,-4.406003377747929e-14
63.7,-4.364665096527904e-14
63.8,-4.3237785961110566e-14
63.9,-4.28333824249382e-14
64.0,-4.243338480591728e-14
64.1,-4.203773833013018e-14
64.2,-4.164638898853158e-14
64.3,-4.1259283525099615e-14
64.4,-4.087636942518782e-14
64.5,-4.0497594904076106e-14
64.6,-4.012290889571457e-14
64.7,-3.975226104165914e-14
64.8,-3.938560168019365e-14
64.9,-3.902288183563567e-14
65.0,-3.866405320782283e-14
65.1,-3.830906816177591e-14
65.2,-3.7957879717535636e-14
65.3,-3.76104415401704e-14
65.4,-3.7266707929950623e-14
65.5,-3.692663381268864e-14
65.6,-3.6590174730238643e-14
65.7,-3.625728683115613e-14
65.8,-3.592792686151256e-14
65.9,-3.56020521558624e-14
66.0,-3.527962062836077e-14
66.1,-3.496059076402778e-14
66.2,-3.4644921610157836e-14
66.3,-3.4332572767870984e-14
66.4,-3.4023504383803124e-14
66.5,-3.371767714193405e-14
66.6,-3.3415052255549205e-14
66.7,-3.3115591459333706e-14
66.8,-3.281925700159642e-14
66.9,-3.252601163662086e-14
67.0,-3.2235818617141795e-14
67.1,-3.194864168694393e-14
67.2,-3.166444507358229e-14
67.3,-3.138319348122036e-14
67.4,-3.1104852083584936e-14
67.5,-3.082938651703552e-14
67.6,-3.055676287374571e-14
67.7,-3.028694769499536e-14
67.8,-3.0019907964571025e-14
67.9,-2.975561110227265e-14
68.0,-2.9494024957525536e-14
68.1,-2.9235117803094315e-14
68.2,-2.897885832889862e-14
68.3,-2.8725215635927816e-14
68.4,-2.8474159230252834e-14
68.5,-2.822565901713443e-14
68.6,-2.797968529522516e-14
68.7,-2.773620875086388e-14
68.8,-2.7495200452461442e-14
68.9,-2.7256631844975276e-14
69.0,-2.7020474744472088e-14
69.1,-2.6786701332776567e-14
69.2,-2.6555284152204956e-14
69.3,-2.632619610038205e-14
69.4,-2.6099410425139605e-14
69.5,-2.5874900719495826e-14
69.6,-2.565264091671332e-14
69.7,-2.5432605285435188e-14
69.8,-2.5214768424897318e-14
69.9,-2.4999105260215672e-14
70.0,-2.478559103774773e-14
70.1,-2.457420132052578e-14
70.2,-2.4364911983762307e-14
70.3,-2.415769921042499e-14
70.4,-2.3952539486880478e-14
70.5,-2.374940959860646e-14
70.6,-2.3548286625969642e-14
70.7,-2.334914794006962e-14
70.8,-2.3151971198647037e-14
70.9,-2.2956734342054776e-14
71.0,-2.276341558929168e-14
71.1,-2.2571993434097114e-14
71.2,-2.2382446641105752e-14
71.3,-2.219475424206175e-14
71.4,-2.200889553209055e-14
71.5,-2.1824850066028216e-14
71.6,-2.16425976548068e-14
71.7,-2.1462118361895053e-14
71.8,-2.1283392499793435e-14
71.9,-2.1106400626582447e-14
72.0,-2.0931123542523893e-14
72.1,-2.0757542286713215e-14
72.2,-2.0585638133783237e-14
72.3,-2.041539259065761e-14
72.4,-2.024678739335329e-14
72.5,-2.0079804503831723e-14
72.6,-1.9914426106897205e-14
72.7,-1.9750634607142265e-14
72.8,-1.9588412625938977e-14
72.9,-1.9427742998475335e-14
73.0,-1.9268608770836523e-14
73.1,-1.911099319712952e-14
73.2,-1.8954879736651036e-14
73.3,-1.880025205109784e-14
73.4,-1.8647094001818442e-14
73.5,-1.8495389647106176e-14
73.6,-1.8345123239532287e-14
73.7,-1.8196279223318803e-14
73.8,-1.804884223175051e-14
73.9,-1.790279708462509e-14
74.0,-1.77581287857414e-14
74.1,-1.7614822520424473e-14
74.2,-1.7472863653087454e-14
74.3,-1.733223772482936e-14
74.4,-1.7192930451068103e-14
74.5,-1.7054927719208656e-14
74.6,-1.6918215586345255e-14
74.7,-1.6782780276997302e-14
74.8,-1.66486081808787e-14
74.9,-1.6515685850699462e-14
75.0,-1.6383999999999935e-14
75.1,-1.6253537501016088e-14
75.2,-1.612428538257641e-14
75.3,-1.5996230828029173e-14
75.4,-1.586936117319981e-14
75.5,-1.5743663904378198e-14
75.6,-1.561912665633474e-14
75.7,-1.5495737210365608e-14
75.8,-1.5373483492365956e-14
75.9,-1.5252353570931035e-14
76.0,-1.5132335655484854e-14
76.1,-1.501341809443554e-14
76.2,-1.4895589373357435e-14
76.3,-1.4778838113199317e-14
76.4,-1.4663153068518197e-14
76.5,-1.4548523125738514e-14
76.6,-1.4434937301436294e-14
76.7,-1.4322384740647695e-14
76.8,-1.4210854715201953e-14
76.9,-1.410033662207771e-14
77.0,-1.3990819981783179e-14
77.1,-1.3882294436758976e-14
77.2,-1.3774749749803898e-14
77.3,-1.3668175802522888e-14
77.4,-1.3562562593797002e-14
77.5,-1.3457900238275135e-14
77.6,-1.3354178964886835e-14
77.7,-1.3251389115376337e-14
77.8,-1.3149521142857165e-14
77.9,-1.3048565610386982e-14
78.0,-1.2948513189562664e-14
78.1,-1.2849354659134944e-14
78.2,-1.2751080903642502e-14
78.3,-1.2653682912065342e-14
78.4,-1.2557151776496713e-14
78.5,-1.2461478690833892e-14
78.6,-1.2366654949486961e-14
78.7,-1.227267194610576e-14
78.8,-1.2179521172324533e-14
78.9,-1.2087194216523858e-14
79.0,-1.1995682762610024e-14
79.1,-1.1904978588811065e-14
79.2,-1.1815073566489628e-14
79.3,-1.1725959658972286e-14
79.4,-1.1637628920394807e-14
79.5,-1.1550073494563628e-14
79.6,-1.1463285613832757e-14
79.7,-1.1377257597996313e-14
79.8,-1.1291981853196218e-14
79.9,-1.1207450870844835e-14
80.0,-1.1123657226562466e-14
80.1,-1.1040593579129282e-14
80.2,-1.0958252669451698e-14
80.3,-1.087662731954281e-14
80.4,-1.079571043151669e-14
80.5,-1.0715494986596525e-14
80.6,-1.0635974044136039e-14
80.7,-1.0557140740654412e-14
80.8,-1.0478988288884198e-14
80.9,-1.040150997683214e-14
81.0,-1.0324699166852757e-14
81.1,-1.0248549294734408e-14
81.2,-1.0173053868797703e-14
81.3,-1.009820646900613e-14
81.4,-1.0024000746088574e-14
81.5,-9.950430420673739e-15
81.6,-9.877489282436102e-15
81.7,-9.805171189253428e-15
81.8,-9.733470066375528e-15
81.9,-9.662379905604113e-15
82.0,-9.591894764483732e-15
82.1,-9.522008765503376e-15
82.2,-9.452716095308808e-15
82.3,-9.384011003925442e-15
82.4,-9.315887803991428e-15
82.5,-9.248340870001067e-15
82.6,-9.181364637558162e-15
82.7,-9.114953602639342e-15
82.8,-9.04910232086716e-15
82.9,-8.983805406792684e-15
83.0,-8.91905753318774e-15
83.1,-8.85485343034635e-15
83.2,-8.79118788539543e-15
83.3,-8.728055741614637e-15
83.4,-8.665451897765002e-15
83.5,-8.603371307426546e-15
83.6,-8.541808978344452e-15
83.7,-8.480759971783895e-15
83.8,-8.420219401893292e-15
83.9,-8.360182435075808e-15
84.0,-8.300644289369207e-15
84.1,-8.241600233833647e-15
84.2,-8.183045587947522e-15
84.3,-8.124975721011195e-15
84.4,-8.067386051558374e-15
84.5,-8.010272046775236e-15
84.6,-7.953629221927026e-15
84.7,-7.897453139792076e-15
84.8,-7.841739410103199e-15
84.9,-7.786483688996191e-15
85.0,-7.731681678465614e-15
85.1,-7.677329125827402e-15
85.2,-7.623421823188526e-15
85.3,-7.569955606923458e-15
85.4,-7.516926357157252e-15
85.5,-7.464329997255441e-15
85.6,-7.412162493320262e-15
85.7,-7.360419853693505e-15
85.8,-7.309098128465624e-15
85.9,-7.258193408991098e-15
86.0,-7.20770182741009e-15
86.1,-7.157619556176027e-15
86.2,-7.107942807589357e-15
86.3,-7.058667833337123e-15
86.4,-7.009790924038428e-15
86.5,-6.9613084087956545e-15
86.6,-6.9132166547513555e-15
86.7,-6.865512066650769e-15
86.8,-6.8181910864098746e-15
86.9,-6.7712501926888416e-15
87.0,-6.724685900470929e-15
87.1,-6.678494760646632e-15
87.2,-6.632673359603082e-15
87.3,-6.5872183188186446e-15
87.4,-6.542126294462501e-15
87.5,-6.497393976999367e-15
87.6,-6.453018090799081e-15
87.7,-6.408995393751092e-15
87.8,-6.365322676883828e-15
87.9,-6.321996763988678e-15
88.0,-6.2790145112488254e-15
88.1,-6.23637280687255e-15
88.2,-6.194068570731204e-15
88.3,-6.152098754001629e-15
88.4,-6.1104603388130115e-15
88.5,-6.069150337898153e-15
88.6,-6.0281657942489944e-15
88.7,-5.987503780776465e-15
88.8,-5.9471613999744984e-15
88.9,-5.907135783588178e-15
89.0,-5.867424092286053e-15
89.1,-5.8280235153363495e-15
89.2,-5.788931270287301e-15
89.3,-5.750144602651353e-15
89.4,-5.711660785593192e-15
89.5,-5.673477119621697e-15
89.6,-5.6355909322855615e-15
89.7,-5.597999577872716e-15
89.8,-5.5607004371133975e-15
89.9,-5.5236909168868064e-15
90.0,-5.486968449931403e-15
90.1,-5.450530494558673e-15
90.2,-5.414374534370388e-15
90.3,-5.3784980779793696e-15
90.4,-5.342898658733495e-15
90.5,-5.307573834443226e-15
90.6,-5.272521187112269e-15
90.7,-5.237738322671618e-15
90.8,-5.203222870716766e-15
90.9,-5.168972484248038e-15
91.0,-5.134984839414165e-15
91.1,-5.101257635258823e-15
91.2,-5.067788593470322e-15
91.3,-5.0345754581342405e-15
91.4,-5.001615995489049e-15
91.5,-4.968907993684671e-15
91.6,-4.936449262543921e-15
91.7,-4.904237633326797e-15
91.8,-4.872270958497619e-15
91.9,-4.84054711149489e-15
92.0,-4.809063986503968e-15
92.1,-4.7778194982323884e-15
92.2,-4.746811581687886e-15
92.3,-4.7160381919590764e-15
92.4,-4.685497303998684e-15
92.5,-4.655186912409406e-15
92.6,-4.62510503123226e-15
92.7,-4.595249693737464e-15
92.8,-4.565618952217799e-15
92.9,-4.536210877784365e-15
93.0,-4.5070235601648125e-15
93.1,-4.47805510750388e-15
93.2,-4.4493036461663435e-15
93.3,-4.420767320542246e-15
93.4,-4.3924442928544175e-15
93.5,-4.364332742968278e-15
93.6,-4.336430868203813e-15
93.7,-4.3087368831498384e-15
93.8,-4.2812490194803506e-15
93.9,-4.253965525773077e-15
94.0,-4.226884667330124e-15
94.1,-4.200004726000717e-15
94.2,-4.173324000005998e-15
94.3,-4.146840803765904e-15
94.4,-4.12055346772797e-15
94.5,-4.094460338198227e-15
94.6,-4.06855977717397e-15
94.7,-4.042850162178517e-15
94.8,-4.017329886097866e-15
94.9,-3.991997357019221e-15
95.0,-3.9668509980714315e-15
95.1,-3.941889247267201e-15
95.2,-3.917110557347186e-15
95.3,-3.892513395625856e-15
95.4,-3.868096243839097e-15
95.5,-3.843857597993643e-15
95.6,-3.819795968218156e-15
95.7,-3.795909878616052e-15
95.8,-3.772197867120022e-15
95.9,-3.748658485348181e-15
96.0,-3.725290298461909e-15
96.1,-3.702091885025261e-15
96.2,-3.679061836866023e-15
96.3,-3.656198758938337e-15
96.4,-3.633501269186879e-15
96.5,-3.610967998412602e-15
96.6,-3.588597590139984e-15
96.7,-3.566388700485786e-15
96.8,-3.5443399980293268e-15
96.9,-3.5224501636841637e-15
97.0,-3.5007178905713015e-15
97.1,-3.479141883893767e-15
97.2,-3.457720860812642e-15
97.3,-3.436453550324478e-15
97.4,-3.4153386931400895e-15
97.5,-3.3943750415647244e-15
97.6,-3.3735613593795582e-15
97.7,-3.352896421724549e-15
97.8,-3.332379014982584e-15
97.9,-3.3120079366649268e-15
98.0,-3.291781995297964e-15
98.1,-3.2717000103111964e-15
98.2,-3.2517608119264934e-15
98.3,-3.231963241048587e-15
98.4,-3.2123061491567754e-15
98.5,-3.1927883981978487e-15
98.6,-3.1734088604801807e-15
98.7,-3.1541664185690304e-15
98.8,-3.1350599651829807e-15
98.9,-3.1160884030915364e-15
99.0,-3.0972506450138657e-15
99.1,-3.078545613518633e-15
99.2,-3.0599722409249736e-15
99.3,-3.0415294692045545e-15
99.4,-3.0232162498846935e-15
99.5,-3.0050315439525785e-15
99.6,-2.9869743217605187e-15
99.7,-2.9690435629322437e-15
99.8,-2.9512382562702547e-15
99.9,-2.9335573996641476e-15
100.0,-2.9159999999999985e-15
100.1,-2.8985650730706807e-15
100.2,-2.881251643487224e-15
100.3,-2.8640587445911055e-15
100.4,-2.846985418367504e-15
100.5,-2.8300307153595192e-15
100.6,-2.813193694583294e-15
100.7,-2.796473423444106e-15
100.8,-2.7798689776533354e-15
100.9,-2.763379441146345e-15
101.0,-2.7470039060012652e-15
101.1,-2.730741472358645e-15
101.2,-2.714591248341982e-15
101.3,-2.6985523499791197e-15
101.4,-2.6826239011244694e-15
101.5,-2.6668050333821095e-15
101.6,-2.651094886029689e-15
101.7,-2.6354926059431535e-15
101.8,-2.619997347522302e-15
101.9,-2.6046082726171205e-15
102.0,-2.589324550454934e-15
102.1,-2.574145357568306e-15
102.2,-2.5590698777237545e-15
102.3,-2.5440973018512003e-15
102.4,-2.5292268279741808e-15
102.5,-2.514457661140829e-15
102.6,-2.499789013355546e-15
102.7,-2.485220103511461e-15
102.8,-2.470750157323565e-15
102.9,-2.4563784072625783e-15
103.0,-2.442104092489535e-15
103.1,-2.4279264587910196e-15
103.2,-2.4138447585151485e-15
103.3,-2.399858250508195e-15
103.4,-2.3859662000518888e-15
103.5,-2.3721678788014048e-15
103.6,-2.3584625647239693e-15
103.7,-2.3448495420381593e-15
103.8,-2.3313281011538107e-15
103.9,-2.3178975386125752e-15
104.0,-2.304557157029103e-15
104.1,-2.2913062650328486e-15
104.2,-2.27814417721047e-15
104.3,-2.2650702140488782e-15
104.4,-2.252083701878821e-15
104.5,-2.2391839728191316e-15
104.6,-2.226370364721491e-15
104.7,-2.213642221115826e-15
104.8,-2.200998891156253e-15
104.9,-2.188439729567584e-15
105.0,-2.175964096592405e-15
105.1,-2.163571357938697e-15
105.2,-2.1512608847280067e-15
105.3,-2.139032053444167e-15
105.4,-2.1268842458825216e-15
105.5,-2.1148168490997213e-15
105.6,-2.1028292553640053e-15
105.7,-2.090920862106012e-15
105.8,-2.0790910718701082e-15
105.9,-2.067339292266205e-15
106.0,-2.055664935922095e-15
106.1,-2.044067420436257e-15
106.2,-2.032546168331163e-15
106.3,-2.021100607007076e-15
106.4,-2.009730168696304e-15
106.5,-1.9984342904179354e-15
106.6,-1.9872124139330465e-15
106.7,-1.976063985700352e-15
106.8,-1.96498845683234e-15
106.9,-1.953985283051819e-15
107.0,-1.943053924648949e-15
107.1,-1.932193846438687e-15
107.2,-1.921404517718674e-15
107.3,-1.910685412227565e-15
107.4,-1.90003600810376e-15
107.5,-1.8894557878445935e-15
107.6,-1.8789442382658894e-15
107.7,-1.8685008504619835e-15
107.8,-1.8581251197661076e-15
107.9,-1.8478165457112046e-15
108.0,-1.837574631991133e-15
108.1,-1.827398886422252e-15
108.2,-1.817288820905427e-15
108.3,-1.8072439513883875e-15
108.4,-1.797263797828487e-15
108.5,-1.787347884155833e-15
108.6,-1.7774957382367856e-15
108.7,-1.7677068918378332e-15
108.8,-1.7579808805898282e-15
108.9,-1.748317243952573e-15
109.0,-1.738715525179792e-15
109.1,-1.7291752712844175e-15
109.2,-1.7196960330042514e-15
109.3,-1.7102773647679668e-15
109.4,-1.7009188246614397e-15
109.5,-1.6916199743944355e-15
109.6,-1.6823803792676115e-15
109.7,-1.6731996081398606e-15
109.8,-1.6640772333959844e-15
109.9,-1.65501283091467e-15
110.0,-1.6460059800368136e-15
110.1,-1.637056263534137e-15
110.2,-1.6281632675781278e-15
110.3,-1.6193265817092875e-15
110.4,-1.6105457988066825e-15
110.5,-1.6018205150578006e-15
110.6,-1.5931503299287045e-15
110.7,-1.5845348461344808e-15
110.8,-1.5759736696099846e-15
110.9,-1.5674664094808712e-15
111.0,-1.5590126780349151e-15
111.1,-1.5506120906936119e-15
111.2,-1.5422642659840566e-15
111.3,-1.5339688255111152e-15
111.4,-1.5257253939298399e-15
111.5,-1.5175335989181956e-15
111.6,-1.5093930711500187e-15
111.7,-1.5013034442682551e-15
111.8,-1.4932643548584783e-15
111.9,-1.485275442422633e-15
112.0,-1.4773363493530671e-15
112.1,-1.4694467209067947e-15
112.2,-1.4616062051800271e-15
112.3,-1.4538144530829517e-15
112.4,-1.4460711183147381e-15
112.5,-1.4383758573388194e-15
112.6,-1.4307283293583815e-15
112.7,-1.4231281962921152e-15
112.8,-1.415575122750198e-15
112.9,-1.4080687760105005e-15
113.0,-1.400608825995036e-15
113.1,-1.393194945246629e-15
113.2,-1.385826808905819e-15
113.3,-1.378504094687981e-15
113.4,-1.371226482860668e-15
113.5,-1.3639936562211768e-15
113.6,-1.3568053000743278e-15
113.7,-1.3496611022104582e-15
113.8,-1.3425607528836317e-15
113.9,-1.3355039447900502e-15
114.0,-1.3284903730466855e-15
114.1,-1.3215197351701037e-15
114.2,-1.3145917310555006e-15
114.3,-1.3077060629559386e-15
114.4,-1.3008624354617782e-15
114.5,-1.2940605554803142e-15
114.6,-1.2873001322155946e-15
114.7,-1.2805808771484442e-15
114.8,-1.273902504016682e-15
114.9,-1.267264728795507e-15
115.0,-1.2606672696780972e-15
115.1,-1.2541098470563742e-15
115.2,-1.2475921835019583e-15
115.3,-1.2411140037473136e-15
115.4,-1.2346750346670507e-15
115.5,-1.2282750052594325e-15
115.6,-1.221913646628032e-15
115.7,-1.2155906919635844e-15
115.8,-1.209305876525998e-15
115.9,-1.2030589376265369e-15
116.0,-1.196849614610184e-15
116.1,-1.1906776488381506e-15
116.2,-1.1845427836705684e-15
116.3,-1.178444764449343e-15
116.4,-1.172383338481152e-15
116.5,-1.166358255020631e-15
116.6,-1.1603692652536926e-15
116.7,-1.154416122281016e-15
116.8,-1.1484985811016925e-15
116.9,-1.1426163985970125e-15
117.0,-1.1367693335144213e-15
117.1,-1.1309571464516087e-15
117.2,-1.1251795998407603e-15
117.3,-1.1194364579329527e-15
117.4,-1.11372748678269e-15
117.5,-1.1080524542325887e-15
117.6,-1.102411129898207e-15
117.7,-1.0968032851530092e-15
117.8,-1.0912286931134816e-15
117.9,-1.0856871286243718e-15
118.0,-1.0801783682440816e-15
118.1,-1.0747021902301816e-15
118.2,-1.0692583745250644e-15
118.3,-1.0638467027417434e-15
118.4,-1.0584669581497585e-15
118.5,-1.05311892566124e-15
118.6,-1.0478023918170752e-15
118.7,-1.0425171447732267e-15
118.8,-1.0372629742871581e-15
118.9,-1.0320396717043984e-15
119.0,-1.0268470299452217e-15
119.1,-1.0216848434914542e-15
119.2,-1.0165529083733994e-15
119.3,-1.0114510221568904e-15
119.4,-1.0063789839304492e-15
119.5,-1.0013365942925811e-15
119.6,-9.963236553391642e-16
119.7,-9.913399706509738e-16
119.8,-9.863853452813136e-16
119.9,-9.814595857437555e-16
120.0,-9.765625e-16
120.1,-9.716938974478402e-16
120.2,-9.668535889092433e-16
120.3,-9.620413866185328e-16
120.4,-9.572571042106843e-16
120.5,-9.525005567097257e-16
120.6,-9.477715605172432e-16
120.7,-9.4306993340099e-16
120.8,-9.383954944836058e-16
120.9,-9.33748064231424e-16
121.0,-9.291274644433997e-16
121.1,-9.245335182401231e-16
121.2,-9.19966050052936e-16
121.3,-9.154248856131513e-16
121.4,-9.109098519413653e-16
121.5,-9.0642077733687e-16
121.6,-9.019574913671553e-16
121.7,-8.97519824857514e-16
121.8,-8.931076098807336e-16
121.9,-8.887206797468826e-16
122.0,-8.843588689931951e-16
122.1,-8.800220133740335e-16
122.2,-8.75709949850953e-16
122.3,-8.71422516582851e-16
122.4,-8.671595529162029e-16
122.5,-8.6292089937539e-16
122.6,-8.587063976531098e-16
122.7,-8.545158906008712e-16
122.8,-8.50349222219583e-16
122.9,-8.462062376502158e-16
123.0,-8.420867831645548e-16
123.1,-8.379907061560282e-16
123.2,-8.339178551306261e-16
123.3,-8.298680796978946e-16
123.4,-8.258412305620078e-16
123.5,-8.218371595129279e-16
123.6,-8.178557194176314e-16
123.7,-8.138967642114248e-16
123.8,-8.099601488893342e-16
123.9,-8.060457294975623e-16
124.0,-8.02153363125037e-16
124.1,-7.982829078950174e-16
124.2,-7.944342229567891e-16
124.3,-7.90607168477425e-16
124.4,-7.868016056336178e-16
124.5,-7.830173966035892e-16
124.6,-7.792544045590668e-16
124.7,-7.755124936573333e-16
124.8,-7.717915290333457e-16
124.9,-7.680913767919217e-16
125.0,-7.644119039999995e-16
125.1,-7.607529786789592e-16
125.2,-7.571144697970158e-16
125.3,-7.534962472616778e-16
125.4,-7.498981819122715e-16
125.5,-7.463201455125318e-16
125.6,-7.42762010743256e-16
125.7,-7.392236511950222e-16
125.8,-7.35704941360974e-16
125.9,-7.322057566296622e-16
126.0,-7.287259732779562e-16
126.1,-7.252654684640116e-16
126.2,-7.218241202202976e-16
126.3,-7.18401807446698e-16
126.4,-7.149984099036485e-16
126.5,-7.116138082053608e-16
126.6,-7.0824788381308265e-16
126.7,-7.049005190284275e-16
126.8,-7.015715969867658e-16
126.9,-6.982610016506592e-16
127.0,-6.949686178033671e-16
127.1,-6.916943310423977e-16
127.2,-6.884380277731214e-16
127.3,-6.851995952024376e-16
127.4,-6.819789213324923e-16
127.5,-6.787758949544583e-16
127.6,-6.755904056423598e-16
127.7,-6.724223437469531e-16
127.8,-6.692716003896665e-16
127.9,-6.661380674565787e-16
128.0,-6.630216375924644e-16
128.1,-6.599222041948769e-16
128.2,-6.568396614082909e-16
128.3,-6.537739041182907e-16
128.4,-6.507248279458127e-16
128.5,-6.476923292414288e-16
128.6,-6.44676305079688e-16
128.7,-6.416766532534989e-16
128.8,-6.386932722685661e-16
128.9,-6.357260613378711e-16
129.0,-6.327749203761955e-16
129.1,-6.298397499947005e-16
129.2,-6.269204514955463e-16
129.3,-6.240169268665562e-16
129.4,-6.211290787759302e-16
129.5,-6.182568105670005e-16
129.6,-6.154000262530317e-16
129.7,-6.125586305120668e-16
129.8,-6.097325286818131e-16
129.9,-6.069216267545779e-16
130.0,-6.041258313722374e-16
130.1,-6.013450498212591e-16
130.2,-5.985791900277542e-16
130.3,-5.958281605525841e-16
130.4,-5.930918705864998e-16
130.5,-5.903702299453224e-16
130.6,-5.87663149065168e-16
130.7,-5.849705389977102e-16
130.8,-5.822923114054838e-16
130.9,-5.796283785572282e-16
131.0,-5.769786533232652e-16
131.1,-5.743430491709202e-16
131.2,-5.717214801599839e-16
131.3,-5.691138609382025e-16
131.4,-5.665201067368195e-16
131.5,-5.639401333661393e-16
131.6,-5.613738572111386e-16
131.7,-5.588211952271137e-16
131.8,-5.562820649353548e-16
131.9,-5.537563844188729e-16
132.0,-5.512440723181417e-16
132.1,-5.487450478268938e-16
132.2,-5.462592306879387e-16
132.3,-5.437865411890224e-16
132.4,-5.413269001587208e-16
132.5,-5.388802289623622e-16
132.6,-5.364464494979887e-16
132.7,-5.340254841923496e-16
132.8,-5.316172559969282e-16
132.9,-5.29221688384e-16
133.0,-5.268387053427239e-16
133.1,-5.244682313752674e-16
133.2,-5.221101914929606e-16
133.3,-5.197645112124851e-16
133.4,-5.174311165520933e-16
133.5,-5.151099340278567e-16
133.6,-5.128008906499482e-16
133.7,-5.105039139189517e-16
133.8,-5.08218931822205e-16
133.9,-5.059458728301731e-16
134.0,-5.036846658928445e-16
134.1,-5.01435240436166e-16
134.2,-4.991975263585027e-16
134.3,-4.96971454027125e-16
134.4,-4.947569542747271e-16
134.5,-4.925539583959737e-16
134.6,-4.903623981440719e-16
134.7,-4.881822057273769e-16
134.8,-4.860133138060183e-16
134.9,-4.838556554885604e-16
135.0,-4.817091643286837e-16
135.1,-4.795737743218977e-16
135.2,-4.774494199022803e-16
135.3,-4.753360359392388e-16
135.4,-4.732335577343059e-16
135.5,-4.711419210179511e-16
135.6,-4.690610619464257e-16
135.7,-4.669909170986319e-16
135.8,-4.649314234730135e-16
135.9,-4.628825184844795e-16
136.0,-4.608441399613398e-16
136.1,-4.588162261422804e-16
136.2,-4.567987156733519e-16
136.3,-4.54791547604987e-16
136.4,-4.527946613890441e-16
136.5,-4.5080799687586675e-16
136.6,-4.488314943113753e-16
136.7,-4.468650943341778e-16
136.8,-4.449087379727036e-16
136.9,-4.42962366642364e-16
137.0,-4.4102592214272853e-16
137.1,-4.390993466547318e-16
137.2,-4.3718258273789616e-16
137.3,-4.352755733275806e-16
137.4,-4.333782617322511e-16
137.5,-4.3149059163077086e-16
137.6,-4.2961250706971295e-16
137.7,-4.27743952460697e-16
137.8,-4.2588487257774154e-16
137.9,-4.240352125546449e-16
138.0,-4.221949178823792e-16
138.1,-4.2036393440651023e-16
138.2,-4.1854220832463662e-16
138.3,-4.167296861838475e-16
138.4,-4.1492631487820514e-16
138.5,-4.1313204164624e-16
138.6,-4.1134681406847217e-16
138.7,-4.0957058006495063e-16
138.8,-4.0780328789280894e-16
138.9,-4.060448861438473e-16
139.0,-4.0429532374212484e-16
139.1,-4.0255454994157624e-16
139.2,-4.0082251432364813e-16
139.3,-3.9909916679494957e-16
139.4,-3.973844575849273e-16
139.5,-3.956783372435504e-16
139.6,-3.93980756639023e-16
139.7,-3.922916669555084e-16
139.8,-3.906110196908723e-16
139.9,-3.889387666544481e-16
140.0,-3.8727485996481063e-16
140.1,-3.8561925204757657e-16
140.2,-3.839718956332176e-16
140.3,-3.823327437548909e-16
140.4,-3.807017497462883e-16
140.5,-3.7907886723949885e-16
140.6,-3.774640501628927e-16
140.7,-3.758572527390161e-16
140.8,-3.7425842948250964e-16
140.9,-3.7266753519803633e-16
141.0,-3.710845249782281e-16
141.1,-3.695093542016497e-16
141.2,-3.679419785307778e-16
141.3,-3.6638235390999215e-16
141.4,-3.648304365635899e-16
141.5,-3.632861829938071e-16
141.6,-3.6174954997886197e-16
141.7,-3.6022049457100834e-16
141.8,-3.586989740946079e-16
141.9,-3.571849461442168e-16
142.0,-3.5567836858268447e-16
142.1,-3.541791995392695e-16
142.2,-3.5268739740776933e-16
142.3,-3.5120292084466456e-16
142.4,-3.497257287672793e-16
142.5,-3.4825578035195038e-16
142.6,-3.4679303503221674e-16
142.7,-3.4533745249701985e-16
142.8,-3.438889926889167e-16
142.9,-3.42447615802311e-16
143.0,-3.410132822816927e-16
143.1,-3.395859528198939e-16
143.2,-3.3816558835635805e-16
143.3,-3.3675215007542206e-16
143.4,-3.3534559940461193e-16
143.5,-3.339458980129493e-16
143.6,-3.3255300780927415e-16
143.7,-3.311668909405785e-16
143.8,-3.297875097903524e-16
143.9,-3.2841482697694614e-16
144.0,-3.270488053519375e-16
144.1,-3.2568940799851935e-16
144.2,-3.243365982298956e-16
144.3,-3.229903395876893e-16
144.4,-3.216505958403647e-16
144.5,-3.203173309816587e-16
144.6,-3.1899050922902675e-16
144.7,-3.176700950220984e-16
144.8,-3.163560530211467e-16
144.9,-3.150483481055677e-16
145.0,-3.1374694537237225e-16
145.1,-3.124518101346866e-16
145.2,-3.1116290792027036e-16
145.3,-3.0988020447003815e-16
145.4,-3.086036657365994e-16
145.5,-3.073332578828033e-16
145.6,-3.06068947280298e-16
145.7,-3.0481070050810126e-16
145.8,-3.035584843511786e-16
145.9,-3.0231226579903683e-16
146.0,-3.010720120443221e-16
146.1,-2.9983769048143494e-16
146.2,-2.9860926870515017e-16
146.3,-2.9738671450925134e-16
146.4,-2.961699958851738e-16
146.5,-2.9495908102065647e-16
146.6,-2.937539382984051e-16
146.7,-2.925545362947677e-16
146.8,-2.9136084377841453e-16
146.9,-2.9017282970903464e-16
147.0,-2.8899046323603533e-16
147.1,-2.878137136972571e-16
147.2,-2.866425506176933e-16
147.3,-2.854769437082245e-16
147.4,-2.8431686286435757e-16
147.5,-2.8316227816497674e-16
147.6,-2.82013159871103e-16
147.7,-2.8086947842466303e-16
147.8,-2.797312044472683e-16
147.9,-2.78598308739001e-16
148.0,-2.774707622772106e-16
148.1,-2.763485362153187e-16
148.2,-2.7523160188163363e-16
148.3,-2.741199307781722e-16
148.4,-2.7301349457949265e-16
148.5,-2.71912265131533e-16
148.6,-2.7081621445045994e-16
148.7,-2.6972531472152737e-16
148.8,-2.6863953829794025e-16
148.9,-2.6755885769973022e-16
149.0,-2.664832456126364e-16
149.1,-2.654126748869969e-16
149.2,-2.6434711853664574e-16
149.3,-2.632865497378222e-16
149.4,-2.6223094182808393e-16
149.5,-2.6118026830522966e-16
149.6,-2.601345028262308e-16
149.7,-2.590936192061682e-16
149.8,-2.5805759141718017e-16
149.9,-2.5702639358741687e-16
150.0,-2.56e-16
150.1,-2.549783850919927e-16
150.2,-2.539615234533774e-16
150.3,-2.52949389826039e-16
150.4,-2.5194195910275745e-16
150.5,-2.509392063262056e-16
150.6,-2.499411066879568e-16
150.7,-2.489476355274976e-16
150.8,-2.47958768331248e-16
150.9,-2.4697448073159244e-16
151.0,-2.4599474850591033e-16
151.1,-2.4501954757562077e-16
151.2,-2.4404885400523126e-16
151.3,-2.4308264400139283e-16
151.4,-2.4212089391196356e-16
151.5,-2.4116358022507696e-16
151.6,-2.40210679568219e-16
151.7,-2.392621687073108e-16
151.8,-2.383180245457983e-16
151.9,-2.3737822412374844e-16
152.0,-2.3644274461695173e-16
152.1,-2.355115633360305e-16
152.2,-2.345846577255562e-16
152.3,-2.336620053631695e-16
152.4,-2.327435839587108e-16
152.5,-2.318293713533523e-16
152.6,-2.3091934551874017e-16
152.7,-2.3001348455614177e-16
152.8,-2.2911176669559766e-16
152.9,-2.2821417029508156e-16
153.0,-2.2732067383966513e-16
153.1,-2.2643125594068974e-16
153.2,-2.2554589533494293e-16
153.3,-2.246645708838414e-16
153.4,-2.23787261572621e-16
153.5,-2.229139465095306e-16
153.6,-2.220446049250313e-16
153.7,-2.211792161710052e-16
153.8,-2.20317759719965e-16
153.9,-2.1946021516427304e-16
154.0,-2.1860656221536293e-16
154.1,-2.1775678070296894e-16
154.2,-2.1691085057435977e-16
154.3,-2.160687518935783e-16
154.4,-2.1523046484068664e-16
154.5,-2.1439596971101545e-16
154.6,-2.1356524691442086e-16
154.7,-2.127382769745442e-16
154.8,-2.1191504052807888e-16
154.9,-2.1109551832404202e-16
155.0,-2.102796912230497e-16
155.1,-2.0946754019659957e-16
155.2,-2.086590463263575e-16
155.3,-2.0785419080344882e-16
155.4,-2.0705295492775596e-16
155.5,-2.0625532010721924e-16
155.6,-2.0546126785714387e-16
155.7,-2.0467077979951168e-16
155.8,-2.0388383766229726e-16
155.9,-2.0310042327878948e-16
156.0,-2.023205185869173e-16
156.1,-2.0154410562858026e-16
156.2,-2.0077116654898414e-16
156.3,-2.0000168359598096e-16
156.4,-1.9923563911941474e-16
156.5,-1.9847301557046888e-16
156.6,-1.9771379550102158e-16
156.7,-1.9695796156300376e-16
156.8,-1.9620549650776176e-16
156.9,-1.9545638318542582e-16
157.0,-1.9471060454428018e-16
157.1,-1.939681436301405e-16
157.2,-1.9322898358573436e-16
157.3,-1.924931076500851e-16
157.4,-1.9176049915790308e-16
157.5,-1.9103114153897667e-16
157.6,-1.9030501831757141e-16
157.7,-1.895821131118315e-16
157.8,-1.8886240963318585e-16
157.9,-1.8814589168575857e-16
158.0,-1.874325431657822e-16
158.1,-1.8672234806101714e-16
158.2,-1.8601529045017343e-16
158.3,-1.8531135450233697e-16
158.4,-1.8461052447640098e-16
158.5,-1.8391278472049875e-16
158.6,-1.832181196714425e-16
158.7,-1.8252651385416594e-16
158.8,-1.8183795188116937e-16
158.9,-1.8115241845197057e-16
159.0,-1.804698983525572e-16
159.1,-1.7979037645484464e-16
159.2,-1.7911383771613735e-16
159.3,-1.7844026717859314e-16
159.4,-1.7776964996869291e-16
159.5,-1.7710197129671075e-16
159.6,-1.764372164561914e-16
159.7,-1.7577537082342937e-16
159.8,-1.7511641985695105e-16
159.9,-1.7446034909700267e-16
160.0,-1.7380714416503903e-16
160.1,-1.731567907632176e-16
160.2,-1.725092746738955e-16
160.3,-1.7186458175913015e-16
160.4,-1.7122269796018325e-16
160.5,-1.7058360929702713e-16
160.6,-1.6994730186785686e-16
160.7,-1.693137618486027e-16
160.8,-1.6868297549244873e-16
160.9,-1.6805492912935302e-16
161.0,-1.6742960916557115e-16
161.1,-1.6680700208318354e-16
161.2,-1.6618709443962605e-16
161.3,-1.6556987286722328e-16
161.4,-1.6495532407272564e-16
161.5,-1.643434348368485e-16
161.6,-1.63734192013816e-16
161.7,-1.631275825309067e-16
161.8,-1.625235933880026e-16
161.9,-1.6192221165714215e-16
162.0,-1.6132342448207475e-16
162.1,-1.6072721907781932e-16
162.2,-1.6013358273022555e-16
162.3,-1.5954250279553813e-16
162.4,-1.589539666999645e-16
162.5,-1.583679619392439e-16
162.6,-1.5778447607822118e-16
162.7,-1.5720349675042258e-16
162.8,-1.5662501165763436e-16
162.9,-1.5604900856948464e-16
163.0,-1.5547547532302756e-16
163.1,-1.5490439982233046e-16
163.2,-1.5433577003806447e-16
163.3,-1.5376957400709639e-16
163.4,-1.5320579983208518e-16
163.5,-1.5264443568107925e-16
163.6,-1.52085469787118e-16
163.7,-1.5152889044783505e-16
163.8,-1.5097468602506463e-16
163.9,-1.5042284494445092e-16
164.0,-1.4987335569505868e-16
164.1,-1.4932620682898796e-16
164.2,-1.487813869609906e-16
164.3,-1.4823888476808934e-16
164.4,-1.4769868898920048e-16
164.5,-1.4716078842475673e-16
164.6,-1.4662517193633537e-16
164.7,-1.4609182844628677e-16
164.8,-1.4556074693736641e-16
164.9,-1.4503191645236948e-16
165.0,-1.4450532609376702e-16
165.1,-1.439809650233451e-16
165.2,-1.434588224618466e-16
165.3,-1.4293888768861473e-16
165.4,-1.4242115004124004e-16
165.5,-1.4190559891520781e-16
165.6,-1.413922237635497e-16
165.7,-1.408810140964971e-16
165.8,-1.40371959481136e-16
165.9,-1.39865049541066e-16
166.0,-1.3936027395605876e-16
166.1,-1.388576224617218e-16
166.2,-1.38357084849162e-16
166.3,-1.3785865096465292e-16
166.4,-1.373623107093039e-16
166.5,-1.368680540387307e-16
166.6,-1.36375870962729e-16
166.7,-1.358857515449502e-16
166.8,-1.3539768590257845e-16
166.9,-1.3491166420601118e-16
167.0,-1.3442767667854008e-16
167.1,-1.339457135960355e-16
167.2,-1.3346576528663236e-16
167.3,-1.3298782213041824e-16
167.4,-1.3251187455912363e-16
167.5,-1.3203791305581382e-16
167.6,-1.3156592815458295e-16
167.7,-1.3109591044025062e-16
167.8,-1.3062785054805977e-16
167.9,-1.3016173916337693e-16
168.0,-1.2969756702139413e-16
168.1,-1.2923532490683305e-16
168.2,-1.28775003653651e-16
168.3,-1.2831659414474866e-16
168.4,-1.278600873116803e-16
168.5,-1.2740547413436497e-16
168.6,-1.2695274564080016e-16
168.7,-1.2650189290677754e-16
168.8,-1.2605290705559984e-16
168.9,-1.2560577925780025e-16
169.0,-1.2516050073086331e-16
169.1,-1.2471706273894757e-16
169.2,-1.2427545659261003e-16
169.3,-1.2383567364853289e-16
169.4,-1.2339770530925143e-16
169.5,-1.2296154302288385e-16
169.6,-1.2252717828286273e-16
169.7,-1.2209460262766882e-16
169.8,-1.2166380764056574e-16
169.9,-1.2123478494933738e-16
170.0,-1.2080752622602544e-16
170.1,-1.2038202318667046e-16
170.2,-1.1995826759105338e-16
170.3,-1.1953625124243882e-16
170.4,-1.1911596598732094e-16
170.5,-1.1869740371516968e-16
170.6,-1.1828055635817925e-16
170.7,-1.1786541589101848e-16
170.8,-1.1745197433058228e-16
170.9,-1.1704022373574542e-16
171.0,-1.166301562071165e-16
171.1,-1.1622176388679499e-16
171.2,-1.1581503895812932e-16
171.3,-1.15409973645476e-16
171.4,-1.1500656021396124e-16
171.5,-1.1460479096924303e-16
171.6,-1.1420465825727557e-16
171.7,-1.1380615446407497e-16
171.8,-1.134092720154861e-16
171.9,-1.1301400337695197e-16
172.0,-1.1262034105328285e-16
172.1,-1.1222827758842836e-16
172.2,-1.1183780556525062e-16
172.3,-1.114489176052985e-16
172.4,-1.110616063685839e-16
172.5,-1.1067586455335836e-16
172.6,-1.1029168489589275e-16
172.7,-1.0990906017025672e-16
172.8,-1.0952798318810063e-16
172.9,-1.0914844679843855e-16
173.0,-1.0877044388743229e-16
173.1,-1.0839396737817735e-16
173.2,-1.0801901023049012e-16
173.3,-1.0764556544069565e-16
173.4,-1.0727362604141845e-16
173.5,-1.0690318510137259e-16
173.6,-1.0653423572515447e-16
173.7,-1.0616677105303692e-16
173.8,-1.0580078426076333e-16
173.9,-1.0543626855934514e-16
174.0,-1.0507321719485843e-16
174.1,-1.0471162344824326e-16
174.2,-1.0435148063510379e-16
174.3,-1.0399278210550948e-16
174.4,-1.0363552124379833e-16
174.5,-1.0327969146838005e-16
174.6,-1.029252862315415e-16
174.7,-1.0257229901925325e-16
174.8,-1.0222072335097676e-16
174.9,-1.0187055277947369e-16
175.0,-1.0152178089061527e-16
175.1,-1.0117440130319401e-16
175.2,-1.008284076687358e-16
175.3,-1.0048379367131322e-16
175.4,-1.0014055302736097e-16
175.5,-9.979867948549108e-17
175.6,-9.945816682630997e-17
175.7,-9.911900886223697e-17
175.8,-9.878119943732326e-17
175.9,-9.844473242707277e-17
176.0,-9.810960173826304e-17
176.1,-9.777580130876849e-17
176.2,-9.744332510738374e-17
176.3,-9.711216713364886e-17
176.4,-9.678232141767521e-17
176.5,-9.645378201997216e-17
176.6,-9.61265430312756e-17
176.7,-9.580059857237696e-17
176.8,-9.547594279395345e-17
176.9,-9.515256987639952e-17
177.0,-9.483047402965879e-17
177.1,-9.450964949305787e-17
177.2,-9.419009053514069e-17
177.3,-9.387179145350355e-17
177.4,-9.35547465746324e-17
177.5,-9.323895025373926e-17
177.6,-9.292439687460167e-17
177.7,-9.261108084940138e-17
177.8,-9.229899661856542e-17
177.9,-9.198813865060744e-17
178.0,-9.167850144196971e-17
178.1,-9.137007951686691e-17
178.2,-9.10628674271306e-17
178.3,-9.075685975205405e-17
178.4,-9.045205109823922e-17
178.5,-9.014843609944338e-17
178.6,-8.984600941642751e-17
178.7,-8.954476573680548e-17
178.8,-8.924469977489375e-17
178.9,-8.894580627156298e-17
179.0,-8.864807999408914e-17
179.1,-8.835151573600661e-17
179.2,-8.805610831696202e-17
179.3,-8.776185258256841e-17
179.4,-8.746874340426131e-17
179.5,-8.717677567915433e-17
179.6,-8.688594432989696e-17
179.7,-8.659624430453238e-17
179.8,-8.630767057635647e-17
179.9,-8.60202181437779e-17
180.0,-8.573388203017829e-17
180.1,-8.544865728377426e-17
180.2,-8.516453897747938e-17
180.3,-8.488152220876756e-17
180.4,-8.459960209953742e-17
180.5,-8.431877379597663e-17
180.6,-8.403903246842776e-17
180.7,-8.376037331125494e-17
180.8,-8.348279154271097e-17
180.9,-8.320628240480596e-17
181.0,-8.293084116317552e-17
181.1,-8.26564631069508e-17
181.2,-8.238314354862931e-17
181.3,-8.211087782394566e-17
181.4,-8.183966129174414e-17
181.5,-8.156948933385133e-17
181.6,-8.130035735494958e-17
181.7,-8.103226078245161e-17
181.8,-8.076519506637569e-17
181.9,-8.049915567922145e-17
182.0,-8.023413811584642e-17
182.1,-7.997013789334352e-17
182.2,-7.970715055091921e-17
182.3,-7.944517164977234e-17
182.4,-7.918419677297388e-17
182.5,-7.892422152534678e-17
182.6,-7.866524153334761e-17
182.7,-7.84072524449478e-17
182.8,-7.815024992951649e-17
182.9,-7.789422967770344e-17
183.0,-7.763918740132308e-17
183.1,-7.738511883323888e-17
183.2,-7.713201972724887e-17
183.3,-7.687988585797116e-17
183.4,-7.66287130207313e-17
183.5,-7.63784970314487e-17
183.6,-7.612923372652539e-17
183.7,-7.588091896273403e-17
183.8,-7.563354861710774e-17
183.9,-7.538711858682988e-17
184.0,-7.514162478912459e-17
184.1,-7.48970631611482e-17
184.2,-7.465342965988116e-17
184.3,-7.441072026202049e-17
184.4,-7.416893096387331e-17
184.5,-7.392805778125036e-17
184.6,-7.368809674936066e-17
184.7,-7.344904392270657e-17
184.8,-7.321089537497952e-17
184.9,-7.297364719895654e-17
185.0,-7.273729550639705e-17
185.1,-7.250183642794037e-17
185.2,-7.226726611300415e-17
185.3,-7.203358072968296e-17
185.4,-7.180077646464797e-17
185.5,-7.15688495230466e-17
185.6,-7.13377961284032e-17
185.7,-7.110761252252047e-17
185.8,-7.087829496538079e-17
185.9,-7.064983973504912e-17
186.0,-7.042224312757527e-17
186.1,-7.019550145689785e-17
186.2,-6.99696110547482e-17
186.3,-6.974456827055485e-17
186.4,-6.952036947134919e-17
186.5,-6.929701104167043e-17
186.6,-6.907448938347267e-17
186.7,-6.885280091603125e-17
186.8,-6.863194207585035e-17
186.9,-6.841190931657106e-17
187.0,-6.819269910887941e-17
187.1,-6.797430794041588e-17
187.2,-6.775673231568465e-17
187.3,-6.753996875596391e-17
187.4,-6.73240137992163e-17
187.5,-6.710886399999997e-17
187.6,-6.689451592938055e-17
187.7,-6.668096617484302e-17
187.8,-6.646821134020441e-17
187.9,-6.625624804552732e-17
188.0,-6.604507292703326e-17
188.1,-6.5834682637017e-17
188.2,-6.562507384376128e-17
188.3,-6.541624323145188e-17
188.4,-6.52081875000938e-17
188.5,-6.500090336542675e-17
188.6,-6.47943875588423e-17
188.7,-6.458863682730093e-17
188.8,-6.438364793324959e-17
188.9,-6.41794176545401e-17
189.0,-6.397594278434736e-17
189.1,-6.37732201310887e-17
189.2,-6.357124651834334e-17
189.3,-6.337001878477238e-17
189.4,-6.31695337840394e-17
189.5,-6.296978838473116e-17
189.6,-6.277077947027921e-17
189.7,-6.257250393888165e-17
189.8,-6.237495870342539e-17
189.9,-6.217814069140915e-17
190.0,-6.198204684486618e-17
190.1,-6.178667412028836e-17
190.2,-6.159201948855008e-17
190.3,-6.139807993483274e-17
190.4,-6.120485245854985e-17
190.5,-6.101233407327228e-17
190.6,-6.082052180665406e-17
190.7,-6.062941270035872e-17
190.8,-6.043900380998595e-17
190.9,-6.024929220499876e-17
191.0,-6.006027496865074e-17
191.1,-5.987194919791433e-17
191.2,-5.968431200340875e-17
191.3,-5.949736050932921e-17
191.4,-5.931109185337588e-17
191.5,-5.912550318668321e-17
191.6,-5.894059167375041e-17
191.7,-5.875635449237127e-17
191.8,-5.857278883356538e-17
191.9,-5.838989190150922e-17
192.0,-5.820766091346738e-17
192.1,-5.802609309972501e-17
192.2,-5.784518570351975e-17
192.3,-5.766493598097475e-17
192.4,-5.748534120103166e-17
192.5,-5.73063986453841e-17
192.6,-5.712810560841156e-17
192.7,-5.695045939711375e-17
192.8,-5.677345733104503e-17
192.9,-5.659709674224968e-17
193.0,-5.642137497519696e-17
193.1,-5.62462893867171e-17
193.2,-5.60718373459373e-17
193.3,-5.589801623421809e-17
193.4,-5.572482344509046e-17
193.5,-5.555225638419274e-17
193.6,-5.538031246920828e-17
193.7,-5.5208989129803294e-17
193.8,-5.5038283807565107e-17
193.9,-5.4868193955940956e-17
194.0,-5.4698717040176636e-17
194.1,-5.45298505372559e-17
194.2,-5.436159193584016e-17
194.3,-5.419393873620839e-17
194.4,-5.402688845019758e-17
194.5,-5.38604386011431e-17
194.6,-5.369458672382001e-17
194.7,-5.352933036438419e-17
194.8,-5.336466708031394e-17
194.9,-5.320059444035226e-17
195.0,-5.303711002444886e-17
195.1,-5.2874211423702817e-17
195.2,-5.271189624030564e-17
195.3,-5.255016208748456e-17
195.4,-5.238900658944612e-17
195.5,-5.2228427381319864e-17
195.6,-5.206842210910292e-17
195.7,-5.190898842960421e-17
195.8,-5.1750124010389524e-17
195.9,-5.1591826529726633e-17
196.0,-5.143409367653073e-17
196.1,-5.127692315031014e-17
196.2,-5.112031266111249e-17
196.3,-5.0964259929471025e-17
196.4,-5.0808762686351503e-17
196.5,-5.065381867309872e-17
196.6,-5.0499425641384215e-17
196.7,-5.034558135315366e-17
196.8,-5.019228358057466e-17
196.9,-5.0039530105985114e-17
197.0,-4.988731872184142e-17
197.1,-4.973564723066729e-17
197.2,-4.958451344500286e-17
197.3,-4.9433915187353806e-17
197.4,-4.9283850290141136e-17
197.5,-4.9134316595650816e-17
197.6,-4.898531195598411e-17
197.7,-4.883683423300789e-17
197.8,-4.8688881298305294e-17
197.9,-4.8541451033126883e-17
198.0,-4.839454132834169e-17
198.1,-4.8248150084388643e-17
198.2,-4.810227521122868e-17
198.3,-4.7956914628296366e-17
198.4,-4.781206626445275e-17
198.5,-4.76677280579373e-17
198.6,-4.75238979563212e-17
198.7,-4.7380573916460276e-17
198.8,-4.7237753904448373e-17
198.9,-4.709543589557097e-17
199.0,-4.6953617874259075e-17
199.1,-4.681229783404327e-17
199.2,-4.667147377750814e-17
199.3,-4.653114371624687e-17
199.4,-4.6391305670816345e-17
199.5,-4.625195767069183e-17
199.6,-4.611309775422277e-17
199.7,-4.597472396858812e-17
199.8,-4.5836834369752336e-17
199.9,-4.5699427022421667e-17
200.0,-4.556250000000001e-17
200.1,-4.5426051384545936e-17
200.2,-4.5290079266729417e-17
200.3,-4.515458174578871e-17
200.4,-4.5019556929487907e-17
200.5,-4.488500293407428e-17
200.6,-4.4750917884236054e-17
200.7,-4.46172999130606e-17
200.8,-4.448414716199228e-17
200.9,-4.4351457780791426e-17
201.0,-4.421922992749252e-17
201.1,-4.4087461768363305e-17
201.2,-4.3956151477864e-17
201.3,-4.3825297238606524e-17
201.4,-4.369489724131419e-17
201.5,-4.3564949684781334e-17
201.6,-4.3435452775833396e-17
201.7,-4.33064047292873e-17
201.8,-4.3177803767911673e-17
201.9,-4.304964812238767e-17
202.0,-4.29219360312698e-17
202.1,-4.279466574094695e-17
202.2,-4.2667835505603856e-17
202.3,-4.254144358718237e-17
202.4,-4.24154882553435e-17
202.5,-4.228996778742901e-17
202.6,-4.2164880468423775e-17
202.7,-4.2040224590918025e-17
202.8,-4.1915998455069866e-17
202.9,-4.179220036856822e-17
203.0,-4.166882864659549e-17
203.1,-4.154588161179094e-17
203.2,-4.1423357594213913e-17
203.3,-4.1301254931307376e-17
203.4,-4.11795719678618e-17
203.5,-4.1058307055978914e-17
203.6,-4.093745855503599e-17
203.7,-4.081702483165008e-17
203.8,-4.069700425964253e-17
203.9,-4.057739522000386e-17
204.0,-4.045819610085837e-17
204.1,-4.033940529742945e-17
204.2,-4.022102121200481e-17
204.3,-4.0103042253901925e-17
204.4,-3.998546683943369e-17
204.5,-3.9868293391874233e-17
204.6,-3.975152034142503e-17
204.7,-3.96351461251809e-17
204.8,-3.95191691870966e-17
204.9,-3.940358797795336e-17
205.0,-3.9288400955325475e-17
205.1,-3.917360658354729e-17
205.2,-3.9059203333680434e-17
205.3,-3.8945189683480896e-17
205.4,-3.8831564117366604e-17
205.5,-3.871832512638496e-17
205.6,-3.860547120818073e-17
205.7,-3.849300086696389e-17
205.8,-3.838091261347781e-17
205.9,-3.826920496496777e-17
206.0,-3.815787644514901e-17
206.1,-3.804692558417571e-17
206.2,-3.7936350918609706e-17
206.3,-3.782615099138945e-17
206.4,-3.771632435179922e-17
206.5,-3.7606869555438286e-17
206.6,-3.749778516419057e-17
206.7,-3.738906974619406e-17
206.8,-3.728072187581079e-17
206.9,-3.7172740133596764e-17
207.0,-3.7065123106271974e-17
207.1,-3.69578693866907e-17
207.2,-3.6850977573812045e-17
207.3,-3.67444462726704e-17
207.4,-3.663827409434626e-17
207.5,-3.653245965593709e-17
207.6,-3.642700158052831e-17
207.7,-3.6321898497164707e-17
207.8,-3.6217149040821506e-17
207.9,-3.611275185237616e-17
208.0,-3.6008705578579755e-17
208.1,-3.590500887202906e-17
208.2,-3.580166039113828e-17
208.3,-3.569865880011118e-17
208.4,-3.559600276891361e-17
208.5,-3.549369097324554e-17
208.6,-3.539172209451374e-17
208.7,-3.529009481980454e-17
208.8,-3.51888078418566e-17
208.9,-3.508785985903397e-17
209.0,-3.498724957529895e-17
209.1,-3.488697570018568e-17
209.2,-3.4787036948773314e-17
209.3,-3.4687432041659626e-17
209.4,-3.4588159704934797e-17
209.5,-3.448921867015498e-17
209.6,-3.439060767431647e-17
209.7,-3.4292325459829714e-17
209.8,-3.419437077449352e-17
209.9,-3.4096742371469466e-17
210.0,-3.3999439009256345e-17
210.1,-3.390245945166482e-17
210.2,-3.380580246779216e-17
210.3,-3.370946683199713e-17
210.4,-3.361345132387512e-17
210.5,-3.351775472823312e-17
210.6,-3.342237583506513e-17
210.7,-3.3327313439527453e-17
210.8,-3.323256634191442e-17
210.9,-3.3138133347633894e-17
211.0,-3.3044013267183163e-17
211.1,-3.2950204916124775e-17
211.2,-3.28567071150626e-17
211.3,-3.2763518689618074e-17
211.4,-3.2670638470406456e-17
211.5,-3.257806529301315e-17
211.6,-3.248579799797046e-17
211.7,-3.239383543073395e-17
211.8,-3.230217644165947e-17
211.9,-3.221081988598005e-17
212.0,-3.2119764623782753e-17
212.1,-3.2029009519985953e-17
212.2,-3.193855344431653e-17
212.3,-3.184839527128726e-17
212.4,-3.175853388017444e-17
212.5,-3.166896815499521e-17
212.6,-3.157969698448558e-17
212.7,-3.149071926207808e-17
212.8,-3.140203388587977e-17
212.9,-3.1313639758650343e-17
213.0,-3.122553578778026e-17
213.1,-3.113772088526909e-17
213.2,-3.105019396770387e-17
213.3,-3.0962953956237595e-17
213.4,-3.087599977656801e-17
213.5,-3.078933035891618e-17
213.6,-3.0702944638005324e-17
213.7,-3.061684155303995e-17
213.8,-3.0531020047684683e-17
213.9,-3.0445479070043724e-17
214.0,-3.036021757263984e-17
214.1,-3.0275234512393966e-17
214.2,-3.01905288506045e-17
214.3,-3.010609955292709e-17
214.4,-3.002194558935429e-17
214.5,-2.993806593419525e-17
214.6,-2.985445956605571e-17
214.7,-2.9771125467818037e-17
214.8,-2.9688062626621265e-17
214.9,-2.9605270033841446e-17
215.0,-2.9522746685071786e-17
215.1,-2.944049158010312e-17
215.2,-2.9358503722904534e-17
215.3,-2.927678212160387e-17
215.4,-2.9195325788468505e-17
215.5,-2.9114133739886047e-17
215.6,-2.9033204996345444e-17
215.7,-2.89525385824178e-17
215.8,-2.8872133526737584e-17
215.9,-2.879198886198387e-17
216.0,-2.8712103624861465e-17
216.1,-2.863247685608247e-17
216.2,-2.85531076003477e-17
216.3,-2.847399490632827e-17
216.4,-2.839513782664731e-17
216.5,-2.831653541786159e-17
216.6,-2.823818674044357e-17
216.7,-2.816009085876323e-17
216.8,-2.808224684107012e-17
216.9,-2.8004653759475587e-17
217.0,-2.79273106899349e-17
217.1,-2.785021671222957e-17
217.2,-2.777337090994979e-17
217.3,-2.7696772370476947e-17
217.4,-2.7620420184966156e-17
217.5,-2.7544313448328958e-17
217.6,-2.7468451259216078e-17
217.7,-2.7392832720000175e-17
217.8,-2.7317456936758966e-17
217.9,-2.7242323019258108e-17
218.0,-2.7167430080934263e-17
218.1,-2.709277723887843e-17
218.2,-2.7018363613819036e-17
218.3,-2.6944188330105485e-17
218.4,-2.687025051569144e-17
218.5,-2.6796549302118455e-17
218.6,-2.6723083824499493e-17
218.7,-2.664985322150268e-17
218.8,-2.6576856635335007e-17
218.9,-2.6504093211726307e-17
219.0,-2.6431562099913067e-17
219.1,-2.635926245262243e-17
219.2,-2.6287193426056443e-17
219.3,-2.6215354179876006e-17
219.4,-2.6143743877185334e-17
219.5,-2.607236168451618e-17
219.6,-2.6001206771812268e-17
219.7,-2.5930278312413724e-17
219.8,-2.5859575483041727e-17
219.9,-2.5789097463783172e-17
220.0,-2.5718843438075222e-17
220.1,-2.564881259269033e-17
220.2,-2.55790041177209e-17
220.3,-2.5509417206564396e-17
220.4,-2.5440051055908256e-17
220.5,-2.5370904865715046e-17
220.6,-2.5301977839207626e-17
220.7,-2.523326918285436e-17
220.8,-2.5164778106354423e-17
220.9,-2.5096503822623297e-17
221.0,-2.5028445547778144e-17
221.1,-2.49606025011233e-17
221.2,-2.4892973905136018e-17
221.3,-2.4825558985451992e-17
221.4,-2.4758356970851272e-17
221.5,-2.469136709324392e-17
221.6,-2.4624588587656018e-17
221.7,-2.4558020692215612e-17
221.8,-2.4491662648138622e-17
221.9,-2.4425513699715178e-17
222.0,-2.4359573094295558e-17
222.1,-2.4293840082276548e-17
222.2,-2.4228313917087694e-17
222.3,-2.4162993855177704e-17
222.4,-2.4097879156000894e-17
222.5,-2.40329690820037e-17
222.6,-2.3968262898611184e-17
222.7,-2.3903759874213736e-17
222.8,-2.3839459280153757e-17
222.9,-2.377536039071253e-17
223.0,-2.3711462483096815e-17
223.1,-2.3647764837426046e-17
223.2,-2.358426673671905e-17
223.3,-2.3520967466881184e-17
223.4,-2.3457866316691495e-17
223.5,-2.3394962577789762e-17
223.6,-2.3332255544663733e-17
223.7,-2.3269744514636497e-17
223.8,-2.320742878785365e-17
223.9,-2.3145307667270998e-17
224.0,-2.3083380458641683e-17
224.1,-2.3021646470503946e-17
224.2,-2.2960105014168676e-17
224.3,-2.2898755403706932e-17
224.4,-2.2837596955937933e-17
224.5,-2.2776628990416504e-17
224.6,-2.271585082942113e-17
224.7,-2.2655261797941756e-17
224.8,-2.2594861223667793e-17
224.9,-2.2534648436976117e-17
225.0,-2.2474622770919063e-17
225.1,-2.241478356121264e-17
225.2,-2.235513014622472e-17
225.3,-2.229566186696316e-17
225.4,-2.223637806706431e-17
225.5,-2.2177278092781156e-17
225.6,-2.2118361292971853e-17
225.7,-2.2059627019088203e-17
225.8,-2.200107462516408e-17
225.9,-2.1942703467804158e-17
226.0,-2.1884512906172442e-17
226.1,-2.1826502301980973e-17
226.2,-2.1768671019478585e-17
226.3,-2.171101842543976e-17
226.4,-2.1653543889153428e-17
226.5,-2.159624678241188e-17
226.6,-2.1539126479499708e-17
226.7,-2.1482182357182947e-17
226.8,-2.1425413794697944e-17
226.9,-2.1368820173740703e-17
227.0,-2.1312400878455894e-17
227.1,-2.1256155295426164e-17
227.2,-2.1200082813661378e-17
227.3,-2.1144182824587995e-17
227.4,-2.1088454722038415e-17
227.5,-2.1032897902240446e-17
227.6,-2.097751176380675e-17
227.7,-2.092229570772442e-17
227.8,-2.086724913734454e-17
227.9,-2.081237145837186e-17
228.0,-2.0757662078854467e-17
228.1,-2.0703120409173475e-17
228.2,-2.0648745862032877e-17
228.3,-2.0594537852449345e-17
228.4,-2.0540495797742204e-17
228.5,-2.0486619117523174e-17
228.6,-2.0432907233686546e-17
228.7,-2.0379359570399132e-17
228.8,-2.032597555409029e-17
228.9,-2.0272754613442226e-17
229.0,-2.0219696179379916e-17
229.1,-2.016679968506154e-17
229.2,-2.011406456586867e-17
229.3,-2.006149025939651e-17
229.4,-2.0009076205444446e-17
229.5,-1.9956821846006262e-17
229.6,-1.990472662526066e-17
229.7,-1.9852789989561815e-17
229.8,-1.9801011387429802e-17
229.9,-1.974939026954134e-17
230.0,-1.9697926088720274e-17
230.1,-1.9646618299928335e-17
230.2,-1.9595466360255853e-17
230.3,-1.9544469728912478e-17
230.4,-1.9493627867218105e-17
230.5,-1.9442940238593608e-17
230.6,-1.939240630855178e-17
230.7,-1.93420255446883e-17
230.8,-1.9291797416672673e-17
230.9,-1.9241721396239346e-17
231.0,-1.919179695717864e-17
231.1,-1.9142023575327985e-17
231.2,-1.9092400728563005e-17
231.3,-1.904292789678878e-17
231.4,-1.8993604561931013e-17
231.5,-1.8944430207927363e-17
231.6,-1.8895404320718726e-17
231.7,-1.8846526388240633e-17
231.8,-1.8797795900414645e-17
231.9,-1.8749212349139815e-17
232.0,-1.870077522828413e-17
232.1,-1.8652484033676047e-17
232.2,-1.860433826309611e-17
232.3,-1.8556337416268458e-17
232.4,-1.8508480994852638e-17
232.5,-1.846076850243509e-17
232.6,-1.841319944452099e-17
232.7,-1.8365773328525975e-17
232.8,-1.8318489663768006e-17
232.9,-1.8271347961459107e-17
233.0,-1.8224347734697367e-17
233.1,-1.817748849845869e-17
233.2,-1.8130769769588954e-17
233.3,-1.8084191066795803e-17
233.4,-1.803775191064088e-17
233.5,-1.7991451823531724e-17
233.6,-1.794529032971395e-17
233.7,-1.789926695526341e-17
233.8,-1.7853381228078327e-17
233.9,-1.7807632677871563e-17
234.0,-1.776202083616284e-17
234.1,-1.7716545236271e-17
234.2,-1.767120541330639e-17
234.3,-1.7626000904163205e-17
234.4,-1.7580931247511886e-17
234.5,-1.753599598379153e-17
234.6,-1.749119465520239e-17
234.7,-1.7446526805698377e-17
234.8,-1.740199198097954e-17
234.9,-1.735758972848474e-17
235.0,-1.7313319597384205e-17
235.1,-1.7269181138572153e-17
235.2,-1.722517390465949e-17
235.3,-1.7181297449966525e-17
235.4,-1.7137551330515775e-17
235.5,-1.7093935104024593e-17
235.6,-1.7050448329898156e-17
235.7,-1.700709056922215e-17
235.8,-1.6963861384755812e-17
235.9,-1.6920760340924718e-17
236.0,-1.687778700381378e-17
236.1,-1.6834940941160227e-17
236.2,-1.679222172234659e-17
236.3,-1.674962891839376e-17
236.4,-1.6707162101954134e-17
236.5,-1.6664820847304593e-17
236.6,-1.6622604730339744e-17
236.7,-1.658051332856502e-17
236.8,-1.653854622108998e-17
236.9,-1.649670298862146e-17
237.0,-1.6454983213456878e-17
237.1,-1.641338647947749e-17
237.2,-1.6371912372141803e-17
237.3,-1.6330560478478858e-17
237.4,-1.628933038708167e-17
237.5,-1.6248221688100602e-17
237.6,-1.620723397323685e-17
237.7,-1.6166366835735953e-17
237.8,-1.612561987038123e-17
237.9,-1.6084992673487407e-17
238.0,-1.6044484842894093e-17
238.1,-1.6004095977959514e-17
238.2,-1.5963825679553975e-17
238.3,-1.592367355005369e-17
238.4,-1.5883639193334368e-17
238.5,-1.5843722214764962e-17
238.6,-1.5803922221201415e-17
238.7,-1.5764238820980426e-17
238.8,-1.572467162391327e-17
238.9,-1.5685220241279687e-17
239.0,-1.5645884285821583e-17
239.1,-1.5606663371737097e-17
239.2,-1.5567557114674443e-17
239.3,-1.5528565131725814e-17
239.4,-1.548968704142147e-17
239.5,-1.545092246372362e-17
239.6,-1.5412271020020528e-17
239.7,-1.5373732333120547e-17
239.8,-1.5335306027246182e-17
239.9,-1.529699172802826e-17
240.0,-1.5258789062500003e-17
240.1,-1.5220697659091207e-17
240.2,-1.5182717147622507e-17
240.3,-1.5144847159299453e-17
240.4,-1.510708732670693e-17
240.5,-1.5069437283803237e-17
240.6,-1.503189666591458e-17
240.7,-1.4994465109729225e-17
240.8,-1.4957142253291946e-17
240.9,-1.4919927735998403e-17
241.0,-1.4882821198589468e-17
241.1,-1.484582228314575e-17
241.2,-1.4808930633081928e-17
241.3,-1.4772145893141362e-17
241.4,-1.473546770939047e-17
241.5,-1.4698895729213384e-17
241.6,-1.4662429601306343e-17
241.7,-1.4626068975672412e-17
241.8,-1.4589813503616004e-17
241.9,-1.455366283773756e-17
242.0,-1.4517616631928123e-17
242.1,-1.4481674541364122e-17
242.2,-1.4445836222501927e-17
242.3,-1.4410101333072714e-17
242.4,-1.437446953207713e-17
242.5,-1.4338940479780062e-17
242.6,-1.4303513837705492e-17
242.7,-1.4268189268631245e-17
242.8,-1.4232966436583835e-17
242.9,-1.4197845006833435e-17
243.0,-1.4162824645888596e-17
243.1,-1.41279050214913e-17
243.2,-1.4093085802611805e-17
243.3,-1.4058366659443655e-17
243.4,-1.402374726339866e-17
243.5,-1.398922728710182e-17
243.6,-1.3954806404386465e-17
243.7,-1.39204842902892e-17
243.8,-1.3886260621045044e-17
243.9,-1.3852135074082507e-17
244.0,-1.3818107328018677e-17
244.1,-1.3784177062654373e-17
244.2,-1.3750343958969277e-17
244.3,-1.3716607699117185e-17
244.4,-1.3682967966421144e-17
244.5,-1.3649424445368665e-17
244.6,-1.361597682160705e-17
244.7,-1.3582624781938529e-17
244.8,-1.3549368014315673e-17
244.9,-1.3516206207836623e-17
245.0,-1.3483139052740471e-17
245.1,-1.3450166240402539e-17
245.2,-1.3417287463329843e-17
245.3,-1.3384502415156365e-17
245.4,-1.3351810790638615e-17
245.5,-1.3319212285650923e-17
245.6,-1.3286706597180987e-17
245.7,-1.3254293423325299e-17
245.8,-1.3221972463284624e-17
245.9,-1.3189743417359606e-17
246.0,-1.3157605986946172e-17
246.1,-1.3125559874531174e-17
246.2,-1.3093604783687944e-17
246.3,-1.3061740419071867e-17
246.4,-1.3029966486416036e-17
246.5,-1.299828269252683e-17
246.6,-1.2966688745279607e-17
246.7,-1.2935184353614355e-17
246.8,-1.2903769227531375e-17
246.9,-1.2872443078087051e-17
247.0,-1.2841205617389501e-17
247.1,-1.281005655859433e-17
247.2,-1.2778995615900494e-17
247.3,-1.2748022504545932e-17
247.4,-1.2717136940803516e-17
247.5,-1.2686338641976803e-17
247.6,-1.265562732639585e-17
247.7,-1.2625002713413143e-17
247.8,-1.2594464523399414e-17
247.9,-1.2564012477739605e-17
248.0,-1.2533646298828706e-17
248.1,-1.2503365710067716e-17
248.2,-1.247317043585965e-17
248.3,-1.24430602016054e-17
248.4,-1.2413034733699833e-17
248.5,-1.2383093759527717e-17
248.6,-1.235323700745977e-17
248.7,-1.2323464206848706e-17
248.8,-1.2293775088025281e-17
248.9,-1.2264169382294382e-17
249.0,-1.2234646821931084e-17
249.1,-1.220520714017681e-17
249.2,-1.2175850071235421e-17
249.3,-1.2146575350269353e-17
249.4,-1.2117382713395836e-17
249.5,-1.2088271897682969e-17
249.6,-1.205924264114603e-17
249.7,-1.203029468274358e-17
249.8,-1.2001427762373778e-17
249.9,-1.1972641620870579e-17
250.0,-1.1943935999999993e-17
250.1,-1.1915310642456388e-17
250.2,-1.1886765291858739e-17
250.3,-1.1858299692746998e-17
250.4,-1.1829913590578374e-17
250.5,-1.1801606731723683e-17
250.6,-1.1773378863463718e-17
250.7,-1.1745229733985611e-17
250.8,-1.1717159092379243e-17
250.9,-1.1689166688633616e-17
251.0,-1.1661252273633312e-17
251.1,-1.163341559915489e-17
251.2,-1.1605656417863376e-17
251.3,-1.15779744833087e-17
251.4,-1.1550369549922223e-17
251.5,-1.1522841373013176e-17
251.6,-1.149538970876522e-17
251.7,-1.1468014314232957e-17
251.8,-1.1440714947338473e-17
251.9,-1.1413491366867924e-17
252.0,-1.1386343332468068e-17
252.1,-1.135927060464289e-17
252.2,-1.1332272944750182e-17
252.3,-1.1305350114998158e-17
252.4,-1.1278501878442152e-17
252.5,-1.1251727998981188e-17
252.6,-1.1225028241354658e-17
252.7,-1.1198402371139026e-17
252.8,-1.117185015474451e-17
252.9,-1.1145371359411807e-17
253.0,-1.1118965753208764e-17
253.1,-1.1092633105027152e-17
253.2,-1.1066373184579418e-17
253.3,-1.1040185762395391e-17
253.4,-1.101407060981918e-17
253.5,-1.0988027499005838e-17
253.6,-1.0962056202918217e-17
253.7,-1.0936156495323806e-17
253.8,-1.0910328150791552e-17
253.9,-1.0884570944688688e-17
254.0,-1.0858884653177612e-17
254.1,-1.083326905321275e-17
254.2,-1.0807723922537465e-17
254.3,-1.078224903968092e-17
254.4,-1.0756844183955023e-17
254.5,-1.0731509135451356e-17
254.6,-1.070624367503809e-17
254.7,-1.0681047584356942e-17
254.8,-1.0655920645820193e-17
254.9,-1.0630862642607595e-17
255.0,-1.0605873358663412e-17
255.1,-1.0580952578693408e-17
255.2,-1.0556100088161873e-17
255.3,-1.0531315673288634e-17
255.4,-1.0506599121046143e-17
255.5,-1.0481950219156506e-17
255.6,-1.045736875608854e-17
255.7,-1.043285452105487e-17
255.8,-1.0408407304009044e-17
255.9,-1.0384026895642614e-17
256.0,-1.0359713087382258e-17
256.1,-1.0335465671386917e-17
256.2,-1.0311284440544953e-17
256.3,-1.0287169188471272e-17
256.4,-1.0263119709504546e-17
256.5,-1.0239135798704328e-17
256.6,-1.0215217251848294e-17
256.7,-1.0191363865429465e-17
256.8,-1.0167575436653325e-17
256.9,-1.0143851763435189e-17
257.0,-1.0120192644397327e-17
257.1,-1.0096597878866282e-17
257.2,-1.0073067266870127e-17
257.3,-1.0049600609135681e-17
257.4,-1.0026197707085921e-17
257.5,-1.0002858362837132e-17
257.6,-9.979582379196347e-18
257.7,-9.956369559658596e-18
257.8,-9.933219708404238e-18
257.9,-9.910132630296351e-18
258.0,-9.887108130878056e-18
258.1,-9.864146016369884e-18
258.2,-9.841246093667196e-18
258.3,-9.818408170337503e-18
258.4,-9.795632054617913e-18
258.5,-9.772917555412545e-18
258.6,-9.750264482289943e-18
258.7,-9.7276726454805e-18
258.8,-9.705141855873911e-18
258.9,-9.682671925016648e-18
259.0,-9.660262665109384e-18
259.1,-9.637913889004514e-18
259.2,-9.615625410203622e-18
259.3,-9.593397042854969e-18
259.4,-9.571228601751045e-18
259.5,-9.54911990232601e-18
259.6,-9.527070760653332e-18
259.7,-9.505080993443232e-18
259.8,-9.483150418040282e-18
259.9,-9.46127885242096e-18
260.0,-9.439466115191211e-18
260.1,-9.417712025584057e-18
260.2,-9.396016403457175e-18
260.3,-9.374379069290438e-18
260.4,-9.352799844183661e-18
260.5,-9.331278549854097e-18
260.6,-9.309815008634129e-18
260.7,-9.288409043468939e-18
260.8,-9.267060477914062e-18
260.9,-9.245769136133175e-18
261.0,-9.224534842895664e-18
261.1,-9.203357423574362e-18
261.2,-9.182236704143251e-18
261.3,-9.161172511175078e-18
261.4,-9.140164671839224e-18
261.5,-9.119213013899231e-18
261.6,-9.098317365710686e-18
261.7,-9.077477556218919e-18
261.8,-9.056693414956693e-18
261.9,-9.035964772042054e-18
262.0,-9.01529145817602e-18
262.1,-8.994673304640409e-18
262.2,-8.97411014329563e-18
262.3,-8.953601806578426e-18
262.4,-8.93314812749975e-18
262.5,-8.912748939642489e-18
262.6,-8.892404077159416e-18
262.7,-8.872113374770904e-18
262.8,-8.851876667762807e-18
262.9,-8.831693791984347e-18
263.0,-8.811564583845928e-18
263.1,-8.79148888031701e-18
263.2,-8.771466518924043e-18
263.3,-8.751497337748259e-18
263.4,-8.731581175423653e-18
263.5,-8.711717871134812e-18
263.6,-8.69190726461492e-18
263.7,-8.672149196143609e-18
263.8,-8.65244350654489e-18
263.9,-8.632790037185132e-18
264.0,-8.613188629970966e-18
264.1,-8.593639127347293e-18
264.2,-8.574141372295217e-18
264.3,-8.554695208329986e-18
264.4,-8.535300479499044e-18
264.5,-8.51595703037996e-18
264.6,-8.496664706078476e-18
264.7,-8.477423352226484e-18
264.8,-8.458232814980014e-18
264.9,-8.43909294101734e-18
265.0,-8.420003577536911e-18
265.1,-8.400964572255463e-18
265.2,-8.381975773406074e-18
265.3,-8.363037029736112e-18
265.4,-8.344148190505463e-18
265.5,-8.325309105484451e-18
265.6,-8.306519624952005e-18
265.7,-8.287779599693737e-18
265.8,-8.269088881000002e-18
265.9,-8.250447320664045e-18
266.0,-8.231854770980063e-18
266.1,-8.21331108474139e-18
266.2,-8.194816115238555e-18
266.3,-8.17636971625746e-18
266.4,-8.15797174207751e-18
266.5,-8.139622047469763e-18
266.6,-8.121320487695081e-18
266.7,-8.103066918502326e-18
266.8,-8.08486119612646e-18
266.9,-8.066703177286836e-18
267.0,-8.048592719185263e-18
267.1,-8.030529679504315e-18
267.2,-8.012513916405443e-18
267.3,-7.994545288527232e-18
267.4,-7.976623654983622e-18
267.5,-7.958748875362101e-18
267.6,-7.940920809721954e-18
267.7,-7.92313931859255e-18
267.8,-7.905404262971457e-18
267.9,-7.887715504322857e-18
268.0,-7.870072904575697e-18
268.1,-7.852476326121985e-18
268.2,-7.834925631815096e-18
268.3,-7.817420684968003e-18
268.4,-7.799961349351607e-18
268.5,-7.782547489193007e-18
268.6,-7.765178969173829e-18
268.7,-7.747855654428503e-18
268.8,-7.730577410542613e-18
268.9,-7.713344103551203e-18
269.0,-7.69615559993709e-18
269.1,-7.679011766629242e-18
269.2,-7.661912471001125e-18
269.3,-7.644857580868979e-18
269.4,-7.627846964490265e-18
269.5,-7.610880490561985e-18
269.6,-7.593958028219037e-18
269.7,-7.57707944703267e-18
269.8,-7.560244617008758e-18
269.9,-7.543453408586284e-18
270.0,-7.526705692635684e-18
270.1,-7.510001340457266e-18
270.2,-7.493340223779653e-18
270.3,-7.476722214758123e-18
270.4,-7.46014718597313e-18
270.5,-7.443615010428629e-18
270.6,-7.427125561550607e-18
270.7,-7.410678713185491e-18
270.8,-7.394274339598532e-18
270.9,-7.377912315472393e-18
271.0,-7.361592515905487e-18
271.1,-7.34531481641051e-18
271.2,-7.329079092912903e-18
271.3,-7.312885221749315e-18
271.4,-7.296733079666124e-18
271.5,-7.280622543817872e-18
271.6,-7.264553491765837e-18
271.7,-7.248525801476496e-18
271.8,-7.232539351319993e-18
271.9,-7.216594020068756e-18
272.0,-7.200689686895935e-18
272.1,-7.184826231373968e-18
272.2,-7.169003533473132e-18
272.3,-7.153221473560004e-18
272.4,-7.137479932396125e-18
272.5,-7.121778791136432e-18
272.6,-7.106117931327923e-18
272.7,-7.090497234908157e-18
272.8,-7.074916584203815e-18
272.9,-7.059375861929337e-18
273.0,-7.04387495118542e-18
273.1,-7.02841373545769e-18
273.2,-7.01299209861524e-18
273.3,-6.997609924909226e-18
273.4,-6.98226709897153e-18
273.5,-6.96696350581326e-18
273.6,-6.951699030823495e-18
273.7,-6.936473559767813e-18
273.8,-6.921286978786938e-18
273.9,-6.9061391743954e-18
274.0,-6.891030033480134e-18
274.1,-6.875959443299157e-18
274.2,-6.860927291480185e-18
274.3,-6.845933466019305e-18
274.4,-6.830977855279628e-18
274.5,-6.816060347989955e-18
274.6,-6.801180833243448e-18
274.7,-6.786339200496306e-18
274.8,-6.771535339566424e-18
274.9,-6.7567691406321285e-18
275.0,-6.7420404942307955e-18
275.1,-6.7273492912576124e-18
275.2,-6.7126954229642655e-18
275.3,-6.698078780957594e-18
275.4,-6.683499257198391e-18
275.5,-6.668956744000011e-18
275.6,-6.654451134027212e-18
275.7,-6.639982320294786e-18
275.8,-6.625550196166327e-18
275.9,-6.611154655352984e-18
276.0,-6.5967955919121756e-18
276.1,-6.582472900246341e-18
276.2,-6.568186475101723e-18
276.3,-6.5539362115670625e-18
276.4,-6.539722005072448e-18
276.5,-6.525543751387978e-18
276.6,-6.511401346622618e-18
276.7,-6.497294687222962e-18
276.8,-6.483223669971956e-18
276.9,-6.469188191987764e-18
277.0,-6.455188150722501e-18
277.1,-6.4412234439610525e-18
277.2,-6.4272939698198784e-18
277.3,-6.413399626745802e-18
277.4,-6.399540313514854e-18
277.5,-6.385715929231019e-18
277.6,-6.3719263733251404e-18
277.7,-6.358171545553697e-18
277.8,-6.344451345997615e-18
277.9,-6.33076567506116e-18
278.0,-6.317114433470701e-18
278.1,-6.303497522273622e-18
278.2,-6.2899148428371296e-18
278.3,-6.276366296847111e-18
278.4,-6.262851786307003e-18
278.5,-6.249371213536628e-18
278.6,-6.235924481171088e-18
278.7,-6.2225114921596305e-18
278.8,-6.2091321497644896e-18
278.9,-6.195786357559803e-18
279.0,-6.182474019430476e-18
279.1,-6.169195039571074e-18
279.2,-6.155949322484735e-18
279.3,-6.142736772982007e-18
279.4,-6.129557296179819e-18
279.5,-6.116410797500329e-18
279.6,-6.1032971826698804e-18
279.7,-6.090216357717893e-18
279.8,-6.077168228975752e-18
279.9,-6.06415270307579e-18
280.0,-6.051169686950167e-18
280.1,-6.038219087829809e-18
280.2,-6.0253008132433846e-18
280.3,-6.012414771016159e-18
280.4,-5.999560869269026e-18
280.5,-5.9867390164173966e-18
280.6,-5.973949121170171e-18
280.7,-5.961191092528713e-18
280.8,-5.948464839785756e-18
280.9,-5.935770272524432e-18
281.0,-5.92310730061717e-18
281.1,-5.910475834224746e-18
281.2,-5.897875783795199e-18
281.3,-5.8853070600628026e-18
281.4,-5.872769574047127e-18
281.5,-5.8602632370519315e-18
281.6,-5.847787960664214e-18
281.7,-5.835343656753204e-18
281.8,-5.8229302374693184e-18
281.9,-5.810547615243226e-18
282.0,-5.798195702784815e-18
282.1,-5.785874413082198e-18
282.2,-5.773583659400778e-18
282.3,-5.761323355282193e-18
282.4,-5.7490934145434036e-18
282.5,-5.7368937512756646e-18
282.6,-5.724724279843628e-18
282.7,-5.712584914884294e-18
282.8,-5.700475571306093e-18
282.9,-5.688396164287941e-18
283.0,-5.6763466092782365e-18
283.1,-5.664326821993966e-18
283.2,-5.652336718419719e-18
283.3,-5.640376214806736e-18
283.4,-5.628445227672006e-18
283.5,-5.6165436737972945e-18
283.6,-5.604671470228249e-18
283.7,-5.592828534273427e-18
283.8,-5.581014783503389e-18
283.9,-5.5692301357498e-18
284.0,-5.5574745091044456e-18
284.1,-5.54574782191841e-18
284.2,-5.534049992801087e-18
284.3,-5.5223809406192904e-18
284.4,-5.510740584496397e-18
284.5,-5.499128843811358e-18
284.6,-5.4875456381978846e-18
284.7,-5.475990887543521e-18
284.8,-5.46446451198874e-18
284.9,-5.4529664319260736e-18
285.0,-5.441496567999225e-18
285.1,-5.430054841102189e-18
285.2,-5.418641172378387e-18
285.3,-5.40725548321976e-18
285.4,-5.395897695265936e-18
285.5,-5.384567730403328e-18
285.6,-5.373265510764324e-18
285.7,-5.361990958726362e-18
285.8,-5.35074399691111e-18
285.9,-5.339524548183621e-18
286.0,-5.328332535651449e-18
286.1,-5.31716788266383e-18
286.2,-5.306030512810843e-18
286.3,-5.294920349922521e-18
286.4,-5.283837318068095e-18
286.5,-5.2727813415550716e-18
286.6,-5.2617523449284705e-18
286.7,-5.2507502529699695e-18
286.8,-5.239774990697062e-18
286.9,-5.228826483362279e-18
287.0,-5.2179046564523335e-18
287.1,-5.2070094356873175e-18
287.2,-5.1961407470199094e-18
287.3,-5.18529851663452e-18
287.4,-5.17448267094654e-18
287.5,-5.163693136601487e-18
287.6,-5.152929840474257e-18
287.7,-5.1421927096682956e-18
287.8,-5.131481671514784e-18
287.9,-5.1207966535719096e-18
288.0,-5.110137583624024e-18
288.1,-5.099504389680878e-18
288.2,-5.0888969999768656e-18
288.3,-5.078315342970182e-18
288.4,-5.0677593473421196e-18
288.5,-5.057228941996244e-18
288.6,-5.046724056057646e-18
288.7,-5.03624461887219e-18
288.8,-5.025790560005699e-18
288.9,-5.0153618092432646e-18
289.0,-5.004958296588418e-18
289.1,-4.994579952262433e-18
289.2,-4.984226706703544e-18
289.3,-4.9738984905661874e-18
289.4,-4.963595234720288e-18
289.5,-4.953316870250487e-18
289.6,-4.943063328455418e-18
289.7,-4.93283454084696e-18
289.8,-4.922630439149496e-18
289.9,-4.912450955299214e-18
290.0,-4.9022960214433165e-18
290.1,-4.8921655699393524e-18
290.2,-4.882059533354478e-18
290.3,-4.871977844464707e-18
290.4,-4.8619204362542244e-18
290.5,-4.8518872419146495e-18
290.6,-4.841878194844346e-18
290.7,-4.831893228647691e-18
290.8,-4.821932277134366e-18
290.9,-4.81199527431867e-18
291.0,-4.8020821544188015e-18
291.1,-4.792192851856156e-18
291.2,-4.782327301254656e-18
291.3,-4.772485437440014e-18
291.4,-4.762667195439082e-18
291.5,-4.752872510479126e-18
291.6,-4.7431013179871655e-18
291.7,-4.7333535535892905e-18
291.8,-4.7236291531099504e-18
291.9,-4.7139280525713064e-18
292.0,-4.704250188192533e-18
292.1,-4.694595496389167e-18
292.2,-4.684963913772421e-18
292.3,-4.6753553771484995e-18
292.4,-4.6657698235179714e-18
292.5,-4.656207190075072e-18
292.6,-4.646667414207052e-18
292.7,-4.637150433493546e-18
292.8,-4.627656185705841e-18
292.9,-4.618184608806329e-18
293.0,-4.6087356409477574e-18
293.1,-4.599309220472632e-18
293.2,-4.58990528591258e-18
293.3,-4.580523775987654e-18
293.4,-4.571164629605746e-18
293.5,-4.561827785861903e-18
293.6,-4.552513184037727e-18
293.7,-4.543220763600729e-18
293.8,-4.533950464203666e-18
293.9,-4.5247022256839715e-18
294.0,-4.515475988063052e-18
294.1,-4.506271691545748e-18
294.2,-4.4970892765196424e-18
294.3,-4.487928683554453e-18
294.4,-4.478789853401458e-18
294.5,-4.4696727269928185e-18
294.6,-4.460577245441008e-18
294.7,-4.451503350038189e-18
294.8,-4.442450982255587e-18
294.9,-4.4334200837429216e-18
295.0,-4.424410596327762e-18
295.1,-4.415422462014945e-18
295.2,-4.406455622985984e-18
295.3,-4.3975100215984365e-18
295.4,-4.38858560038536e-18
295.5,-4.3796823020546675e-18
295.6,-4.370800069488567e-18
295.7,-4.3619388457429686e-18
295.8,-4.353098574046891e-18
295.9,-4.3442791978018764e-18
296.0,-4.335480660581416e-18
296.1,-4.326702906130357e-18
296.2,-4.317945878364354e-18
296.3,-4.309209521369244e-18
296.4,-4.3004937794005254e-18
296.5,-4.29179859688274e-18
296.6,-4.283123918408941e-18
296.7,-4.2744696887401116e-18
296.8,-4.265835852804573e-18
296.9,-4.2572223556974816e-18
297.0,-4.248629142680203e-18
297.1,-4.24005615917979e-18
297.2,-4.2315033507884366e-18
297.3,-4.222970663262872e-18
297.4,-4.214458042523865e-18
297.5,-4.205965434655631e-18
297.6,-4.197492785905316e-18
297.7,-4.189040042682426e-18
297.8,-4.180607151558285e-18
297.9,-4.17219405926551e-18
298.0,-4.1638007126974435e-18
298.1,-4.1554270589076436e-18
298.2,-4.147073045109326e-18
298.3,-4.138738618674825e-18
298.4,-4.13042372713509e-18
298.5,-4.122128318179121e-18
298.6,-4.113852339653472e-18
298.7,-4.105595739561689e-18
298.8,-4.0973584660638114e-18
298.9,-4.089140467475843e-18
299.0,-4.0809416922692134e-18
299.1,-4.072762089070293e-18
299.2,-4.064601606659856e-18
299.3,-4.0564601939725344e-18
299.4,-4.048337800096378e-18
299.5,-4.040234374272261e-18
299.6,-4.03214986589344e-18
299.7,-4.02408422450501e-18
299.8,-4.0160373998033886e-18
299.9,-4.008009341635857e-18
300.0,-4e-18
300.1,-3.9920093250432545e-18
300.2,-3.984037267062386e-18
300.3,-3.976083776502994e-18
300.4,-3.968148803959022e-18
300.5,-3.960232300172262e-18
300.6,-3.95233421603186e-18
300.7,-3.944454502573838e-18
300.8,-3.936593110980585e-18
300.9,-3.9287499925803996e-18
301.0,-3.920925098846962e-18
301.1,-3.9131183813989166e-18
301.2,-3.905329791999325e-18
301.3,-3.897559282555227e-18
301.4,-3.88980680511715e-18
301.5,-3.882072311878628e-18
301.6,-3.87435575517575e-18
301.7,-3.866657087486673e-18
301.8,-3.858976261431132e-18
301.9,-3.851313229770015e-18
302.0,-3.843667945404849e-18
302.1,-3.8360403613773794e-18
302.2,-3.8284304308690745e-18
302.3,-3.820838107200676e-18
302.4,-3.8132633438317385e-18
302.5,-3.805706094360169e-18
302.6,-3.798166312521763e-18
302.7,-3.7906439521897765e-18
302.8,-3.783138967374431e-18
302.9,-3.775651312222499e-18
303.0,-3.7681809410168275e-18
303.1,-3.7607278081759074e-18
303.2,-3.753291868253422e-18
303.3,-3.7458730759377856e-18
303.4,-3.7384713860517314e-18
303.5,-3.731086753551836e-18
303.6,-3.7237191335280985e-18
303.7,-3.716368481203508e-18
303.8,-3.709034751933569e-18
303.9,-3.7017179012059266e-18
304.0,-3.694417884639871e-18
304.1,-3.687134657985933e-18
304.2,-3.679868177125477e-18
304.3,-3.672618398070206e-18
304.4,-3.6653852769618156e-18
304.5,-3.658168770071483e-18
304.6,-3.650968833799523e-18
304.7,-3.643785424674907e-18
304.8,-3.6366184993548564e-18
304.9,-3.629468014624438e-18
305.0,-3.6223339273961296e-18
305.1,-3.6152161947094e-18
305.2,-3.608114773730315e-18
305.3,-3.601029621751094e-18
305.4,-3.593960696189715e-18
305.5,-3.586907954589503e-18
305.6,-3.5798713546187135e-18
305.7,-3.572850854070128e-18
305.8,-3.565846410860649e-18
305.9,-3.558857983030888e-18
306.0,-3.5518855287447676e-18
306.1,-3.544929006289117e-18
306.2,-3.537988374073277e-18
306.3,-3.5310635906286816e-18
306.4,-3.524154614608483e-18
306.5,-3.517261404787136e-18
306.6,-3.510383920060022e-18
306.7,-3.5035221194430366e-18
306.8,-3.4966759620722034e-18
306.9,-3.489845407203295e-18
307.0,-3.4830304142114155e-18
307.1,-3.476230942590634e-18
307.2,-3.469446951953614e-18
307.3,-3.4626784020311714e-18
307.4,-3.455925252671956e-18
307.5,-3.4491874638420173e-18
307.6,-3.4424649956244533e-18
307.7,-3.435757808219027e-18
307.8,-3.4290658619417663e-18
307.9,-3.42238911722462e-18
308.0,-3.4157275346150458e-18
308.1,-3.4090810747756682e-18
308.2,-3.4024496984838897e-18
308.3,-3.3958333666315064e-18
308.4,-3.3892320402243714e-18
308.5,-3.382645680381986e-18
308.6,-3.376074248337161e-18
308.7,-3.36951770543564e-18
308.8,-3.362976013135729e-18
308.9,-3.3564491330079376e-18
309.0,-3.3499370267346165e-18
309.1,-3.3434396561095945e-18
309.2,-3.336956983037826e-18
309.3,-3.330488969535006e-18
309.4,-3.3240355777272533e-18
309.5,-3.3175967698507133e-18
309.6,-3.3111725082512325e-18
309.7,-3.3047627553839946e-18
309.8,-3.2983674738131565e-18
309.9,-3.2919866262115182e-18
310.0,-3.2856201753601515e-18
310.1,-3.2792680841480676e-18
310.2,-3.2729303155718683e-18
310.3,-3.266606832735379e-18
310.4,-3.260297598849336e-18
310.5,-3.2540025772310096e-18
310.6,-3.2477217313038878e-18
310.7,-3.241455024597323e-18
310.8,-3.235202420746187e-18
310.9,-3.2289638834905446e-18
311.0,-3.2227393766753006e-18
311.1,-3.216528864249877e-18
311.2,-3.210332310267873e-18
311.3,-3.2041496788867214e-18
311.4,-3.19798093436737e-18
311.5,-3.191826041073939e-18
311.6,-3.1856849634733946e-18
311.7,-3.1795576661352236e-18
311.8,-3.1734441137310856e-18
311.9,-3.167344271034521e-18
312.0,-3.1612581029205826e-18
312.1,-3.155185574365545e-18
312.2,-3.1491266504465666e-18
312.3,-3.143081296341356e-18
312.4,-3.1370494773278772e-18
312.5,-3.1310311587839984e-18
312.6,-3.1250263061872025e-18
312.7,-3.11903488511425e-18
312.8,-3.1130568612408553e-18
312.9,-3.107092200341399e-18
313.0,-3.1011408682885762e-18
313.1,-3.0952028310531193e-18
313.2,-3.089278054703462e-18
313.3,-3.0833665054054285e-18
313.4,-3.0774681494219337e-18
313.5,-3.0715829531126636e-18
313.6,-3.0657108829337776e-18
313.7,-3.0598519054375937e-18
313.8,-3.0540059872722784e-18
313.9,-3.048173095181554e-18
314.0,-3.042353196004378e-18
314.1,-3.0365462566746578e-18
314.2,-3.0307522442209455e-18
314.3,-3.0249711257661158e-18
314.4,-3.0192028685270993e-18
314.5,-3.013447439814551e-18
314.6,-3.0077048070325798e-18
314.7,-3.0019749376784433e-18
314.8,-2.9962577993422356e-18
314.9,-2.99055335970662e-18
315.0,-2.9848615865465105e-18
315.1,-2.9791824477287984e-18
315.2,-2.9735159112120533e-18
315.3,-2.9678619450462236e-18
315.4,-2.9622205173723672e-18
315.5,-2.9565915964223406e-18
315.6,-2.950975150518529e-18
315.7,-2.945371148073554e-18
315.8,-2.9397795575899776e-18
315.9,-2.9342003476600387e-18
316.0,-2.9286334869653468e-18
316.1,-2.9230789442766188e-18
316.2,-2.917536688453393e-18
316.3,-2.9120066884437285e-18
316.4,-2.90648891328396e-18
316.5,-2.9009833320983844e-18
316.6,-2.895489914099015e-18
316.7,-2.890008628585285e-18
316.8,-2.8845394449437653e-18
316.9,-2.879082332647919e-18
317.0,-2.873637261257793e-18
317.1,-2.868204200419769e-18
317.2,-2.862783119866289e-18
317.3,-2.8573739894155677e-18
317.4,-2.851976778971343e-18
317.5,-2.846591458522592e-18
317.6,-2.8412179981432714e-18
317.7,-2.8358563679920548e-18
317.8,-2.83050653831204e-18
317.9,-2.825168479430526e-18
318.0,-2.8198421617587063e-18
318.1,-2.814527555791433e-18
318.2,-2.8092246321069474e-18
318.3,-2.8039333613666076e-18
318.4,-2.798653714314646e-18
318.5,-2.7933856617778895e-18
318.6,-2.788129174665518e-18
318.7,-2.7828842239688008e-18
318.8,-2.7776507807608268e-18
318.9,-2.772428816196267e-18
319.0,-2.7672183015111054e-18
319.1,-2.7620192080223915e-18
319.2,-2.7568315071279906e-18
319.3,-2.751655170306313e-18
319.4,-2.746490169116084e-18
319.5,-2.7413364751960735e-18
319.6,-2.73619406026486e-18
319.7,-2.7310628961205827e-18
319.8,-2.7259429546406667e-18
319.9,-2.720834207781618e-18
320.0,-2.715736627578735e-18
320.1,-2.710650186145889e-18
320.2,-2.705574855675275e-18
320.3,-2.7005106084371496e-18
320.4,-2.6954574167796172e-18
320.5,-2.6904152531283583e-18
320.6,-2.6853840899864086e-18
320.7,-2.68036389993391e-18
320.8,-2.6753546556278633e-18
320.9,-2.670356329801904e-18
321.0,-2.665368895266049e-18
321.1,-2.6603923249064733e-18
321.2,-2.6554265916852635e-18
321.3,-2.650471668640174e-18
321.4,-2.645527528884417e-18
321.5,-2.6405941456064e-18
321.6,-2.6356714920695114e-18
321.7,-2.6307595416118816e-18
321.8,-2.625858267646141e-18
321.9,-2.6209676436592128e-18
322.0,-2.616087643212049e-18
322.1,-2.611218239939436e-18
322.2,-2.6063594075497428e-18
322.3,-2.6015111198246932e-18
322.4,-2.596673350619157e-18
322.5,-2.591846073860896e-18
322.6,-2.5870292635503637e-18
322.7,-2.5822228937604665e-18
322.8,-2.577426938636338e-18
322.9,-2.5726413723951275e-18
323.0,-2.5678661693257578e-18
323.1,-2.5631013037887285e-18
323.2,-2.558346750215875e-18
323.3,-2.553602483110151e-18
323.4,-2.548868477045417e-18
323.5,-2.5441447066662106e-18
323.6,-2.5394311466875406e-18
323.7,-2.53472777189466e-18
323.8,-2.530034557142846e-18
323.9,-2.5253514773572036e-18
324.0,-2.520678507532418e-18
324.1,-2.5160156227325763e-18
324.2,-2.511362798090927e-18
324.3,-2.5067200088096744e-18
324.4,-2.5020872301597742e-18
324.5,-2.497464437480707e-18
324.6,-2.4928516061802832e-18
324.7,-2.4882487117344245e-18
324.8,-2.4836557296869455e-18
324.9,-2.4790726356493682e-18
325.0,-2.4744994053006858e-18
325.1,-2.469936014387181e-18
325.2,-2.465382438722206e-18
325.3,-2.4608386541859698e-18
325.4,-2.4563046367253527e-18
325.5,-2.4517803623536815e-18
325.6,-2.447265807150537e-18
325.7,-2.442760947261552e-18
325.8,-2.4382657588981974e-18
325.9,-2.4337802183375963e-18
326.0,-2.4293043019223056e-18
326.1,-2.4248379860601282e-18
326.2,-2.4203812472239135e-18
326.3,-2.4159340619513453e-18
326.4,-2.4114964068447573e-18
326.5,-2.4070682585709265e-18
326.6,-2.402649593860881e-18
326.7,-2.3982403895097053e-18
326.8,-2.393840622376331e-18
326.9,-2.3894502693833643e-18
327.0,-2.3850693075168633e-18
327.1,-2.3806977138261753e-18
327.2,-2.3763354654237187e-18
327.3,-2.371982539484798e-18
327.4,-2.3676389132474227e-18
327.5,-2.3633045640120936e-18
327.6,-2.358979469141635e-18
327.7,-2.3546636060609944e-18
327.8,-2.3503569522570457e-18
327.9,-2.34605948527842e-18
328.0,-2.341771182735292e-18
328.1,-2.3374920222992194e-18
328.2,-2.333221981702937e-18
328.3,-2.328961038740173e-18
328.4,-2.324709171265478e-18
328.5,-2.3204663571940136e-18
328.6,-2.316232574501396e-18
328.7,-2.312007801223497e-18
328.8,-2.3077920154562575e-18
328.9,-2.3035851953555177e-18
329.0,-2.299387319136824e-18
329.1,-2.2951983650752552e-18
329.2,-2.2910183115052402e-18
329.3,-2.2868471368203688e-18
329.4,-2.2826848194732307e-18
329.5,-2.278531337975215e-18
329.6,-2.2743866708963502e-18
329.7,-2.270250796865119e-18
329.8,-2.266123694568273e-18
329.9,-2.2620053427506773e-18
330.0,-2.2578957202151097e-18
330.1,-2.253794805822103e-18
330.2,-2.2497025784897673e-18
330.3,-2.2456190171936046e-18
330.4,-2.241544100966353e-18
330.5,-2.2374778088977965e-18
330.6,-2.2334201201346052e-18
330.7,-2.2293710138801615e-18
330.8,-2.2253304693943756e-18
330.9,-2.2212984659935367e-18
331.0,-2.217274983050122e-18
331.1,-2.2132599999926405e-18
331.2,-2.209253496305464e-18
331.3,-2.2052554515286438e-18
331.4,-2.201265845257767e-18
331.5,-2.1972846571437595e-18
331.6,-2.19331186689275e-18
331.7,-2.1893474542658825e-18
331.8,-2.185391399079156e-18
331.9,-2.1814436812032633e-18
332.0,-2.177504280563418e-18
332.1,-2.1735731771392045e-18
332.2,-2.169650350964403e-18
332.3,-2.165735782126823e-18
332.4,-2.1618294507681563e-18
332.5,-2.1579313370837994e-18
332.6,-2.154041421322702e-18
332.7,-2.150159683787205e-18
332.8,-2.1462861048328733e-18
332.9,-2.142420664868347e-18
333.0,-2.1385633443551673e-18
333.1,-2.134714123807634e-18
333.2,-2.1308729837926405e-18
333.3,-2.127039904929509e-18
333.4,-2.1232148678898467e-18
333.5,-2.1193978533973755e-18
333.6,-2.1155888422277882e-18
333.7,-2.111787815208587e-18
333.8,-2.1079947532189247e-18
333.9,-2.104209637189459e-18
334.0,-2.1004324481021887e-18
334.1,-2.096663166990309e-18
334.2,-2.0929017749380547e-18
334.3,-2.0891482530805425e-18
334.4,-2.0854025826036307e-18
334.5,-2.081664744743755e-18
334.6,-2.077934720787785e-18
334.7,-2.074212492072876e-18
334.8,-2.0704980399863067e-18
334.9,-2.0667913459653467e-18
335.0,-2.063092391497091e-18
335.1,-2.0594011581183202e-18
335.2,-2.0557176274153587e-18
335.3,-2.052041781023906e-18
335.4,-2.048373600628916e-18
335.5,-2.0447130679644278e-18
335.6,-2.041060164813434e-18
335.7,-2.0374148730077294e-18
335.8,-2.0337771744277645e-18
335.9,-2.0301470510025063e-18
336.0,-2.0265244847092833e-18
336.1,-2.022909457573656e-18
336.2,-2.0193019516692664e-18
336.3,-2.015701949117687e-18
336.4,-2.012109432088297e-18
336.5,-2.0085243827981192e-18
336.6,-2.004946783511698e-18
336.7,-2.001376616540946e-18
336.8,-1.9978138642450046e-18
336.9,-1.9942585090301124e-18
337.0,-1.9907105333494526e-18
337.1,-1.987169919703025e-18
337.2,-1.9836366506375026e-18
337.3,-1.9801107087460915e-18
337.4,-1.976592076668399e-18
337.5,-1.9730807370902875e-18
337.6,-1.9695766727437474e-18
337.7,-1.966079866406753e-18
337.8,-1.962590300903129e-18
337.9,-1.9591079591024183e-18
338.0,-1.9556328239197393e-18
338.1,-1.952164878315659e-18
338.2,-1.9487041052960557e-18
338.3,-1.945250487911979e-18
338.4,-1.9418040092595317e-18
338.5,-1.938364652479718e-18
338.6,-1.9349324007583263e-18
338.7,-1.931507237325791e-18
338.8,-1.9280891454570537e-18
338.9,-1.924678108471451e-18
339.0,-1.9212741097325602e-18
339.1,-1.917877132648086e-18
339.2,-1.9144871606697302e-18
339.3,-1.9111041772930443e-18
339.4,-1.9077281660573253e-18
339.5,-1.9043591105454665e-18
339.6,-1.9009969943838397e-18
339.7,-1.8976418012421706e-18
339.8,-1.8942935148333966e-18
339.9,-1.890952118913556e-18
340.0,-1.8876175972816476e-18
340.1,-1.8842899337795184e-18
340.2,-1.880969112291726e-18
340.3,-1.8776551167454186e-18
340.4,-1.874347931110209e-18
340.5,-1.871047539398048e-18
340.6,-1.8677539256631065e-18
340.7,-1.8644670740016455e-18
340.8,-1.8611869685518897e-18
340.9,-1.8579135934939193e-18
341.0,-1.8546469330495263e-18
341.1,-1.8513869714821103e-18
341.2,-1.8481336930965508e-18
341.3,-1.8448870822390767e-18
341.4,-1.8416471232971638e-18
341.5,-1.8384138006993924e-18
341.6,-1.835187098915348e-18
341.7,-1.831967002455488e-18
341.8,-1.828753495871022e-18
341.9,-1.8255465637538025e-18
342.0,-1.822346190736195e-18
342.1,-1.819152361490968e-18
342.2,-1.8159650607311716e-18
342.3,-1.812784273210018e-18
342.4,-1.8096099837207706e-18
342.5,-1.806442177096617e-18
342.6,-1.8032808382105624e-18
342.7,-1.8001259519753123e-18
342.8,-1.7969775033431443e-18
342.9,-1.7938354773058153e-18
343.0,-1.7906998588944223e-18
343.1,-1.787570633179306e-18
343.2,-1.7844477852699307e-18
343.3,-1.781331300314763e-18
343.4,-1.7782211635011713e-18
343.5,-1.7751173600553014e-18
343.6,-1.7720198752419704e-18
343.7,-1.7689286943645567e-18
343.8,-1.7658438027648746e-18
343.9,-1.7627651858230804e-18
344.0,-1.7596928289575445e-18
344.1,-1.756626717624753e-18
344.2,-1.7535668373191932e-18
344.3,-1.7505131735732366e-18
344.4,-1.747465711957041e-18
344.5,-1.7444244380784292e-18
344.6,-1.741389337582789e-18
344.7,-1.7383603961529606e-18
344.8,-1.7353375995091233e-18
344.9,-1.7323209334086969e-18
345.0,-1.7293103836462243e-18
345.1,-1.7263059360532737e-18
345.2,-1.7233075764983242e-18
345.3,-1.7203152908866579e-18
345.4,-1.7173290651602613e-18
345.5,-1.71434888529771e-18
345.6,-1.7113747373140724e-18
345.7,-1.7084066072607956e-18
345.8,-1.7054444812256024e-18
345.9,-1.7024883453323932e-18
346.0,-1.6995381857411295e-18
346.1,-1.6965939886477418e-18
346.2,-1.6936557402840212e-18
346.3,-1.69072342691751e-18
346.4,-1.687797034851408e-18
346.5,-1.6848765504244622e-18
346.6,-1.6819619600108695e-18
346.7,-1.6790532500201761e-18
346.8,-1.6761504068971633e-18
346.9,-1.673253417121765e-18
347.0,-1.6703622672089466e-18
347.1,-1.6674769437086207e-18
347.2,-1.6645974332055387e-18
347.3,-1.6617237223191886e-18
347.4,-1.658855797703702e-18
347.5,-1.6559936460477431e-18
347.6,-1.6531372540744271e-18
347.7,-1.6502866085412049e-18
347.8,-1.6474416962397678e-18
347.9,-1.6446025039959593e-18
348.0,-1.641769018669663e-18
348.1,-1.6389412271547135e-18
348.2,-1.636119116378801e-18
348.3,-1.6333026733033604e-18
348.4,-1.6304918849234968e-18
348.5,-1.6276867382678626e-18
348.6,-1.6248872203985856e-18
348.7,-1.62209331841116e-18
348.8,-1.619305019434349e-18
348.9,-1.6165223106301002e-18
349.0,-1.6137451791934383e-18
349.1,-1.6109736123523793e-18
349.2,-1.6082075973678358e-18
349.3,-1.6054471215335137e-18
349.4,-1.602692172175832e-18
349.5,-1.5999427366538147e-18
349.6,-1.5971988023590118e-18
349.7,-1.5944603567153973e-18
349.8,-1.5917273871792764e-18
349.9,-1.5889998812391997e-18
350.0,-1.5862778264158636e-18
350.1,-1.5835612102620254e-18
350.2,-1.5808500203624064e-18
350.3,-1.5781442443336027e-18
350.4,-1.5754438698239969e-18
350.5,-1.5727488845136586e-18
350.6,-1.5700592761142691e-18
350.7,-1.567375032369017e-18
350.8,-1.5646961410525152e-18
350.9,-1.5620225899707124e-18
351.0,-1.5593543669607981e-18
351.1,-1.5566914598911188e-18
351.2,-1.5540338566610932e-18
351.3,-1.5513815452011094e-18
351.4,-1.5487345134724527e-18
351.5,-1.5460927494672081e-18
351.6,-1.543456241208176e-18
351.7,-1.5408249767487884e-18
351.8,-1.538198944173012e-18
351.9,-1.5355781315952726e-18
352.0,-1.53296252716036e-18
352.1,-1.5303521190433485e-18
352.2,-1.5277468954495076e-18
352.3,-1.5251468446142134e-18
352.4,-1.522551954802871e-18
352.5,-1.5199622143108223e-18
352.6,-1.5173776114632634e-18
352.7,-1.5147981346151646e-18
352.8,-1.5122237721511752e-18
352.9,-1.5096545124855514e-18
353.0,-1.507090344062065e-18
353.1,-1.5045312553539215e-18
353.2,-1.5019772348636812e-18
353.3,-1.4994282711231663e-18
353.4,-1.49688435269339e-18
353.5,-1.494345468164464e-18
353.6,-1.4918116061555227e-18
353.7,-1.4892827553146399e-18
353.8,-1.4867589043187425e-18
353.9,-1.484240041873537e-18
354.0,-1.4817261567134186e-18
354.1,-1.4792172376014016e-18
354.2,-1.4767132733290293e-18
354.3,-1.4742142527162975e-18
354.4,-1.4717201646115732e-18
354.5,-1.4692309978915153e-18
354.6,-1.466746741460993e-18
354.7,-1.4642673842530144e-18
354.8,-1.4617929152286313e-18
354.9,-1.4593233233768776e-18
355.0,-1.456858597714676e-18
355.1,-1.4543987272867734e-18
355.2,-1.4519437011656511e-18
355.3,-1.449493508451449e-18
355.4,-1.4470481382718965e-18
355.5,-1.4446075797822225e-18
355.6,-1.4421718221650846e-18
355.7,-1.4397408546304975e-18
355.8,-1.4373146664157412e-18
355.9,-1.4348932467853001e-18
356.0,-1.4324765850307767e-18
356.1,-1.4300646704708186e-18
356.2,-1.4276574924510455e-18
356.3,-1.4252550403439672e-18
356.4,-1.4228573035489156e-18
356.5,-1.4204642714919595e-18
356.6,-1.4180759336258445e-18
356.7,-1.4156922794299027e-18
356.8,-1.4133132984099878e-18
356.9,-1.4109389800983994e-18
357.0,-1.4085693140538027e-18
357.1,-1.406204289861167e-18
357.2,-1.4038438971316799e-18
357.3,-1.4014881255026808e-18
357.4,-1.3991369646375856e-18
357.5,-1.3967904042258134e-18
357.6,-1.3944484339827148e-18
357.7,-1.3921110436495034e-18
357.8,-1.3897782229931716e-18
357.9,-1.3874499618064342e-18
358.0,-1.3851262499076427e-18
358.1,-1.3828070771407228e-18
358.2,-1.3804924333751034e-18
358.3,-1.3781823085056348e-18
358.4,-1.3758766924525316e-18
358.5,-1.3735755751612908e-18
358.6,-1.3712789466026315e-18
358.7,-1.3689867967724156e-18
358.8,-1.366699115691583e-18
358.9,-1.3644158934060795e-18
359.0,-1.3621371199867865e-18
359.1,-1.3598627855294567e-18
359.2,-1.35759288015464e-18
359.3,-1.3553273940076135e-18
359.4,-1.3530663172583184e-18
359.5,-1.3508096401012853e-18
359.6,-1.34855735275557e-18
359.7,-1.3463094454646854e-18
359.8,-1.3440659084965297e-18
359.9,-1.3418267321433233e-18
360.0,-1.3395919067215358e-18
360.1,-1.3373614225718265e-18
360.2,-1.3351352700589728e-18
360.3,-1.332913439571797e-18
360.4,-1.3306959215231153e-18
360.5,-1.3284827063496522e-18
360.6,-1.3262737845119932e-18
360.7,-1.324069146494505e-18
360.8,-1.3218687828052722e-18
360.9,-1.31967268397604e-18
361.0,-1.3174808405621349e-18
361.1,-1.3152932431424112e-18
361.2,-1.3131098823191838e-18
361.3,-1.3109307487181531e-18
361.4,-1.3087558329883584e-18
361.5,-1.3065851258020936e-18
361.6,-1.304418617854859e-18
361.7,-1.302256299865291e-18
361.8,-1.3000981625750932e-18
361.9,-1.2979441967489833e-18
362.0,-1.2957943931746176e-18
362.1,-1.2936487426625384e-18
362.2,-1.2915072360461063e-18
362.3,-1.2893698641814351e-18
362.4,-1.287236617947333e-18
362.5,-1.2851074882452362e-18
362.6,-1.282982465999151e-18
362.7,-1.280861542155589e-18
362.8,-1.2787447076835022e-18
362.9,-1.2766319535742307e-18
363.0,-1.274523270841427e-18
363.1,-1.272418650521008e-18
363.2,-1.2703180836710871e-18
363.3,-1.268221561371911e-18
363.4,-1.2661290747258065e-18
363.5,-1.2640406148571113e-18
363.6,-1.2619561729121201e-18
363.7,-1.2598757400590214e-18
363.8,-1.2577993074878351e-18
363.9,-1.255726866410359e-18
364.0,-1.2536584080601003e-18
364.1,-1.2515939236922241e-18
364.2,-1.2495334045834925e-18
364.3,-1.247476842032197e-18
364.4,-1.2454242273581126e-18
364.5,-1.2433755519024283e-18
364.6,-1.2413308070276929e-18
364.7,-1.2392899841177593e-18
364.8,-1.2372530745777168e-18
364.9,-1.235220069833845e-18
365.0,-1.2331909613335435e-18
365.1,-1.231165740545287e-18
365.2,-1.2291443989585564e-18
365.3,-1.2271269280837857e-18
365.4,-1.2251133194523094e-18
365.5,-1.223103564616295e-18
365.6,-1.2210976551486951e-18
365.7,-1.2190955826431877e-18
365.8,-1.2170973387141163e-18
365.9,-1.2151029149964411e-18
366.0,-1.2131123031456731e-18
366.1,-1.2111254948378259e-18
366.2,-1.2091424817693575e-18
366.3,-1.2071632556571103e-18
366.4,-1.2051878082382635e-18
366.5,-1.2032161312702672e-18
366.6,-1.2012482165307994e-18
366.7,-1.1992840558177022e-18
366.8,-1.1973236409489265e-18
366.9,-1.1953669637624844e-18
367.0,-1.193414016116386e-18
367.1,-1.191464789888593e-18
367.2,-1.1895192769769592e-18
367.3,-1.1875774692991742e-18
367.4,-1.1856393587927191e-18
367.5,-1.183704937414801e-18
367.6,-1.1817741971423084e-18
367.7,-1.1798471299717535e-18
367.8,-1.177923727919217e-18
367.9,-1.176003983020302e-18
368.0,-1.1740878873300717e-18
368.1,-1.1721754329230057e-18
368.2,-1.1702666118929406e-18
368.3,-1.16836141635302e-18
368.4,-1.166459838435643e-18
368.5,-1.1645618702924089e-18
368.6,-1.16266750409407e-18
368.7,-1.1607767320304754e-18
368.8,-1.1588895463105205e-18
368.9,-1.1570059391620966e-18
369.0,-1.155125902832037e-18
369.1,-1.1532494295860684e-18
369.2,-1.1513765117087602e-18
369.3,-1.1495071415034677e-18
369.4,-1.14764131129229e-18
369.5,-1.1457790134160106e-18
369.6,-1.143920240234055e-18
369.7,-1.1420649841244345e-18
369.8,-1.140213237483696e-18
369.9,-1.138364992726879e-18
370.0,-1.1365202422874539e-18
370.1,-1.1346789786172839e-18
370.2,-1.1328411941865683e-18
370.3,-1.1310068814837937e-18
370.4,-1.1291760330156898e-18
370.5,-1.127348641307171e-18
370.6,-1.1255246989012962e-18
370.7,-1.123704198359217e-18
370.8,-1.1218871322601245e-18
370.9,-1.120073493201209e-18
371.0,-1.1182632737976032e-18
371.1,-1.1164564666823391e-18
371.2,-1.1146530645063e-18
371.3,-1.1128530599381678e-18
371.4,-1.1110564456643824e-18
371.5,-1.1092632143890833e-18
371.6,-1.1074733588340749e-18
371.7,-1.1056868717387694e-18
371.8,-1.1039037458601426e-18
371.9,-1.102123973972687e-18
372.0,-1.1003475488683636e-18
372.1,-1.0985744633565566e-18
372.2,-1.0968047102640289e-18
372.3,-1.0950382824348658e-18
372.4,-1.0932751727304406e-18
372.5,-1.0915153740293592e-18
372.6,-1.0897588792274195e-18
372.7,-1.0880056812375645e-18
372.8,-1.0862557729898311e-18
372.9,-1.0845091474313111e-18
373.0,-1.0827657975261005e-18
373.1,-1.0810257162552588e-18
373.2,-1.0792888966167605e-18
373.3,-1.077555331625447e-18
373.4,-1.0758250143129883e-18
373.5,-1.0740979377278318e-18
373.6,-1.0723740949351617e-18
373.7,-1.0706534790168528e-18
373.8,-1.0689360830714228e-18
373.9,-1.0672219002139928e-18
374.0,-1.0655109235762408e-18
374.1,-1.063803146306355e-18
374.2,-1.062098561568998e-18
374.3,-1.0603971625452485e-18
374.4,-1.0586989424325726e-18
374.5,-1.0570038944447704e-18
374.6,-1.0553120118119362e-18
374.7,-1.053623287780414e-18
374.8,-1.0519377156127547e-18
374.9,-1.0502552885876722e-18
375.0,-1.0485759999999995e-18
375.1,-1.0468998431606508e-18
375.2,-1.0452268113965711e-18
375.3,-1.0435568980506988e-18
375.4,-1.0418900964819222e-18
375.5,-1.0402264000650338e-18
375.6,-1.0385658021906939e-18
375.7,-1.036908296265384e-18
375.8,-1.0352538757113643e-18
375.9,-1.0336025339666367e-18
376.0,-1.0319542644848946e-18
376.1,-1.0303090607354914e-18
376.2,-1.0286669162033906e-18
376.3,-1.027027824389127e-18
376.4,-1.02539177880877e-18
376.5,-1.0237587729938706e-18
376.6,-1.0221288004914357e-18
376.7,-1.0205018548638754e-18
376.8,-1.0188779296889656e-18
376.9,-1.0172570185598097e-18
377.0,-1.015639115084793e-18
377.1,-1.0140242128875479e-18
377.2,-1.012412305606911e-18
377.3,-1.0108033868968794e-18
377.4,-1.009197450426577e-18
377.5,-1.0075944898802087e-18
377.6,-1.0059944989570248e-18
377.7,-1.0043974713712791e-18
377.8,-1.0028034008521891e-18
377.9,-1.0012122811438962e-18
378.0,-9.996241060054276e-19
378.1,-9.980388692106558e-19
378.2,-9.96456564548261e-19
378.3,-9.94877185821688e-19
378.4,-9.933007268491147e-19
378.5,-9.917271814634026e-19
378.6,-9.901565435120684e-19
378.7,-9.885888068572397e-19
378.8,-9.870239653756155e-19
378.9,-9.85462012958434e-19
379.0,-9.839029435114244e-19
379.1,-9.823467509547802e-19
379.2,-9.807934292231127e-19
379.3,-9.792429722654145e-19
379.4,-9.776953740450259e-19
379.5,-9.761506285395903e-19
379.6,-9.746087297410217e-19
379.7,-9.730696716554688e-19
379.8,-9.71533448303268e-19
379.9,-9.700000537189176e-19
380.0,-9.68469481951034e-19
380.1,-9.669417270623146e-19
380.2,-9.654167831295056e-19
380.3,-9.638946442433574e-19
380.4,-9.62375304508595e-19
380.5,-9.60858758043877e-19
380.6,-9.593449989817616e-19
380.7,-9.578340214686683e-19
380.8,-9.563258196648414e-19
380.9,-9.548203877443166e-19
381.0,-9.533177198948794e-19
381.1,-9.518178103180347e-19
381.2,-9.503206532289698e-19
381.3,-9.488262428565126e-19
381.4,-9.47334573443105e-19
381.5,-9.458456392447598e-19
381.6,-9.443594345310305e-19
381.7,-9.428759535849718e-19
381.8,-9.413951907031056e-19
381.9,-9.399171401953878e-19
382.0,-9.384417963851678e-19
382.1,-9.369691536091622e-19
382.2,-9.354992062174114e-19
382.3,-9.340319485732466e-19
382.4,-9.325673750532617e-19
382.5,-9.311054800472683e-19
382.6,-9.29646257958269e-19
382.7,-9.281897032024207e-19
382.8,-9.26735810208998e-19
382.9,-9.252845734203626e-19
383.0,-9.238359872919252e-19
383.1,-9.223900462921166e-19
383.2,-9.209467449023502e-19
383.3,-9.195060776169847e-19
383.4,-9.18068038943301e-19
383.5,-9.166326234014564e-19
383.6,-9.15199825524459e-19
383.7,-9.137696398581332e-19
383.8,-9.123420609610816e-19
383.9,-9.109170834046572e-19
384.0,-9.094947017729278e-19
384.1,-9.080749106626437e-19
384.2,-9.066577046832033e-19
384.3,-9.052430784566214e-19
384.4,-9.03831026617496e-19
384.5,-9.024215438129767e-19
384.6,-9.010146247027304e-19
384.7,-8.996102639589103e-19
384.8,-8.982084562661196e-19
384.9,-8.968091963213873e-19
385.0,-8.954124788341265e-19
385.1,-8.94018298526109e-19
385.2,-8.926266501314306e-19
385.3,-8.912375283964784e-19
385.4,-8.898509280799024e-19
385.5,-8.884668439525773e-19
385.6,-8.870852707975786e-19
385.7,-8.85706203410146e-19
385.8,-8.843296365976512e-19
385.9,-8.82955565179571e-19
386.0,-8.815839839874524e-19
386.1,-8.802148878648812e-19
386.2,-8.788482716674547e-19
386.3,-8.77484130262744e-19
386.4,-8.761224585302702e-19
386.5,-8.747632513614676e-19
386.6,-8.734065036596577e-19
386.7,-8.720522103400155e-19
386.8,-8.707003663295384e-19
386.9,-8.693509665670194e-19
387.0,-8.680040060030116e-19
387.1,-8.666594795998018e-19
387.2,-8.653173823313794e-19
387.3,-8.6397770918340275e-19
387.4,-8.626404551531765e-19
387.5,-8.613056152496115e-19
387.6,-8.599731844932048e-19
387.7,-8.586431579160038e-19
387.8,-8.573155305615774e-19
387.9,-8.559902974849886e-19
388.0,-8.546674537527599e-19
388.1,-8.53346994442851e-19
388.2,-8.520289146446234e-19
388.3,-8.507132094588129e-19
388.4,-8.493998739975025e-19
388.5,-8.480889033840889e-19
388.6,-8.467802927532561e-19
388.7,-8.454740372509492e-19
388.8,-8.441701320343372e-19
388.9,-8.428685722717941e-19
389.0,-8.41569353142861e-19
389.1,-8.402724698382259e-19
389.2,-8.389779175596877e-19
389.3,-8.376856915201323e-19
389.4,-8.36395786943503e-19
389.5,-8.351081990647699e-19
389.6,-8.338229231299053e-19
389.7,-8.325399543958544e-19
389.8,-8.312592881305041e-19
389.9,-8.299809196126605e-19
390.0,-8.287048441320135e-19
390.1,-8.274310569891169e-19
390.2,-8.261595534953565e-19
390.3,-8.248903289729203e-19
390.4,-8.236233787547756e-19
390.5,-8.223586981846386e-19
390.6,-8.2109628261694625e-19
390.7,-8.198361274168325e-19
390.8,-8.185782279600956e-19
390.9,-8.173225796331753e-19
391.0,-8.160691778331229e-19
391.1,-8.148180179675768e-19
391.2,-8.135690954547331e-19
391.3,-8.12322405723318e-19
391.4,-8.110779442125658e-19
391.5,-8.098357063721848e-19
391.6,-8.085956876623363e-19
391.7,-8.073578835536068e-19
391.8,-8.061222895269786e-19
391.9,-8.048889010738083e-19
392.0,-8.036577136957926e-19
392.1,-8.024287229049519e-19
392.2,-8.012019242235959e-19
392.3,-7.999773131843003e-19
392.4,-7.987548853298826e-19
392.5,-7.975346362133715e-19
392.6,-7.963165613979848e-19
392.7,-7.951006564571037e-19
392.8,-7.938869169742422e-19
392.9,-7.926753385430269e-19
393.0,-7.914659167671675e-19
393.1,-7.902586472604332e-19
393.2,-7.890535256466284e-19
393.3,-7.878505475595611e-19
393.4,-7.866497086430259e-19
393.5,-7.854510045507712e-19
393.6,-7.84254430946479e-19
393.7,-7.830599835037383e-19
393.8,-7.818676579060174e-19
393.9,-7.806774498466435e-19
394.0,-7.794893550287722e-19
394.1,-7.783033691653677e-19
394.2,-7.771194879791764e-19
394.3,-7.759377072026987e-19
394.4,-7.747580225781697e-19
394.5,-7.735804298575296e-19
394.6,-7.724049248024032e-19
394.7,-7.712315031840732e-19
394.8,-7.700601607834553e-19
394.9,-7.688908933910755e-19
395.0,-7.67723696807044e-19
395.1,-7.665585668410329e-19
395.2,-7.653954993122517e-19
395.3,-7.642344900494199e-19
395.4,-7.630755348907483e-19
395.5,-7.619186296839102e-19
395.6,-7.607637702860202e-19
395.7,-7.596109525636118e-19
395.8,-7.584601723926076e-19
395.9,-7.57311425658304e-19
396.0,-7.561647082553389e-19
396.1,-7.550200160876746e-19
396.2,-7.538773450685726e-19
396.3,-7.527366911205677e-19
396.4,-7.515980501754481e-19
396.5,-7.5046141817422855e-19
396.6,-7.493267910671307e-19
396.7,-7.481941648135594e-19
396.8,-7.470635353820742e-19
396.9,-7.4593489875037455e-19
397.0,-7.448082509052703e-19
397.1,-7.436835878426625e-19
397.2,-7.425609055675188e-19
397.3,-7.414402000938505e-19
397.4,-7.403214674446918e-19
397.5,-7.392047036520741e-19
397.6,-7.380899047570058e-19
397.7,-7.369770668094494e-19
397.8,-7.358661858682964e-19
397.9,-7.347572580013504e-19
398.0,-7.336502792852981e-19
398.1,-7.325452458056916e-19
398.2,-7.314421536569261e-19
398.3,-7.303409989422132e-19
398.4,-7.292417777735647e-19
398.5,-7.281444862717659e-19
398.6,-7.270491205663574e-19
398.7,-7.259556767956108e-19
398.8,-7.248641511065054e-19
398.9,-7.237745396547106e-19
399.0,-7.226868386045598e-19
399.1,-7.21601044129033e-19
399.2,-7.205171524097307e-19
399.3,-7.19435159636855e-19
399.4,-7.183550620091894e-19
399.5,-7.172768557340718e-19
399.6,-7.162005370273803e-19
399.7,-7.151261021135078e-19
399.8,-7.140535472253385e-19
399.9,-7.129828686042326e-19
400.0,-7.119140625000001e-19
400.1,-7.108471251708822e-19
400.2,-7.0978205288353025e-19
400.3,-7.087188419129827e-19
400.4,-7.076574885426471e-19
400.5,-7.065979890642755e-19
400.6,-7.055403397779486e-19
400.7,-7.044845369920499e-19
400.8,-7.034305770232485e-19
400.9,-7.023784561964775e-19
401.0,-7.013281708449107e-19
401.1,-7.002797173099477e-19
401.2,-6.992330919411883e-19
401.3,-6.981882910964153e-19
401.4,-6.971453111415719e-19
401.5,-6.961041484507415e-19
401.6,-6.950647994061293e-19
401.7,-6.940272603980426e-19
401.8,-6.92991527824866e-19
401.9,-6.919575980930466e-19
402.0,-6.909254676170706e-19
402.1,-6.898951328194443e-19
402.2,-6.888665901306766e-19
402.3,-6.878398359892537e-19
402.4,-6.86814866841625e-19
402.5,-6.857916791421791e-19
402.6,-6.847702693532269e-19
402.7,-6.83750633944981e-19
402.8,-6.827327693955342e-19
402.9,-6.81716672190844e-19
403.0,-6.8070233882470835e-19
403.1,-6.796897657987504e-19
403.2,-6.786789496223968e-19
403.3,-6.776698868128589e-19
403.4,-6.766625738951141e-19
403.5,-6.756570074018843e-19
403.6,-6.746531838736199e-19
403.7,-6.736510998584787e-19
403.8,-6.726507519123073e-19
403.9,-6.716521365986222e-19
404.0,-6.706552504885906e-19
404.1,-6.696600901610109e-19
404.2,-6.686666522022961e-19
404.3,-6.676749332064519e-19
404.4,-6.6668492977506025e-19
404.5,-6.656966385172588e-19
404.6,-6.647100560497246e-19
404.7,-6.637251789966538e-19
404.8,-6.627420039897422e-19
404.9,-6.617605276681695e-19
405.0,-6.607807466785782e-19
405.1,-6.598026576750566e-19
405.2,-6.588262573191215e-19
405.3,-6.578515422796952e-19
405.4,-6.568785092330941e-19
405.5,-6.5590715486300345e-19
405.6,-6.549374758604667e-19
405.7,-6.539694689238596e-19
405.8,-6.530031307588785e-19
405.9,-6.520384580785177e-19
406.0,-6.510754476030546e-19
406.1,-6.501140960600307e-19
406.2,-6.491544001842334e-19
406.3,-6.481963567176785e-19
406.4,-6.472399624095924e-19
406.5,-6.462852140163939e-19
406.6,-6.453321083016777e-19
406.7,-6.443806420361959e-19
406.8,-6.434308119978406e-19
406.9,-6.42482614971626e-19
407.0,-6.415360477496705e-19
407.1,-6.405911071311818e-19
407.2,-6.396477899224374e-19
407.3,-6.387060929367653e-19
407.4,-6.377660129945325e-19
407.5,-6.368275469231205e-19
407.6,-6.358906915569146e-19
407.7,-6.349554437372834e-19
407.8,-6.340218003125603e-19
407.9,-6.330897581380311e-19
408.0,-6.32159314075912e-19
408.1,-6.312304649953359e-19
408.2,-6.303032077723351e-19
408.3,-6.293775392898218e-19
408.4,-6.284534564375751e-19
408.5,-6.275309561122211e-19
408.6,-6.266100352172176e-19
408.7,-6.256906906628377e-19
408.8,-6.247729193661514e-19
408.9,-6.23856718251012e-19
409.0,-6.229420842480349e-19
409.1,-6.220290142945874e-19
409.2,-6.211175053347661e-19
409.3,-6.202075543193832e-19
409.4,-6.192991582059516e-19
409.5,-6.183923139586652e-19
409.6,-6.174870185483844e-19
409.7,-6.165832689526221e-19
409.8,-6.156810621555213e-19
409.9,-6.147803951478466e-19
410.0,-6.138812649269605e-19
410.1,-6.129836684968138e-19
410.2,-6.120876028679264e-19
410.3,-6.111930650573704e-19
410.4,-6.103000520887568e-19
410.5,-6.094085609922173e-19
410.6,-6.08518588804389e-19
410.7,-6.076301325684007e-19
410.8,-6.067431893338532e-19
410.9,-6.058577561568071e-19
411.0,-6.04973830099765e-19
411.1,-6.040914082316567e-19
411.2,-6.032104876278239e-19
411.3,-6.023310653700021e-19
411.4,-6.014531385463108e-19
411.5,-6.005767042512295e-19
411.6,-5.997017595855908e-19
411.7,-5.988283016565608e-19
411.8,-5.979563275776214e-19
411.9,-5.970858344685609e-19
412.0,-5.962168194554533e-19
412.1,-5.95349279670646e-19
412.2,-5.944832122527455e-19
412.3,-5.936186143465972e-19
412.4,-5.927554831032767e-19
412.5,-5.918938156800695e-19
412.6,-5.910336092404601e-19
412.7,-5.901748609541138e-19
412.8,-5.893175679968628e-19
412.9,-5.8846172755069225e-19
413.0,-5.876073368037232e-19
413.1,-5.867543929502008e-19
413.2,-5.859028931904777e-19
413.3,-5.850528347309968e-19
413.4,-5.842042147842822e-19
413.5,-5.833570305689192e-19
413.6,-5.825112793095435e-19
413.7,-5.816669582368246e-19
413.8,-5.808240645874494e-19
413.9,-5.799825956041132e-19
414.0,-5.791425485354996e-19
414.1,-5.783039206362681e-19
414.2,-5.774667091670422e-19
414.3,-5.766309113943896e-19
414.4,-5.757965245908132e-19
414.5,-5.749635460347331e-19
414.6,-5.74131973010475e-19
414.7,-5.73301802808254e-19
414.8,-5.724730327241603e-19
414.9,-5.71645660060148e-19
415.0,-5.70819682124017e-19
415.1,-5.699950962294009e-19
415.2,-5.691718996957549e-19
415.3,-5.683500898483369e-19
415.4,-5.675296640181985e-19
415.5,-5.667106195421673e-19
415.6,-5.65892953762836e-19
415.7,-5.650766640285466e-19
415.8,-5.642617476933775e-19
415.9,-5.634482021171286e-19
416.0,-5.626360246653087e-19
416.1,-5.618252127091224e-19
416.2,-5.610157636254541e-19
416.3,-5.602076747968559e-19
416.4,-5.594009436115356e-19
416.5,-5.585955674633378e-19
416.6,-5.577915437517372e-19
416.7,-5.569888698818212e-19
416.8,-5.561875432642752e-19
416.9,-5.553875613153737e-19
417.0,-5.545889214569616e-19
417.1,-5.537916211164449e-19
417.2,-5.529956577267772e-19
417.3,-5.522010287264419e-19
417.4,-5.514077315594459e-19
417.5,-5.506157636753001e-19
417.6,-5.498251225290094e-19
417.7,-5.49035805581061e-19
417.8,-5.4824781029740575e-19
417.9,-5.474611341494516e-19
418.0,-5.466757746140461e-19
418.1,-5.458917291734655e-19
418.2,-5.451089953154013e-19
418.3,-5.44327570532946e-19
418.4,-5.43547452324583e-19
418.5,-5.427686381941707e-19
418.6,-5.419911256509317e-19
418.7,-5.412149122094398e-19
418.8,-5.404399953896062e-19
418.9,-5.396663727166672e-19
419.0,-5.388940417211716e-19
419.1,-5.381229999389687e-19
419.2,-5.373532449111949e-19
419.3,-5.365847741842605e-19
419.4,-5.358175853098393e-19
419.5,-5.350516758448529e-19
419.6,-5.342870433514612e-19
419.7,-5.335236853970485e-19
419.8,-5.327615995542104e-19
419.9,-5.320007834007434e-19
420.0,-5.312412345196304e-19
420.1,-5.304829504990298e-19
420.2,-5.297259289322628e-19
420.3,-5.289701674178004e-19
420.4,-5.282156635592525e-19
420.5,-5.274624149653543e-19
420.6,-5.267104192499551e-19
420.7,-5.259596740320068e-19
420.8,-5.252101769355488e-19
420.9,-5.244619255897001e-19
421.0,-5.237149176286425e-19
421.1,-5.22969150691614e-19
421.2,-5.222246224228926e-19
421.3,-5.214813304717846e-19
421.4,-5.207392724926165e-19
421.5,-5.199984461447174e-19
421.6,-5.192588490924128e-19
421.7,-5.185204790050083e-19
421.8,-5.177833335567796e-19
421.9,-5.170474104269624e-19
422.0,-5.163127072997369e-19
422.1,-5.155792218642196e-19
422.2,-5.148469518144496e-19
422.3,-5.141158948493767e-19
422.4,-5.133860486728531e-19
422.5,-5.126574109936162e-19
422.6,-5.119299795252824e-19
422.7,-5.112037519863326e-19
422.8,-5.104787261001009e-19
422.9,-5.097548995947644e-19
423.0,-5.090322702033305e-19
423.1,-5.083108356636265e-19
423.2,-5.075905937182884e-19
423.3,-5.068715421147458e-19
423.4,-5.06153678605218e-19
423.5,-5.054370009466939e-19
423.6,-5.047215069009292e-19
423.7,-5.040071942344291e-19
423.8,-5.032940607184383e-19
423.9,-5.025821041289332e-19
424.0,-5.018713222466055e-19
424.1,-5.011617128568559e-19
424.2,-5.004532737497805e-19
424.3,-4.997460027201587e-19
424.4,-4.990398975674458e-19
424.5,-4.983349560957575e-19
424.6,-4.976311761138634e-19
424.7,-4.969285554351731e-19
424.8,-4.962270918777256e-19
424.9,-4.955267832641794e-19
425.0,-4.948276274218001e-19
425.1,-4.941296221824528e-19
425.2,-4.934327653825872e-19
425.3,-4.927370548632293e-19
425.4,-4.9204248846997e-19
425.5,-4.913490640529547e-19
425.6,-4.906567794668714e-19
425.7,-4.899656325709428e-19
425.8,-4.892756212289116e-19
425.9,-4.885867433090343e-19
426.0,-4.878989966840665e-19
426.1,-4.872123792312559e-19
426.2,-4.865268888323295e-19
426.3,-4.858425233734834e-19
426.4,-4.85159280745373e-19
426.5,-4.844771588431019e-19
426.6,-4.837961555662124e-19
426.7,-4.831162688186747e-19
426.8,-4.824374965088752e-19
426.9,-4.817598365496088e-19
427.0,-4.810832868580653e-19
427.1,-4.804078453558222e-19
427.2,-4.797335099688332e-19
427.3,-4.790602786274171e-19
427.4,-4.783881492662492e-19
427.5,-4.777171198243489e-19
427.6,-4.770471882450732e-19
427.7,-4.763783524761025e-19
427.8,-4.757106104694332e-19
427.9,-4.750439601813665e-19
428.0,-4.743783995724975e-19
428.1,-4.737139266077086e-19
428.2,-4.730505392561557e-19
428.3,-4.723882354912587e-19
428.4,-4.717270132906953e-19
428.5,-4.710668706363854e-19
428.6,-4.704078055144857e-19
428.7,-4.697498159153786e-19
428.8,-4.690928998336608e-19
428.9,-4.684370552681354e-19
429.0,-4.677822802218008e-19
429.1,-4.671285727018417e-19
429.2,-4.664759307196205e-19
429.3,-4.658243522906636e-19
429.4,-4.651738354346568e-19
429.5,-4.6452437817543165e-19
429.6,-4.638759785409573e-19
429.7,-4.632286345633328e-19
429.8,-4.625823442787726e-19
429.9,-4.619371057276031e-19
430.0,-4.6129291695424665e-19
430.1,-4.60649776007218e-19
430.2,-4.600076809391112e-19
430.3,-4.593666298065911e-19
430.4,-4.5872662067038335e-19
430.5,-4.580876515952666e-19
430.6,-4.574497206500605e-19
430.7,-4.568128259076196e-19
430.8,-4.561769654448204e-19
430.9,-4.555421373425547e-19
431.0,-4.549083396857195e-19
431.1,-4.542755705632074e-19
431.2,-4.536438280678976e-19
431.3,-4.530131102966462e-19
431.4,-4.523834153502781e-19
431.5,-4.517547413335765e-19
431.6,-4.511270863552748e-19
431.7,-4.5050044852804705e-19
431.8,-4.49874825968498e-19
431.9,-4.492502167971553e-19
432.0,-4.486266191384604e-19
432.1,-4.480040311207578e-19
432.2,-4.473824508762886e-19
432.3,-4.467618765411789e-19
432.4,-4.461423062554329e-19
432.5,-4.455237381629226e-19
432.6,-4.449061704113792e-19
432.7,-4.4428960115238545e-19
432.8,-4.436740285413642e-19
432.9,-4.430594507375716e-19
433.0,-4.424458659040874e-19
433.1,-4.418332722078068e-19
433.2,-4.412216678194307e-19
433.3,-4.406110509134577e-19
433.4,-4.400014196681755e-19
433.5,-4.393927722656501e-19
433.6,-4.387851068917206e-19
433.7,-4.381784217359878e-19
433.8,-4.37572714991806e-19
433.9,-4.369679848562759e-19
434.0,-4.363642295302329e-19
434.1,-4.357614472182419e-19
434.2,-4.35159636128587e-19
434.3,-4.345587944732625e-19
434.4,-4.339589204679654e-19
434.5,-4.3336001233208686e-19
434.6,-4.327620682887023e-19
434.7,-4.3216508656456525e-19
434.8,-4.315690653900962e-19
434.9,-4.3097400299937723e-19
435.0,-4.3037989763013998e-19
435.1,-4.2978674752376113e-19
435.2,-4.291945509252512e-19
435.3,-4.286033060832465e-19
435.4,-4.2801301125000273e-19
435.5,-4.274236646813848e-19
435.6,-4.2683526463685885e-19
435.7,-4.262478093794851e-19
435.8,-4.2566129717590794e-19
435.9,-4.2507572629634893e-19
436.0,-4.2449109501459786e-19
436.1,-4.2390740160800565e-19
436.2,-4.2332464435747546e-19
436.3,-4.227428215474531e-19
436.4,-4.2216193146592243e-19
436.5,-4.215819724043938e-19
436.6,-4.210029426578982e-19
436.7,-4.20424840524978e-19
436.8,-4.1984766430767875e-19
436.9,-4.1927141231154364e-19
437.0,-4.1869608284560085e-19
437.1,-4.1812167422236083e-19
437.2,-4.175481847578046e-19
437.3,-4.16975612771377e-19
437.4,-4.164039565859794e-19
437.5,-4.1583321452796024e-19
437.6,-4.152633849271095e-19
437.7,-4.146944661166489e-19
437.8,-4.1412645643322354e-19
437.9,-4.1355935421689747e-19
438.0,-4.129931578111417e-19
438.1,-4.1242786556282886e-19
438.2,-4.1186347582222547e-19
438.3,-4.1129998694298334e-19
438.4,-4.107373972821319e-19
438.5,-4.1017570520007057e-19
438.6,-4.096149090605626e-19
438.7,-4.090550072307246e-19
438.8,-4.0849599808102084e-19
438.9,-4.0793787998525624e-19
439.0,-4.073806513205653e-19
439.1,-4.0682431046740974e-19
439.2,-4.062688558095667e-19
439.3,-4.0571428573412203e-19
439.4,-4.0516059863146444e-19
439.5,-4.0460779289527634e-19
439.6,-4.04055866922527e-19
439.7,-4.0350481911346554e-19
439.8,-4.0295464787161207e-19
439.9,-4.0240535160375147e-19
440.0,-4.0185692871992534e-19
440.1,-4.013093776334257e-19
440.2,-4.007626967607864e-19
440.3,-4.0021688452177544e-19
440.4,-3.9967193933938906e-19
440.5,-3.9912785963984374e-19
440.6,-3.985846438525687e-19
440.7,-3.9804229041019846e-19
440.8,-3.975007977485665e-19
440.9,-3.969601643066969e-19
441.0,-3.964203885267976e-19
441.1,-3.9588146885425366e-19
441.2,-3.9534340373761916e-19
441.3,-3.948061916286103e-19
441.4,-3.9426983098209937e-19
441.5,-3.937343202561047e-19
441.6,-3.9319965791178786e-19
441.7,-3.926658424134424e-19
441.8,-3.92132872228489e-19
441.9,-3.9160074582746856e-19
442.0,-3.910694616840335e-19
442.1,-3.9053901827494205e-19
442.2,-3.9000941408005156e-19
442.3,-3.894806475823099e-19
442.4,-3.8895271726775027e-19
442.5,-3.8842562162548223e-19
442.6,-3.8789935914768737e-19
442.7,-3.8737392832960996e-19
442.8,-3.8684932766955113e-19
442.9,-3.8632555566886194e-19
443.0,-3.8580261083193625e-19
443.1,-3.8528049166620427e-19
443.2,-3.847591966821253e-19
443.3,-3.842387243931811e-19
443.4,-3.8371907331586894e-19
443.5,-3.832002419696945e-19
443.6,-3.8268222887716597e-19
443.7,-3.8216503256378737e-19
443.8,-3.8164865155804965e-19
443.9,-3.8113308439142753e-19
444.0,-3.806183295983681e-19
444.1,-3.801043857162898e-19
444.2,-3.7959125128557107e-19
444.3,-3.790789248495453e-19
444.4,-3.7856740495449523e-19
444.5,-3.780566901496444e-19
444.6,-3.7754677898715162e-19
444.7,-3.77037670022105e-19
444.8,-3.7652936181251396e-19
444.9,-3.7602185291930382e-19
445.0,-3.755151419063078e-19
445.1,-3.750092273402622e-19
445.2,-3.7450410779079975e-19
445.3,-3.739997818304405e-19
445.4,-3.7349624803458963e-19
445.5,-3.7299350498152648e-19
445.6,-3.7249155125240245e-19
445.7,-3.7199038543123116e-19
445.8,-3.714900061048833e-19
445.9,-3.709904118630804e-19
446.0,-3.7049160129838773e-19
446.1,-3.6999357300621013e-19
446.2,-3.6949632558478196e-19
446.3,-3.689998576351638e-19
446.4,-3.6850416776123517e-19
446.5,-3.6800925456968715e-19
446.6,-3.675151166700185e-19
446.7,-3.6702175267452733e-19
446.8,-3.665291611983046e-19
446.9,-3.660373408592308e-19
447.0,-3.6554629027796502e-19
447.1,-3.6505600807794375e-19
447.2,-3.645664928853708e-19
447.3,-3.640777433292136e-19
447.4,-3.6358975804119526e-19
447.5,-3.6310253565578915e-19
447.6,-3.626160748102133e-19
447.7,-3.6213037414442434e-19
447.8,-3.6164543230110935e-19
447.9,-3.6116124792568216e-19
448.0,-3.606778196662763e-19
448.1,-3.6019514617373836e-19
448.2,-3.5971322610162415e-19
448.3,-3.592320581061892e-19
448.4,-3.5875164084638556e-19
448.5,-3.582719729838543e-19
448.6,-3.577930531829208e-19
448.7,-3.573148801105884e-19
448.8,-3.568374524365302e-19
448.9,-3.5636076883308714e-19
449.0,-3.5588482797525787e-19
449.1,-3.5540962854069665e-19
449.2,-3.5493516920970514e-19
449.3,-3.54461448665226e-19
449.4,-3.5398846559283994e-19
449.5,-3.535162186807562e-19
449.6,-3.5304470661980926e-19
449.7,-3.5257392810345263e-19
449.8,-3.5210388182775183e-19
449.9,-3.516345664913799e-19
450.0,-3.5116598079561035e-19
450.1,-3.5069812344431327e-19
450.2,-3.502309931439475e-19
450.3,-3.4976458860355654e-19
450.4,-3.4929890853476126e-19
450.5,-3.488339516517552e-19
450.6,-3.483697166712994e-19
450.7,-3.479062023127153e-19
450.8,-3.474434072978798e-19
450.9,-3.4698133035121974e-19
451.0,-3.4651997019970556e-19
451.1,-3.4605932557284645e-19
451.2,-3.455993952026852e-19
451.3,-3.451401778237902e-19
451.4,-3.4468167217325317e-19
451.5,-3.442238769906798e-19
451.6,-3.4376679101818874e-19
451.7,-3.4331041300040156e-19
451.8,-3.4285474168443998e-19
451.9,-3.4239977581991964e-19
452.0,-3.419455141589444e-19
452.1,-3.4149195545610037e-19
452.2,-3.410390984684527e-19
452.3,-3.4058694195553595e-19
452.4,-3.401354846793529e-19
452.5,-3.3968472540436703e-19
452.6,-3.3923466289749625e-19
452.7,-3.3878529592811053e-19
452.8,-3.383366232680223e-19
452.9,-3.378886436914853e-19
453.0,-3.374413559751856e-19
453.1,-3.369947588982387e-19
453.2,-3.3654885124218294e-19
453.3,-3.3610363179097506e-19
453.4,-3.3565909933098354e-19
453.5,-3.352152526509841e-19
453.6,-3.347720905421554e-19
453.7,-3.3432961179807163e-19
453.8,-3.338878152146985e-19
453.9,-3.3344669959038814e-19
454.0,-3.3300626372587335e-19
454.1,-3.3256650642426236e-19
454.2,-3.321274264910338e-19
454.3,-3.3168902273403145e-19
454.4,-3.31251293963459e-19
454.5,-3.308142389918751e-19
454.6,-3.303778566341874e-19
454.7,-3.299421457076487e-19
454.8,-3.2950710503185024e-19
454.9,-3.290727334287182e-19
455.0,-3.2863902972250696e-19
455.1,-3.282059927397951e-19
455.2,-3.277736213094805e-19
455.3,-3.273419142627732e-19
455.4,-3.2691087043319404e-19
455.5,-3.2648048865656493e-19
455.6,-3.2605076777100844e-19
455.7,-3.2562170661693906e-19
455.8,-3.251933040370603e-19
455.9,-3.247655588763594e-19
456.0,-3.2433846998210105e-19
456.1,-3.2391203620382406e-19
456.2,-3.2348625639333555e-19
456.3,-3.230611294047055e-19
456.4,-3.226366540942637e-19
456.5,-3.222128293205918e-19
456.6,-3.21789653944521e-19
456.7,-3.213671268291269e-19
456.8,-3.2094524683972193e-19
456.9,-3.205240128438542e-19
457.0,-3.201034237112996e-19
457.1,-3.1968347831405886e-19
457.2,-3.192641755263523e-19
457.3,-3.1884551422461343e-19
457.4,-3.1842749328748644e-19
457.5,-3.1801011159581935e-19
457.6,-3.175933680326608e-19
457.7,-3.171772614832547e-19
457.8,-3.167617908350348e-19
457.9,-3.1634695497762e-19
458.0,-3.159327528028112e-19
458.1,-3.1551918320458395e-19
458.2,-3.151062450790866e-19
458.3,-3.146939373246324e-19
458.4,-3.14282258841698e-19
458.5,-3.1387120853291546e-19
458.6,-3.1346078530307045e-19
458.7,-3.130509880590969e-19
458.8,-3.1264181571006947e-19
458.9,-3.1223326716720407e-19
459.0,-3.1182534134384785e-19
459.1,-3.1141803715547845e-19
459.2,-3.1101135351969783e-19
459.3,-3.106052893562271e-19
459.4,-3.1019984358690337e-19
459.5,-3.0979501513567333e-19
459.6,-3.0939080292859066e-19
459.7,-3.089872058938103e-19
459.8,-3.0858422296158344e-19
459.9,-3.081818530642543e-19
460.0,-3.077800951362543e-19
460.1,-3.073789481140983e-19
460.2,-3.0697841093638024e-19
460.3,-3.065784825437675e-19
460.4,-3.061791618789977e-19
460.5,-3.0578044788687324e-19
460.6,-3.0538233951425748e-19
460.7,-3.0498483571007044e-19
460.8,-3.045879354252829e-19
460.9,-3.041916376129142e-19
461.0,-3.0379594122802513e-19
461.1,-3.034008452277161e-19
461.2,-3.0300634857112157e-19
461.3,-3.0261245021940457e-19
461.4,-3.022191491357547e-19
461.5,-3.0182644428538106e-19
461.6,-3.014343346355105e-19
461.7,-3.0104281915538143e-19
461.8,-3.006518968162398e-19
461.9,-3.002615665913351e-19
462.0,-2.9987182745591624e-19
462.1,-2.9948267838722645e-19
462.2,-2.9909411836449976e-19
462.3,-2.9870614636895583e-19
462.4,-2.9831876138379695e-19
462.5,-2.979319623942023e-19
462.6,-2.975457483873247e-19
462.7,-2.9716011835228587e-19
462.8,-2.9677507128017207e-19
462.9,-2.9639060616403076e-19
463.0,-2.9600672199886504e-19
463.1,-2.9562341778163013e-19
463.2,-2.952406925112301e-19
463.3,-2.9485854518851106e-19
463.4,-2.944769748162599e-19
463.5,-2.9409598039919824e-19
463.6,-2.9371556094397883e-19
463.7,-2.93335715459182e-19
463.8,-2.929564429553096e-19
463.9,-2.925777424447836e-19
464.0,-2.9219961294193954e-19
464.1,-2.918220534630235e-19
464.2,-2.9144506302618823e-19
464.3,-2.9106864065148814e-19
464.4,-2.906927853608767e-19
464.5,-2.9031749617819987e-19
464.6,-2.8994277212919465e-19
464.7,-2.8956861224148424e-19
464.8,-2.8919501554457246e-19
464.9,-2.88821981069842e-19
465.0,-2.884495078505483e-19
465.1,-2.880775949218172e-19
465.2,-2.8770624132064046e-19
465.3,-2.8733544608587046e-19
465.4,-2.8696520825821836e-19
465.5,-2.8659552688024845e-19
465.6,-2.862264009963751e-19
465.7,-2.8585782965285805e-19
465.8,-2.8548981189779855e-19
465.9,-2.8512234678113703e-19
466.0,-2.8475543335464636e-19
466.1,-2.8438907067192952e-19
466.2,-2.8402325778841703e-19
466.3,-2.8365799376135947e-19
466.4,-2.832932776498274e-19
466.5,-2.829291085147041e-19
466.6,-2.825654854186844e-19
466.7,-2.822024074262698e-19
466.8,-2.8183987360376377e-19
466.9,-2.8147788301926907e-19
467.0,-2.811164347426832e-19
467.1,-2.807555278456949e-19
467.2,-2.803951614017805e-19
467.3,-2.800353344861993e-19
467.4,-2.7967604617599077e-19
467.5,-2.7931729554997e-19
467.6,-2.7895908168872386e-19
467.7,-2.7860140367460843e-19
467.8,-2.7824426059174317e-19
467.9,-2.7788765152600954e-19
468.0,-2.7753157556504437e-19
468.1,-2.771760317982389e-19
468.2,-2.768210193167344e-19
468.3,-2.764665372134158e-19
468.4,-2.7611258458291236e-19
468.5,-2.7575916052158985e-19
468.6,-2.754062641275501e-19
468.7,-2.750538945006247e-19
468.8,-2.747020507423732e-19
468.9,-2.743507319560783e-19
469.0,-2.7399993724674265e-19
469.1,-2.7364966572108537e-19
469.2,-2.7329991648753736e-19
469.3,-2.7295068865623937e-19
469.4,-2.7260198133903714e-19
469.5,-2.7225379364947736e-19
469.6,-2.719061247028053e-19
469.7,-2.715589736159609e-19
469.8,-2.712123395075741e-19
469.9,-2.7086622149796303e-19
470.0,-2.705206187091282e-19
470.1,-2.701755302647512e-19
470.2,-2.698309552901899e-19
470.3,-2.6948689291247414e-19
470.4,-2.6914334226030455e-19
470.5,-2.6880030246404604e-19
470.6,-2.6845777265572695e-19
470.7,-2.6811575196903405e-19
470.8,-2.67774239539309e-19
470.9,-2.674332345035451e-19
471.0,-2.6709273600038426e-19
471.1,-2.6675274317011273e-19
471.2,-2.664132551546587e-19
471.3,-2.660742710975863e-19
471.4,-2.6573579014409607e-19
471.5,-2.653978114410181e-19
471.6,-2.6506033413680956e-19
471.7,-2.6472335738155254e-19
471.8,-2.643868803269487e-19
471.9,-2.640509021263173e-19
472.0,-2.637154219345903e-19
472.1,-2.633804389083108e-19
472.2,-2.6304595220562854e-19
472.3,-2.627119609862957e-19
472.4,-2.623784644116655e-19
472.5,-2.620454616446868e-19
472.6,-2.617129518499025e-19
472.7,-2.613809341934452e-19
472.8,-2.6104940784303334e-19
472.9,-2.6071837196796937e-19
473.0,-2.6038782573913427e-19
473.1,-2.6005776832898696e-19
473.2,-2.597281989115585e-19
473.3,-2.5939911666244963e-19
473.4,-2.5907052075882844e-19
473.5,-2.5874241037942527e-19
473.6,-2.5841478470453093e-19
473.7,-2.5808764291599265e-19
473.8,-2.577609841972103e-19
473.9,-2.574348077331351e-19
474.0,-2.571091127102637e-19
474.1,-2.5678389831663673e-19
474.2,-2.564591637418358e-19
474.3,-2.5613490817697826e-19
474.4,-2.5581113081471567e-19
474.5,-2.554878308492305e-19
474.6,-2.5516500747623215e-19
474.7,-2.5484265989295432e-19
474.8,-2.545207872981511e-19
474.9,-2.541993888920947e-19
475.0,-2.538784638765719e-19
475.1,-2.5355801145488014e-19
475.2,-2.5323803083182577e-19
475.3,-2.5291852121371947e-19
475.4,-2.5259948180837426e-19
475.5,-2.52280911825101e-19
475.6,-2.519628104747067e-19
475.7,-2.516451769694906e-19
475.8,-2.5132801052324074e-19
475.9,-2.510113103512315e-19
476.0,-2.506950756702202e-19
476.1,-2.5037930569844414e-19
476.2,-2.500639996556174e-19
476.3,-2.497491567629267e-19
476.4,-2.4943477624303085e-19
476.5,-2.49120857320055e-19
476.6,-2.488073992195889e-19
476.7,-2.4849440116868417e-19
476.8,-2.481818623958495e-19
476.9,-2.4786978213105023e-19
477.0,-2.4755815960570254e-19
477.1,-2.472469940526725e-19
477.2,-2.469362847062721e-19
477.3,-2.46626030802256e-19
477.4,-2.4631623157781915e-19
477.5,-2.4600688627159344e-19
477.6,-2.4569799412364486e-19
477.7,-2.453895543754707e-19
477.8,-2.450815662699951e-19
477.9,-2.447740290515684e-19
478.0,-2.4446694196596224e-19
478.1,-2.441603042603678e-19
478.2,-2.4385411518339214e-19
478.3,-2.4354837398505535e-19
478.4,-2.4324307991678817e-19
478.5,-2.4293823223142747e-19
478.6,-2.4263383018321585e-19
478.7,-2.4232987302779623e-19
478.8,-2.4202636002221045e-19
478.9,-2.4172329042489566e-19
479.0,-2.4142066349568154e-19
479.1,-2.411184784957878e-19
479.2,-2.4081673468782075e-19
479.3,-2.4051543133577046e-19
479.4,-2.4021456770500854e-19
479.5,-2.399141430622838e-19
479.6,-2.396141566757216e-19
479.7,-2.3931460781481866e-19
479.8,-2.390154957504416e-19
479.9,-2.387168197548238e-19
480.0,-2.3841857910156254e-19
480.1,-2.3812077306561565e-19
480.2,-2.378234009233001e-19
480.3,-2.3752646195228738e-19
480.4,-2.3722995543160167e-19
480.5,-2.369338806416169e-19
480.6,-2.3663823686405395e-19
480.7,-2.3634302338197825e-19
480.8,-2.3604823947979577e-19
480.9,-2.357538844432514e-19
481.0,-2.3545995755942557e-19
481.1,-2.3516645811673225e-19
481.2,-2.348733854049153e-19
481.3,-2.3458073871504555e-19
481.4,-2.3428851733951915e-19
481.5,-2.3399672057205383e-19
481.6,-2.3370534770768666e-19
481.7,-2.334143980427714e-19
481.8,-2.3312387087497505e-19
481.9,-2.328337655032758e-19
482.0,-2.3254408122796044e-19
482.1,-2.32254817350621e-19
482.2,-2.3196597317415233e-19
482.3,-2.3167754800274936e-19
482.4,-2.3138954114190513e-19
482.5,-2.3110195189840666e-19
482.6,-2.308147795803338e-19
482.7,-2.30528023497055e-19
482.8,-2.302416829592261e-19
482.9,-2.2995575727878723e-19
483.0,-2.2967024576895912e-19
483.1,-2.293851477442416e-19
483.2,-2.291004625204116e-19
483.3,-2.288161894145179e-19
483.4,-2.2853232774488143e-19
483.5,-2.282488768310906e-19
483.6,-2.2796583599400006e-19
483.7,-2.276832045557271e-19
483.8,-2.2740098183964936e-19
483.9,-2.2711916717040235e-19
484.0,-2.2683775987387693e-19
484.1,-2.265567592772165e-19
484.2,-2.262761647088144e-19
484.3,-2.259959754983111e-19
484.4,-2.257161909765926e-19
484.5,-2.2543681047578663e-19
484.6,-2.2515783332926115e-19
484.7,-2.248792588716208e-19
484.8,-2.2460108643870514e-19
484.9,-2.243233153675856e-19
485.0,-2.2404594499656346e-19
485.1,-2.2376897466516675e-19
485.2,-2.234924037141483e-19
485.3,-2.232162314854824e-19
485.4,-2.229404573223632e-19
485.5,-2.2266508056920126e-19
485.6,-2.2239010057162243e-19
485.7,-2.2211551667646407e-19
485.8,-2.218413282317724e-19
485.9,-2.2156753458680146e-19
486.0,-2.212941350920093e-19
486.1,-2.210211290990561e-19
486.2,-2.2074851596080157e-19
486.3,-2.2047629503130206e-19
486.4,-2.2020446566580946e-19
486.5,-2.1993302722076686e-19
486.6,-2.196619790538071e-19
486.7,-2.1939132052375124e-19
486.8,-2.1912105099060406e-19
486.9,-2.188511698155532e-19
487.0,-2.185816763609659e-19
487.1,-2.1831256999038775e-19
487.2,-2.180438500685385e-19
487.3,-2.1777551596131113e-19
487.4,-2.1750756703576875e-19
487.5,-2.172400026601426e-19
487.6,-2.169728222038288e-19
487.7,-2.1670602503738766e-19
487.8,-2.1643961053253918e-19
487.9,-2.161735780621624e-19
488.0,-2.1590792700029182e-19
488.1,-2.1564265672211595e-19
488.2,-2.1537776660397458e-19
488.3,-2.1511325602335577e-19
488.4,-2.1484912435889495e-19
488.5,-2.1458537099037122e-19
488.6,-2.1432199529870602e-19
488.7,-2.140589966659597e-19
488.8,-2.1379637447533037e-19
488.9,-2.1353412811115052e-19
489.0,-2.1327225695888539e-19
489.1,-2.1301076040513073e-19
489.2,-2.1274963783761015e-19
489.3,-2.124888886451721e-19
489.4,-2.122285122177895e-19
489.5,-2.119685079465555e-19
489.6,-2.117088752236824e-19
489.7,-2.1144961344249881e-19
489.8,-2.1119072199744723e-19
489.9,-2.10932200284083e-19
490.0,-2.1067404769906986e-19
490.1,-2.1041626364017975e-19
490.2,-2.1015884750628967e-19
490.3,-2.0990179869737914e-19
490.4,-2.096451166145288e-19
490.5,-2.0938880065991666e-19
490.6,-2.091328502368182e-19
490.7,-2.0887726474960194e-19
490.8,-2.0862204360372837e-19
490.9,-2.0836718620574734e-19
491.0,-2.0811269196329567e-19
491.1,-2.0785856028509587e-19
491.2,-2.0760479058095292e-19
491.3,-2.0735138226175227e-19
491.4,-2.070983347394578e-19
491.5,-2.0684564742710975e-19
491.6,-2.0659331973882226e-19
491.7,-2.0634135108978185e-19
491.8,-2.0608974089624384e-19
491.9,-2.0583848857553182e-19
492.0,-2.0558759354603393e-19
492.1,-2.053370552272022e-19
492.2,-2.050868730395496e-19
492.3,-2.0483704640464725e-19
492.4,-2.0458757474512413e-19
492.5,-2.0433845748466252e-19
492.6,-2.0408969404799793e-19
492.7,-2.0384128386091603e-19
492.8,-2.0359322635025057e-19
492.9,-2.0334552094388128e-19
493.0,-2.0309816707073172e-19
493.1,-2.0285116416076744e-19
493.2,-2.0260451164499386e-19
493.3,-2.0235820895545334e-19
493.4,-2.021122555252243e-19
493.5,-2.0186665078841795e-19
493.6,-2.0162139418017773e-19
493.7,-2.0137648513667555e-19
493.8,-2.0113192309511018e-19
493.9,-2.008877074937063e-19
494.0,-2.0064383777171095e-19
494.1,-2.0040031336939184e-19
494.2,-2.0015713372803642e-19
494.3,-1.999142982899481e-19
494.4,-1.9967180649844523e-19
494.5,-1.9942965779785857e-19
494.6,-1.9918785163353019e-19
494.7,-1.9894638745181013e-19
494.8,-1.9870526470005494e-19
494.9,-1.9846448282662625e-19
495.0,-1.9822404128088754e-19
495.1,-1.9798393951320285e-19
495.2,-1.9774417697493515e-19
495.3,-1.9750475311844314e-19
495.4,-1.9726566739708036e-19
495.5,-1.9702691926519257e-19
495.6,-1.9678850817811584e-19
495.7,-1.9655043359217517e-19
495.8,-1.9631269496468133e-19
495.9,-1.9607529175392995e-19
496.0,-1.9583822341919853e-19
496.1,-1.9560148942074559e-19
496.2,-1.9536508921980807e-19
496.3,-1.951290222785992e-19
496.4,-1.9489328806030702e-19
496.5,-1.9465788602909166e-19
496.6,-1.9442281565008437e-19
496.7,-1.941880763893851e-19
496.8,-1.939536677140599e-19
496.9,-1.937195890921405e-19
497.0,-1.9348583999262057e-19
497.1,-1.9325241988545527e-19
497.2,-1.930193282415589e-19
497.3,-1.92786564532802e-19
497.4,-1.9255412823201103e-19
497.5,-1.923220188129651e-19
497.6,-1.9209023575039502e-19
497.7,-1.9185877851998079e-19
497.8,-1.9162764659834972e-19
497.9,-1.9139683946307504e-19
498.0,-1.9116635659267319e-19
498.1,-1.9093619746660295e-19
498.2,-1.9070636156526265e-19
498.3,-1.9047684836998874e-19
498.4,-1.9024765736305346e-19
498.5,-1.9001878802766388e-19
498.6,-1.8979023984795864e-19
498.7,-1.89562012309008e-19
498.8,-1.8933410489680993e-19
498.9,-1.8910651709828948e-19
499.0,-1.888792484012964e-19
499.1,-1.8865229829460403e-19
499.2,-1.8842566626790672e-19
499.3,-1.8819935181181773e-19
499.4,-1.8797335441786843e-19
499.5,-1.877476735785057e-19
499.6,-1.8752230878709028e-19
499.7,-1.872972595378951e-19
499.8,-1.870725253261028e-19
499.9,-1.868481056478052e-19
500.0,-1.866239999999999e-19
500.1,-1.8640020788058997e-19
500.2,-1.8617672878838107e-19
500.3,-1.8595356222307983e-19
500.4,-1.857307076852928e-19
500.5,-1.8550816467652368e-19
500.6,-1.8528593269917185e-19
500.7,-1.850640112565312e-19
500.8,-1.8484239985278709e-19
500.9,-1.8462109799301597e-19
501.0,-1.8440010518318254e-19
501.1,-1.8417942093013846e-19
501.2,-1.8395904474162059e-19
501.3,-1.837389761262489e-19
501.4,-1.8351921459352517e-19
501.5,-1.8329975965383097e-19
501.6,-1.8308061081842567e-19
501.7,-1.8286176759944531e-19
501.8,-1.8264322950990026e-19
501.9,-1.8242499606367406e-19
502.0,-1.822070667755205e-19
502.1,-1.8198944116106374e-19
502.2,-1.8177211873679515e-19
502.3,-1.8155509902007178e-19
502.4,-1.8133838152911525e-19
502.5,-1.8112196578300935e-19
502.6,-1.8090585130169845e-19
502.7,-1.8069003760598675e-19
502.8,-1.8047452421753473e-19
502.9,-1.8025931065885952e-19
503.0,-1.8004439645333088e-19
503.1,-1.7982978112517225e-19
503.2,-1.7961546419945657e-19
503.3,-1.79401445202106e-19
503.4,-1.7918772365988995e-19
503.5,-1.7897429910042308e-19
503.6,-1.7876117105216364e-19
503.7,-1.7854833904441275e-19
503.8,-1.783358026073113e-19
503.9,-1.7812356127183933e-19
504.0,-1.7791161456981356e-19
504.1,-1.7769996203388671e-19
504.2,-1.7748860319754515e-19
504.3,-1.7727753759510693e-19
504.4,-1.770667647617216e-19
504.5,-1.7685628423336615e-19
504.6,-1.7664609554684622e-19
504.7,-1.7643619823979225e-19
504.8,-1.7622659185065862e-19
504.9,-1.7601727591872259e-19
505.0,-1.7580824998408106e-19
505.1,-1.755995135876509e-19
505.2,-1.7539106627116653e-19
505.3,-1.7518290757717708e-19
505.4,-1.7497503704904728e-19
505.5,-1.7476745423095333e-19
505.6,-1.7456015866788296e-19
505.7,-1.7435314990563365e-19
505.8,-1.741464274908095e-19
505.9,-1.739399909708222e-19
506.0,-1.7373383989388694e-19
506.1,-1.7352797380902264e-19
506.2,-1.7332239226604925e-19
506.3,-1.7311709481558668e-19
506.4,-1.729120810090534e-19
506.5,-1.727073503986637e-19
506.6,-1.7250290253742799e-19
506.7,-1.7229873697914986e-19
506.8,-1.720948532784247e-19
506.9,-1.7189125099063867e-19
507.0,-1.7168792967196622e-19
507.1,-1.7148488887936967e-19
507.2,-1.7128212817059714e-19
507.3,-1.7107964710418034e-19
507.4,-1.7087744523943447e-19
507.5,-1.7067552213645512e-19
507.6,-1.70473877356118e-19
507.7,-1.7027251046007661e-19
507.8,-1.7007142101076075e-19
507.9,-1.6987060857137581e-19
508.0,-1.696700727059002e-19
508.1,-1.6946981297908427e-19
508.2,-1.6926982895644922e-19
508.3,-1.6907012020428472e-19
508.4,-1.688706862896479e-19
508.5,-1.6867152678036192e-19
508.6,-1.6847264124501437e-19
508.7,-1.6827402925295557e-19
508.8,-1.6807569037429723e-19
508.9,-1.6787762417991118e-19
509.0,-1.6767983024142744e-19
509.1,-1.674823081312329e-19
509.2,-1.6728505742247015e-19
509.3,-1.6708807768903514e-19
509.4,-1.6689136850557722e-19
509.5,-1.6669492944749598e-19
509.6,-1.6649876009094052e-19
509.7,-1.663028600128085e-19
509.8,-1.6610722879074367e-19
509.9,-1.6591186600313538e-19
510.0,-1.6571677122911581e-19
510.1,-1.6552194404856027e-19
510.2,-1.653273840420845e-19
510.3,-1.6513309079104323e-19
510.4,-1.6493906387752927e-19
510.5,-1.6474530288437173e-19
510.6,-1.645518073951349e-19
510.7,-1.6435857699411646e-19
510.8,-1.64165611266346e-19
510.9,-1.6397290979758416e-19
511.0,-1.637804721743204e-19
511.1,-1.6358829798377217e-19
511.2,-1.6339638681388344e-19
511.3,-1.6320473825332262e-19
511.4,-1.6301335189148233e-19
511.5,-1.628222273184769e-19
511.6,-1.626313641251413e-19
511.7,-1.624407619030303e-19
511.8,-1.6225042024441585e-19
511.9,-1.620603387422872e-19
512.0,-1.6187051699034779e-19
512.1,-1.616809545830157e-19
512.2,-1.6149165111542057e-19
512.3,-1.613026061834037e-19
512.4,-1.611138193835149e-19
512.5,-1.6092529031301312e-19
512.6,-1.6073701856986362e-19
512.7,-1.6054900375273706e-19
512.8,-1.6036124546100853e-19
512.9,-1.60173743294755e-19
513.0,-1.5998649685475513e-19
513.1,-1.5979950574248755e-19
513.2,-1.596127695601296e-19
513.3,-1.5942628791055566e-19
513.4,-1.5924006039733539e-19
513.5,-1.5905408662473363e-19
513.6,-1.588683661977082e-19
513.7,-1.5868289872190853e-19
513.8,-1.5849768380367483e-19
513.9,-1.5831272105003578e-19
514.0,-1.5812801006870824e-19
514.1,-1.5794355046809545e-19
514.2,-1.5775934185728566e-19
514.3,-1.575753838460511e-19
514.4,-1.5739167604484573e-19
514.5,-1.5720821806480526e-19
514.6,-1.5702500951774502e-19
514.7,-1.568420500161588e-19
514.8,-1.5665933917321752e-19
514.9,-1.5647687660276754e-19
515.0,-1.562946619193302e-19
515.1,-1.561126947380999e-19
515.2,-1.5593097467494292e-19
515.3,-1.5574950134639622e-19
515.4,-1.5556827436966556e-19
515.5,-1.5538729336262525e-19
515.6,-1.5520655794381621e-19
515.7,-1.5502606773244448e-19
515.8,-1.5484582234838049e-19
515.9,-1.5466582141215737e-19
516.0,-1.5448606454496962e-19
516.1,-1.5430655136867236e-19
516.2,-1.5412728150577944e-19
516.3,-1.5394825457946273e-19
516.4,-1.5376947021354994e-19
516.5,-1.5359092803252447e-19
516.6,-1.534126276615235e-19
516.7,-1.5323456872633647e-19
516.8,-1.530567508534049e-19
516.9,-1.5287917366981974e-19
517.0,-1.5270183680332101e-19
517.1,-1.525247398822965e-19
517.2,-1.5234788253578035e-19
517.3,-1.5217126439345154e-19
517.4,-1.5199488508563281e-19
517.5,-1.5181874424328998e-19
517.6,-1.5164284149802986e-19
517.7,-1.514671764820996e-19
517.8,-1.5129174882838512e-19
517.9,-1.5111655817041002e-19
518.0,-1.5094160414233412e-19
518.1,-1.5076688637895291e-19
518.2,-1.5059240451569553e-19
518.3,-1.50418158188624e-19
518.4,-1.502441470344316e-19
518.5,-1.5007037069044237e-19
518.6,-1.498968287946089e-19
518.7,-1.4972352098551235e-19
518.8,-1.4955044690236007e-19
518.9,-1.493776061849849e-19
519.0,-1.4920499847384391e-19
519.1,-1.4903262341001781e-19
519.2,-1.488604806352083e-19
519.3,-1.4868856979173866e-19
519.4,-1.485168905225505e-19
519.5,-1.4834544247120496e-19
519.6,-1.481742252818794e-19
519.7,-1.480032385993674e-19
519.8,-1.478324820690775e-19
519.9,-1.476619553370311e-19
520.0,-1.4749165804986268e-19
520.1,-1.4732158985481748e-19
520.2,-1.471517503997509e-19
520.3,-1.4698213933312738e-19
520.4,-1.4681275630401836e-19
520.5,-1.4664360096210235e-19
520.6,-1.464746729576631e-19
520.7,-1.463059719415885e-19
520.8,-1.461374975653697e-19
520.9,-1.4596924948109915e-19
521.0,-1.4580122734147026e-19
521.1,-1.4563343079977612e-19
521.2,-1.4546585950990826e-19
521.3,-1.4529851312635546e-19
521.4,-1.4513139130420217e-19
521.5,-1.4496449369912822e-19
521.6,-1.447978199674072e-19
521.7,-1.4463136976590544e-19
521.8,-1.4446514275208086e-19
521.9,-1.4429913858398143e-19
522.0,-1.4413335692024475e-19
522.1,-1.4396779742009652e-19
522.2,-1.438024597433494e-19
522.3,-1.4363734355040227e-19
522.4,-1.434724485022383e-19
522.5,-1.4330777426042453e-19
522.6,-1.431433204871106e-19
522.7,-1.4297908684502801e-19
522.8,-1.4281507299748787e-19
522.9,-1.4265127860838078e-19
523.0,-1.424877033421755e-19
523.1,-1.4232434686391777e-19
523.2,-1.4216120883922947e-19
523.3,-1.4199828893430721e-19
523.4,-1.418355868159206e-19
523.5,-1.4167310215141291e-19
523.6,-1.4151083460869832e-19
523.7,-1.413487838562616e-19
523.8,-1.411869495631571e-19
523.9,-1.410253313990068e-19
524.0,-1.4086392903400032e-19
524.1,-1.4070274213889323e-19
524.2,-1.405417703850064e-19
524.3,-1.4038101344422433e-19
524.4,-1.4022047098899422e-19
524.5,-1.4006014269232538e-19
524.6,-1.399000282277879e-19
524.7,-1.3974012726951108e-19
524.8,-1.395804394921836e-19
524.9,-1.3942096457105035e-19
525.0,-1.392617021819139e-19
525.1,-1.3910265200113185e-19
525.2,-1.3894381370561587e-19
525.3,-1.3878518697283134e-19
525.4,-1.3862677148079537e-19
525.5,-1.3846856690807658e-19
525.6,-1.3831057293379386e-19
525.7,-1.381527892376148e-19
525.8,-1.3799521549975542e-19
525.9,-1.3783785140097834e-19
526.0,-1.3768069662259263e-19
526.1,-1.375237508464517e-19
526.2,-1.3736701375495328e-19
526.3,-1.372104850310381e-19
526.4,-1.3705416435818817e-19
526.5,-1.3689805142042666e-19
526.6,-1.3674214590231655e-19
526.7,-1.3658644748895929e-19
526.8,-1.3643095586599458e-19
526.9,-1.362756707195979e-19
527.0,-1.3612059173648144e-19
527.1,-1.3596571860389144e-19
527.2,-1.3581105100960813e-19
527.3,-1.3565658864194427e-19
527.4,-1.355023311897439e-19
527.5,-1.353482783423822e-19
527.6,-1.3519442978976392e-19
527.7,-1.3504078522232204e-19
527.8,-1.348873443310177e-19
527.9,-1.3473410680733797e-19
528.0,-1.3458107234329635e-19
528.1,-1.3442824063143046e-19
528.2,-1.3427561136480146e-19
528.3,-1.341231842369938e-19
528.4,-1.3397095894211277e-19
528.5,-1.3381893517478483e-19
528.6,-1.3366711263015603e-19
528.7,-1.3351549100389102e-19
528.8,-1.3336406999217257e-19
528.9,-1.3321284929169955e-19
529.0,-1.3306182859968688e-19
529.1,-1.3291100761386463e-19
529.2,-1.327603860324762e-19
529.3,-1.3260996355427821e-19
529.4,-1.324597398785388e-19
529.5,-1.323097147050372e-19
529.6,-1.3215988773406272e-19
529.7,-1.3201025866641346e-19
529.8,-1.3186082720339594e-19
529.9,-1.3171159304682298e-19
530.0,-1.3156255589901423e-19
530.1,-1.314137154627941e-19
530.2,-1.3126507144149161e-19
530.3,-1.3111662353893888e-19
530.4,-1.309683714594699e-19
530.5,-1.3082031490792048e-19
530.6,-1.3067245358962674e-19
530.7,-1.3052478721042453e-19
530.8,-1.3037731547664787e-19
530.9,-1.302300380951284e-19
531.0,-1.3008295477319455e-19
531.1,-1.2993606521867037e-19
531.2,-1.2978936913987508e-19
531.3,-1.2964286624562138e-19
531.4,-1.2949655624521465e-19
531.5,-1.2935043884845296e-19
531.6,-1.2920451376562503e-19
531.7,-1.290587807075098e-19
531.8,-1.289132393853757e-19
531.9,-1.2876788951097902e-19
532.0,-1.2862273079656348e-19
532.1,-1.2847776295485998e-19
532.2,-1.2833298569908423e-19
532.3,-1.2818839874293695e-19
532.4,-1.2804400180060242e-19
532.5,-1.2789979458674807e-19
532.6,-1.2775577681652282e-19
532.7,-1.2761194820555695e-19
532.8,-1.274683084699611e-19
532.9,-1.2732485732632446e-19
533.0,-1.2718159449171505e-19
533.1,-1.2703851968367807e-19
533.2,-1.2689563262023564e-19
533.3,-1.2675293301988513e-19
533.4,-1.2661042060159884e-19
533.5,-1.264680950848227e-19
533.6,-1.2632595618947593e-19
533.7,-1.2618400363594974e-19
533.8,-1.2604223714510681e-19
533.9,-1.259006564382794e-19
534.0,-1.2575926123726974e-19
534.1,-1.2561805126434883e-19
534.2,-1.2547702624225493e-19
534.3,-1.2533618589419334e-19
534.4,-1.2519552994383504e-19
534.5,-1.2505505811531654e-19
534.6,-1.24914770133238e-19
534.7,-1.247746657226635e-19
534.8,-1.246347446091191e-19
534.9,-1.244950065185927e-19
535.0,-1.2435545117753284e-19
535.1,-1.24216078312848e-19
535.2,-1.2407688765190554e-19
535.3,-1.2393787892253162e-19
535.4,-1.237990518530086e-19
535.5,-1.2366040617207597e-19
535.6,-1.23521941608929e-19
535.7,-1.2338365789321724e-19
535.8,-1.2324555475504464e-19
535.9,-1.2310763192496765e-19
536.0,-1.2296988913399526e-19
536.1,-1.2283232611358767e-19
536.2,-1.2269494259565602e-19
536.3,-1.225577383125607e-19
536.4,-1.2242071299711087e-19
536.5,-1.222838663825641e-19
536.6,-1.2214719820262505e-19
536.7,-1.2201070819144436e-19
536.8,-1.2187439608361886e-19
536.9,-1.2173826161418928e-19
537.0,-1.2160230451864073e-19
537.1,-1.2146652453290133e-19
537.2,-1.2133092139334108e-19
537.3,-1.2119549483677177e-19
537.4,-1.2106024460044536e-19
537.5,-1.2092517042205397e-19
537.6,-1.2079027203972833e-19
537.7,-1.206555491920373e-19
537.8,-1.2052100161798755e-19
537.9,-1.2038662905702124e-19
538.0,-1.2025243124901704e-19
538.1,-1.2011840793428815e-19
538.2,-1.199845588535819e-19
538.3,-1.1985088374807918e-19
538.4,-1.1971738235939258e-19
538.5,-1.1958405442956703e-19
538.6,-1.194508997010778e-19
538.7,-1.1931791791683066e-19
538.8,-1.191851088201604e-19
538.9,-1.1905247215483025e-19
539.0,-1.18920007665031e-19
539.1,-1.1878771509538035e-19
539.2,-1.1865559419092245e-19
539.3,-1.1852364469712635e-19
539.4,-1.1839186635988548e-19
539.5,-1.182602589255172e-19
539.6,-1.1812882214076185e-19
539.7,-1.1799755575278175e-19
539.8,-1.1786645950916069e-19
539.9,-1.1773553315790285e-19
540.0,-1.1760477644743256e-19
540.1,-1.1747418912659273e-19
540.2,-1.1734377094464479e-19
540.3,-1.1721352165126789e-19
540.4,-1.1708344099655707e-19
540.5,-1.1695352873102422e-19
540.6,-1.1682378460559567e-19
540.7,-1.1669420837161285e-19
540.8,-1.1656479978083016e-19
540.9,-1.1643555858541516e-19
541.0,-1.1630648453794732e-19
541.1,-1.1617757739141793e-19
541.2,-1.1604883689922824e-19
541.3,-1.1592026281519005e-19
541.4,-1.157918548935233e-19
541.5,-1.156636128888568e-19
541.6,-1.1553553655622706e-19
541.7,-1.1540762565107717e-19
541.8,-1.1527987992925613e-19
541.9,-1.1515229914701853e-19
542.0,-1.1502488306102324e-19
542.1,-1.1489763142833316e-19
542.2,-1.1477054400641422e-19
542.3,-1.146436205531347e-19
542.4,-1.1451686082676411e-19
542.5,-1.1439026458597337e-19
542.6,-1.1426383158983305e-19
542.7,-1.1413756159781344e-19
542.8,-1.140114543697832e-19
542.9,-1.138855096660088e-19
543.0,-1.1375972724715426e-19
543.1,-1.1363410687427985e-19
543.2,-1.135086483088412e-19
543.3,-1.133833513126898e-19
543.4,-1.1325821564807026e-19
543.5,-1.1313324107762144e-19
543.6,-1.130084273643749e-19
543.7,-1.1288377427175412e-19
543.8,-1.127592815635743e-19
543.9,-1.126349490040408e-19
544.0,-1.1251077635774899e-19
544.1,-1.1238676338968372e-19
544.2,-1.1226290986521825e-19
544.3,-1.1213921555011372e-19
544.4,-1.120156802105177e-19
544.5,-1.1189230361296475e-19
544.6,-1.1176908552437506e-19
544.7,-1.1164602571205346e-19
544.8,-1.1152312394368946e-19
544.9,-1.1140037998735525e-19
545.0,-1.1127779361150674e-19
545.1,-1.1115536458498164e-19
545.2,-1.110330926769988e-19
545.3,-1.1091097765715844e-19
545.4,-1.1078901929543995e-19
545.5,-1.1066721736220282e-19
545.6,-1.1054557162818462e-19
545.7,-1.1042408186450126e-19
545.8,-1.103027478426459e-19
545.9,-1.1018156933448765e-19
546.0,-1.1006054611227218e-19
546.1,-1.099396779486201e-19
546.2,-1.0981896461652642e-19
546.3,-1.096984058893601e-19
546.4,-1.0957800154086313e-19
546.5,-1.0945775134514995e-19
546.6,-1.0933765507670665e-19
546.7,-1.0921771251039083e-19
546.8,-1.0909792342143016e-19
546.9,-1.089782875854217e-19
547.0,-1.0885880477833218e-19
547.1,-1.0873947477649642e-19
547.2,-1.0862029735661711e-19
547.3,-1.085012722957637e-19
547.4,-1.0838239937137208e-19
547.5,-1.0826367836124387e-19
547.6,-1.0814510904354591e-19
547.7,-1.0802669119680908e-19
547.8,-1.0790842459992813e-19
547.9,-1.0779030903216085e-19
548.0,-1.076723442731271e-19
548.1,-1.0755453010280897e-19
548.2,-1.0743686630154933e-19
548.3,-1.0731935265005142e-19
548.4,-1.0720198892937789e-19
548.5,-1.0708477492095115e-19
548.6,-1.0696771040655164e-19
548.7,-1.0685079516831748e-19
548.8,-1.0673402898874419e-19
548.9,-1.0661741165068348e-19
549.0,-1.0650094293734305e-19
549.1,-1.0638462263228573e-19
549.2,-1.0626845051942887e-19
549.3,-1.0615242638304381e-19
549.4,-1.0603655000775478e-19
549.5,-1.0592082117853899e-19
549.6,-1.0580523968072538e-19
549.7,-1.0568980529999428e-19
549.8,-1.0557451782237701e-19
549.9,-1.05459377034254e-19
550.0,-1.0534438272235618e-19
550.1,-1.0522953467376239e-19
550.2,-1.0511483267590019e-19
550.3,-1.0500027651654444e-19
550.4,-1.0488586598381665e-19
550.5,-1.0477160086618487e-19
550.6,-1.0465748095246241e-19
550.7,-1.0454350603180809e-19
550.8,-1.0442967589372486e-19
550.9,-1.0431599032805896e-19
551.0,-1.0420244912500017e-19
551.1,-1.0408905207508092e-19
551.2,-1.0397579896917519e-19
551.3,-1.0386268959849833e-19
551.4,-1.0374972375460603e-19
551.5,-1.0363690122939442e-19
551.6,-1.0352422181509886e-19
551.7,-1.0341168530429339e-19
551.8,-1.0329929148989038e-19
551.9,-1.0318704016513955e-19
552.0,-1.0307493112362774e-19
552.1,-1.0296296415927797e-19
552.2,-1.0285113906634908e-19
552.3,-1.027394556394352e-19
552.4,-1.0262791367346442e-19
552.5,-1.0251651296369922e-19
552.6,-1.0240525330573535e-19
552.7,-1.0229413449550112e-19
552.8,-1.02183156329257e-19
552.9,-1.0207231860359467e-19
553.0,-1.0196162111543716e-19
553.1,-1.0185106366203748e-19
553.2,-1.017406460409784e-19
553.3,-1.0163036805017213e-19
553.4,-1.0152022948785878e-19
553.5,-1.0141023015260681e-19
553.6,-1.0130036984331181e-19
553.7,-1.0119064835919635e-19
553.8,-1.0108106549980881e-19
553.9,-1.0097162106502342e-19
554.0,-1.0086231485503907e-19
554.1,-1.0075314667037926e-19
554.2,-1.0064411631189144e-19
554.3,-1.0053522358074582e-19
554.4,-1.004264682784356e-19
554.5,-1.0031785020677587e-19
554.6,-1.0020936916790316e-19
554.7,-1.001010249642751e-19
554.8,-9.99928173986696e-20
554.9,-9.988474627418378e-20
555.0,-9.977681139423467e-20
555.1,-9.966901256255744e-20
555.2,-9.956134958320532e-20
555.3,-9.945382226054923e-20
555.4,-9.934643039927652e-20
555.5,-9.923917380439118e-20
555.6,-9.913205228121274e-20
555.7,-9.902506563537609e-20
555.8,-9.891821367283063e-20
555.9,-9.881149619983952e-20
556.0,-9.870491302297971e-20
556.1,-9.859846394914092e-20
556.2,-9.849214878552534e-20
556.3,-9.838596733964679e-20
556.4,-9.827991941933015e-20
556.5,-9.817400483271131e-20
556.6,-9.806822338823611e-20
556.7,-9.796257489465985e-20
556.8,-9.785705916104692e-20
556.9,-9.775167599676998e-20
557.0,-9.764642521150981e-20
557.1,-9.754130661525439e-20
557.2,-9.743632001829825e-20
557.3,-9.733146523124278e-20
557.4,-9.722674206499423e-20
557.5,-9.712215033076465e-20
557.6,-9.701768984007015e-20
557.7,-9.691336040473126e-20
557.8,-9.680916183687192e-20
557.9,-9.670509394891886e-20
558.0,-9.660115655360118e-20
558.1,-9.649734946395017e-20
558.2,-9.639367249329803e-20
558.3,-9.62901254552783e-20
558.4,-9.618670816382399e-20
558.5,-9.608342043316834e-20
558.6,-9.598026207784386e-20
558.7,-9.587723291268116e-20
558.8,-9.577433275280968e-20
558.9,-9.567156141365557e-20
559.0,-9.556891871094265e-20
559.1,-9.546640446069113e-20
559.2,-9.536401847921688e-20
559.3,-9.526176058313186e-20
559.4,-9.515963058934208e-20
559.5,-9.505762831504858e-20
559.6,-9.495575357774613e-20
559.7,-9.485400619522271e-20
559.8,-9.475238598555922e-20
559.9,-9.465089276712877e-20
560.0,-9.454952635859636e-20
560.1,-9.444828657891804e-20
560.2,-9.434717324734076e-20
560.3,-9.424618618340187e-20
560.4,-9.414532520692788e-20
560.5,-9.404459013803483e-20
560.6,-9.394398079712748e-20
560.7,-9.384349700489853e-20
560.8,-9.374313858232853e-20
560.9,-9.364290535068485e-20
561.0,-9.354279713152182e-20
561.1,-9.344281374667958e-20
561.2,-9.334295501828392e-20
561.3,-9.32432207687461e-20
561.4,-9.314361082076114e-20
561.5,-9.30441249973089e-20
561.6,-9.294476312165243e-20
561.7,-9.284552501733798e-20
561.8,-9.274641050819424e-20
561.9,-9.264741941833185e-20
562.0,-9.254855157214329e-20
562.1,-9.244980679430198e-20
562.2,-9.235118490976166e-20
562.3,-9.225268574375661e-20
562.4,-9.215430912179999e-20
562.5,-9.205605486968453e-20
562.6,-9.195792281348129e-20
562.7,-9.185991277953966e-20
562.8,-9.176202459448636e-20
562.9,-9.166425808522513e-20
563.0,-9.156661307893643e-20
563.1,-9.146908940307677e-20
563.2,-9.137168688537834e-20
563.3,-9.12744053538484e-20
563.4,-9.117724463676882e-20
563.5,-9.108020456269545e-20
563.6,-9.09832849604581e-20
563.7,-9.088648565915957e-20
563.8,-9.07898064881754e-20
563.9,-9.069324727715329e-20
564.0,-9.059680785601273e-20
564.1,-9.050048805494428e-20
564.2,-9.040428770440934e-20
564.3,-9.030820663513995e-20
564.4,-9.021224467813715e-20
564.5,-9.011640166467205e-20
564.6,-9.002067742628427e-20
564.7,-8.992507179478172e-20
564.8,-8.982958460224068e-20
564.9,-8.973421568100399e-20
565.0,-8.963896486368226e-20
565.1,-8.95438319831523e-20
565.2,-8.944881687255669e-20
565.3,-8.935391936530379e-20
565.4,-8.925913929506709e-20
565.5,-8.916447649578425e-20
565.6,-8.90699308016577e-20
565.7,-8.897550204715291e-20
565.8,-8.888119006699908e-20
565.9,-8.878699469618762e-20
566.0,-8.869291576997245e-20
566.1,-8.859895312386948e-20
566.2,-8.850510659365571e-20
566.3,-8.841137601536921e-20
566.4,-8.831776122530811e-20
566.5,-8.822426206003085e-20
566.6,-8.813087835635525e-20
566.7,-8.80376099513581e-20
566.8,-8.79444566823751e-20
566.9,-8.785141838699951e-20
567.0,-8.775849490308273e-20
567.1,-8.766568606873332e-20
567.2,-8.757299172231639e-20
567.3,-8.748041170245365e-20
567.4,-8.73879458480223e-20
567.5,-8.729559399815532e-20
567.6,-8.720335599224045e-20
567.7,-8.711123166992013e-20
567.8,-8.701922087109063e-20
567.9,-8.692732343590182e-20
568.0,-8.683553920475696e-20
568.1,-8.674386801831205e-20
568.2,-8.665230971747516e-20
568.3,-8.656086414340634e-20
568.4,-8.646953113751698e-20
568.5,-8.637831054146936e-20
568.6,-8.628720219717641e-20
568.7,-8.619620594680117e-20
568.8,-8.61053216327562e-20
568.9,-8.601454909770298e-20
569.0,-8.592388818455247e-20
569.1,-8.583333873646311e-20
569.2,-8.574290059684195e-20
569.3,-8.565257360934303e-20
569.4,-8.556235761786752e-20
569.5,-8.547225246656323e-20
569.6,-8.538225799982406e-20
569.7,-8.529237406228961e-20
569.8,-8.52026004988449e-20
569.9,-8.511293715461954e-20
570.0,-8.50233838749879e-20
570.1,-8.4933940505568e-20
570.2,-8.48446068922217e-20
570.3,-8.475538288105399e-20
570.4,-8.46662683184123e-20
570.5,-8.457726305088663e-20
570.6,-8.448836692530875e-20
570.7,-8.439957978875185e-20
570.8,-8.431090148853025e-20
570.9,-8.422233187219858e-20
571.0,-8.4133870787552e-20
571.1,-8.404551808262527e-20
571.2,-8.395727360569256e-20
571.3,-8.38691372052668e-20
571.4,-8.378110873009941e-20
571.5,-8.369318802918009e-20
571.6,-8.36053749517361e-20
571.7,-8.351766934723194e-20
571.8,-8.343007106536908e-20
571.9,-8.334257995608515e-20
572.0,-8.325519586955389e-20
572.1,-8.31679186561848e-20
572.2,-8.308074816662234e-20
572.3,-8.299368425174608e-20
572.4,-8.290672676266942e-20
572.5,-8.281987555074013e-20
572.6,-8.273313046753939e-20
572.7,-8.264649136488165e-20
572.8,-8.255995809481399e-20
572.9,-8.24735305096157e-20
573.0,-8.238720846179799e-20
573.1,-8.230099180410398e-20
573.2,-8.221488038950735e-20
573.3,-8.212887407121307e-20
573.4,-8.204297270265577e-20
573.5,-8.195717613750047e-20
573.6,-8.18714842296416e-20
573.7,-8.178589683320253e-20
573.8,-8.170041380253561e-20
573.9,-8.161503499222118e-20
574.0,-8.152976025706771e-20
574.1,-8.144458945211103e-20
574.2,-8.135952243261434e-20
574.3,-8.127455905406737e-20
574.4,-8.118969917218608e-20
574.5,-8.110494264291252e-20
574.6,-8.102028932241438e-20
574.7,-8.093573906708414e-20
574.8,-8.085129173353969e-20
574.9,-8.076694717862234e-20
575.0,-8.068270525939824e-20
575.1,-8.059856583315672e-20
575.2,-8.051452875741027e-20
575.3,-8.043059388989459e-20
575.4,-8.034676108856712e-20
575.5,-8.026303021160795e-20
575.6,-8.01794011174185e-20
575.7,-8.009587366462166e-20
575.8,-8.001244771206109e-20
575.9,-7.99291231188009e-20
576.0,-7.984589974412538e-20
576.1,-7.976277744753856e-20
576.2,-7.967975608876372e-20
576.3,-7.95968355277435e-20
576.4,-7.951401562463852e-20
576.5,-7.943129623982812e-20
576.6,-7.93486772339091e-20
576.7,-7.926615846769609e-20
576.8,-7.918373980222062e-20
576.9,-7.910142109873089e-20
577.0,-7.901920221869131e-20
577.1,-7.89370830237826e-20
577.2,-7.885506337590072e-20
577.3,-7.877314313715722e-20
577.4,-7.869132216987797e-20
577.5,-7.86096003366037e-20
577.6,-7.852797750008905e-20
577.7,-7.844645352330253e-20
577.8,-7.836502826942601e-20
577.9,-7.8283701601854e-20
578.0,-7.820247338419403e-20
578.1,-7.812134348026574e-20
578.2,-7.804031175410051e-20
578.3,-7.79593780699416e-20
578.4,-7.787854229224287e-20
578.5,-7.779780428566939e-20
578.6,-7.771716391509668e-20
578.7,-7.763662104560989e-20
578.8,-7.75561755425045e-20
578.9,-7.747582727128461e-20
579.0,-7.739557609766386e-20
579.1,-7.731542188756416e-20
579.2,-7.723536450711591e-20
579.3,-7.715540382265727e-20
579.4,-7.707553970073375e-20
579.5,-7.699577200809837e-20
579.6,-7.691610061171088e-20
579.7,-7.683652537873742e-20
579.8,-7.675704617655021e-20
579.9,-7.667766287272716e-20
580.0,-7.659837533505182e-20
580.1,-7.651918343151247e-20
580.2,-7.644008703030238e-20
580.3,-7.636108599981911e-20
580.4,-7.628218020866372e-20
580.5,-7.62033695256416e-20
580.6,-7.612465381976105e-20
580.7,-7.604603296023321e-20
580.8,-7.596750681647226e-20
580.9,-7.588907525809393e-20
581.0,-7.58107381549164e-20
581.1,-7.573249537695915e-20
581.2,-7.565434679444291e-20
581.3,-7.557629227778933e-20
581.4,-7.549833169762017e-20
581.5,-7.542046492475792e-20
581.6,-7.534269183022447e-20
581.7,-7.526501228524133e-20
581.8,-7.518742616122922e-20
581.9,-7.510993332980739e-20
582.0,-7.503253366279377e-20
582.1,-7.495522703220422e-20
582.2,-7.487801331025244e-20
582.3,-7.480089236934968e-20
582.4,-7.4723864082104e-20
582.5,-7.464692832132034e-20
582.6,-7.457008496000021e-20
582.7,-7.449333387134088e-20
582.8,-7.441667492873566e-20
582.9,-7.434010800577293e-20
583.0,-7.426363297623634e-20
583.1,-7.41872497141043e-20
583.2,-7.411095809354946e-20
583.3,-7.403475798893886e-20
583.4,-7.395864927483266e-20
583.5,-7.388263182598506e-20
583.6,-7.380670551734298e-20
583.7,-7.37308702240461e-20
583.8,-7.365512582142666e-20
583.9,-7.357947218500872e-20
584.0,-7.350390919050833e-20
584.1,-7.342843671383282e-20
584.2,-7.335305463108073e-20
584.3,-7.327776281854128e-20
584.4,-7.320256115269408e-20
584.5,-7.312744951020882e-20
584.6,-7.30524277679453e-20
584.7,-7.297749580295238e-20
584.8,-7.29026534924683e-20
584.9,-7.282790071392002e-20
585.0,-7.2753237344923e-20
585.1,-7.267866326328092e-20
585.2,-7.260417834698519e-20
585.3,-7.252978247421508e-20
585.4,-7.245547552333665e-20
585.5,-7.23812573729029e-20
585.6,-7.230712790165376e-20
585.7,-7.223308698851515e-20
585.8,-7.215913451259888e-20
585.9,-7.208527035320247e-20
586.0,-7.201149438980871e-20
586.1,-7.193780650208539e-20
586.2,-7.186420656988488e-20
586.3,-7.179069447324424e-20
586.4,-7.171727009238406e-20
586.5,-7.1643933307709e-20
586.6,-7.15706839998071e-20
586.7,-7.14975220494493e-20
586.8,-7.142444733758978e-20
586.9,-7.135145974536455e-20
587.0,-7.127855915409224e-20
587.1,-7.120574544527321e-20
587.2,-7.113301850058949e-20
587.3,-7.106037820190418e-20
587.4,-7.098782443126138e-20
587.5,-7.091535707088571e-20
587.6,-7.084297600318229e-20
587.7,-7.077068111073609e-20
587.8,-7.069847227631206e-20
587.9,-7.062634938285392e-20
588.0,-7.055431231348519e-20
588.1,-7.048236095150782e-20
588.2,-7.041049518040232e-20
588.3,-7.033871488382738e-20
588.4,-7.026701994561941e-20
588.5,-7.019541024979264e-20
588.6,-7.012388568053833e-20
588.7,-7.005244612222505e-20
588.8,-6.998109145939778e-20
588.9,-6.990982157677787e-20
589.0,-6.983863635926279e-20
589.1,-6.976753569192582e-20
589.2,-6.969651946001575e-20
589.3,-6.962558754895649e-20
589.4,-6.95547398443467e-20
589.5,-6.948397623195984e-20
589.6,-6.941329659774355e-20
589.7,-6.934270082781953e-20
589.8,-6.927218880848315e-20
589.9,-6.920176042620308e-20
590.0,-6.913141556762128e-20
590.1,-6.906115411955234e-20
590.2,-6.899097596898351e-20
590.3,-6.892088100307425e-20
590.4,-6.8850869109156e-20
590.5,-6.87809401747316e-20
590.6,-6.871109408747557e-20
590.7,-6.864133073523335e-20
590.8,-6.857165000602125e-20
590.9,-6.850205178802587e-20
591.0,-6.843253596960418e-20
591.1,-6.836310243928297e-20
591.2,-6.829375108575886e-20
591.3,-6.822448179789752e-20
591.4,-6.815529446473388e-20
591.5,-6.808618897547157e-20
591.6,-6.801716521948267e-20
591.7,-6.794822308630744e-20
591.8,-6.787936246565432e-20
591.9,-6.781058324739894e-20
592.0,-6.774188532158462e-20
592.1,-6.767326857842157e-20
592.2,-6.760473290828682e-20
592.3,-6.753627820172416e-20
592.4,-6.746790434944304e-20
592.5,-6.739961124231939e-20
592.6,-6.733139877139443e-20
592.7,-6.726326682787513e-20
592.8,-6.719521530313321e-20
592.9,-6.712724408870533e-20
593.0,-6.705935307629281e-20
593.1,-6.699154215776108e-20
593.2,-6.69238112251397e-20
593.3,-6.68561601706219e-20
593.4,-6.678858888656424e-20
593.5,-6.672109726548649e-20
593.6,-6.665368520007145e-20
593.7,-6.658635258316445e-20
593.8,-6.651909930777315e-20
593.9,-6.645192526706719e-20
594.0,-6.638483035437817e-20
594.1,-6.631781446319908e-20
594.2,-6.625087748718422e-20
594.3,-6.618401932014903e-20
594.4,-6.611723985606932e-20
594.5,-6.605053898908154e-20
594.6,-6.598391661348238e-20
594.7,-6.59173726237282e-20
594.8,-6.585090691443539e-20
594.9,-6.57845193803792e-20
595.0,-6.571820991649424e-20
595.1,-6.565197841787399e-20
595.2,-6.558582477977057e-20
595.3,-6.551974889759412e-20
595.4,-6.54537506669129e-20
595.5,-6.538782998345308e-20
595.6,-6.53219867430982e-20
595.7,-6.525622084188913e-20
595.8,-6.51905321760236e-20
595.9,-6.512492064185614e-20
596.0,-6.505938613589755e-20
596.1,-6.49939285548152e-20
596.2,-6.492854779543193e-20
596.3,-6.48632437547266e-20
596.4,-6.479801632983322e-20
596.5,-6.473286541804098e-20
596.6,-6.466779091679414e-20
596.7,-6.460279272369132e-20
596.8,-6.453787073648578e-20
596.9,-6.447302485308455e-20
597.0,-6.440825497154877e-20
597.1,-6.434356099009316e-20
597.2,-6.42789428070855e-20
597.3,-6.421440032104704e-20
597.4,-6.41499334306514e-20
597.5,-6.408554203472524e-20
597.6,-6.402122603224705e-20
597.7,-6.395698532234782e-20
597.8,-6.389281980431005e-20
597.9,-6.382872937756776e-20
598.0,-6.376471394170646e-20
598.1,-6.370077339646263e-20
598.2,-6.363690764172333e-20
598.3,-6.357311657752664e-20
598.4,-6.350940010406025e-20
598.5,-6.344575812166235e-20
598.6,-6.338219053082085e-20
598.7,-6.331869723217316e-20
598.8,-6.325527812650591e-20
598.9,-6.319193311475468e-20
599.0,-6.312866209800407e-20
599.1,-6.306546497748708e-20
599.2,-6.3002341654585e-20
599.3,-6.293929203082725e-20
599.4,-6.287631600789078e-20
599.5,-6.281341348760034e-20
599.6,-6.275058437192795e-20
599.7,-6.268782856299265e-20
599.8,-6.262514596306027e-20
599.9,-6.256253647454313e-20
600.0,-6.25e-20
600.1,-6.243753644213571e-20
600.2,-6.237514570380085e-20
600.3,-6.231282768799168e-20
600.4,-6.225058229784978e-20
600.5,-6.218840943666175e-20
600.6,-6.212630900785928e-20
600.7,-6.206428091501835e-20
600.8,-6.200232506185972e-20
600.9,-6.194044135224794e-20
601.0,-6.18786296901916e-20
601.1,-6.181688997984298e-20
601.2,-6.175522212549781e-20
601.3,-6.169362603159496e-20
601.4,-6.163210160271622e-20
601.5,-6.15706487435861e-20
601.6,-6.150926735907164e-20
601.7,-6.144795735418203e-20
601.8,-6.138671863406874e-20
601.9,-6.132555110402444e-20
602.0,-6.126445466948378e-20
602.1,-6.120342923602274e-20
602.2,-6.114247470935807e-20
602.3,-6.108159099534755e-20
602.4,-6.102077799998946e-20
602.5,-6.096003562942248e-20
602.6,-6.089936378992542e-20
602.7,-6.083876238791694e-20
602.8,-6.077823132995547e-20
602.9,-6.071777052273868e-20
603.0,-6.065737987310356e-20
603.1,-6.059705928802621e-20
603.2,-6.053680867462109e-20
603.3,-6.047662794014176e-20
603.4,-6.041651699197927e-20
603.5,-6.035647573766342e-20
603.6,-6.029650408486144e-20
603.7,-6.023660194137835e-20
603.8,-6.017676921515648e-20
603.9,-6.011700581427512e-20
604.0,-6.005731164695076e-20
604.1,-5.999768662153635e-20
604.2,-5.993813064652155e-20
604.3,-5.9878643630532e-20
604.4,-5.981922548232929e-20
604.5,-5.975987611081115e-20
604.6,-5.970059542501057e-20
604.7,-5.964138333409596e-20
604.8,-5.958223974737091e-20
604.9,-5.952316457427376e-20
605.0,-5.946415772437764e-20
605.1,-5.940521910738996e-20
605.2,-5.934634863315255e-20
605.3,-5.928754621164118e-20
605.4,-5.922881175296526e-20
605.5,-5.917014516736788e-20
605.6,-5.911154636522548e-20
605.7,-5.905301525704755e-20
605.8,-5.899455175347654e-20
605.9,-5.893615576528749e-20
606.0,-5.887782720338793e-20
606.1,-5.881956597881767e-20
606.2,-5.876137200274855e-20
606.3,-5.870324518648421e-20
606.4,-5.864518544145972e-20
606.5,-5.858719267924166e-20
606.6,-5.85292668115279e-20
606.7,-5.847140775014693e-20
606.8,-5.84136154070583e-20
606.9,-5.835588969435168e-20
607.0,-5.829823052424744e-20
607.1,-5.82406378090956e-20
607.2,-5.818311146137654e-20
607.3,-5.812565139369992e-20
607.4,-5.806825751880481e-20
607.5,-5.801092974955971e-20
607.6,-5.795366799896202e-20
607.7,-5.789647218013807e-20
607.8,-5.78393422063426e-20
607.9,-5.778227799095881e-20
608.0,-5.772527944749798e-20
608.1,-5.76683464895994e-20
608.2,-5.761147903103021e-20
608.3,-5.755467698568505e-20
608.4,-5.749794026758558e-20
608.5,-5.74412687908809e-20
608.6,-5.738466246984696e-20
608.7,-5.73281212188864e-20
608.8,-5.727164495252837e-20
608.9,-5.721523358542798e-20
609.0,-5.715888703236692e-20
609.1,-5.71026052082525e-20
609.2,-5.704638802811755e-20
609.3,-5.699023540712068e-20
609.4,-5.693414726054542e-20
609.5,-5.687812350380051e-20
609.6,-5.682216405241963e-20
609.7,-5.676626882206085e-20
609.8,-5.671043772850685e-20
609.9,-5.665467068766444e-20
610.0,-5.659896761556452e-20
610.1,-5.654332842836171e-20
610.2,-5.648775304233438e-20
610.3,-5.64322413738843e-20
610.4,-5.637679333953617e-20
610.5,-5.632140885593816e-20
610.6,-5.626608783986084e-20
610.7,-5.62108302081976e-20
610.8,-5.61556358779643e-20
610.9,-5.610050476629881e-20
611.0,-5.604543679046098e-20
611.1,-5.599043186783275e-20
611.2,-5.59354899159174e-20
611.3,-5.588061085233974e-20
611.4,-5.582579459484575e-20
611.5,-5.577104106130242e-20
611.6,-5.571635016969765e-20
611.7,-5.56617218381397e-20
611.8,-5.560715598485762e-20
611.9,-5.555265252820031e-20
612.0,-5.549821138663699e-20
612.1,-5.54438324787565e-20
612.2,-5.538951572326746e-20
612.3,-5.533526103899788e-20
612.4,-5.528106834489496e-20
612.5,-5.522693756002497e-20
612.6,-5.517286860357315e-20
612.7,-5.51188613948432e-20
612.8,-5.506491585325755e-20
612.9,-5.501103189835659e-20
613.0,-5.4957209449799e-20
613.1,-5.490344842736134e-20
613.2,-5.484974875093784e-20
613.3,-5.47961103405402e-20
613.4,-5.474253311629745e-20
613.5,-5.468901699845575e-20
613.6,-5.463556190737818e-20
613.7,-5.458216776354464e-20
613.8,-5.452883448755148e-20
613.9,-5.447556200011138e-20
614.0,-5.442235022205337e-20
614.1,-5.436919907432222e-20
614.2,-5.431610847797866e-20
614.3,-5.426307835419916e-20
614.4,-5.421010862427522e-20
614.5,-5.415719920961387e-20
614.6,-5.410435003173705e-20
614.7,-5.4051561012281713e-20
614.8,-5.3998832072999314e-20
614.9,-5.3946163135755816e-20
615.0,-5.389355412253152e-20
615.1,-5.3841004955420805e-20
615.2,-5.378851555663208e-20
615.3,-5.373608584848741e-20
615.4,-5.3683715753422295e-20
615.5,-5.36314051939858e-20
615.6,-5.35791540928401e-20
615.7,-5.352696237276036e-20
615.8,-5.3474829956634686e-20
615.9,-5.342275676746354e-20
616.0,-5.337074272836009e-20
616.1,-5.331878776254971e-20
616.2,-5.3266891793369816e-20
616.3,-5.3215054744269844e-20
616.4,-5.3163276538810777e-20
616.5,-5.311155710066524e-20
616.6,-5.3059896353617287e-20
616.7,-5.3008294221562076e-20
616.8,-5.29567506285058e-20
616.9,-5.290526549856539e-20
617.0,-5.285383875596853e-20
617.1,-5.280247032505332e-20
617.2,-5.275116013026814e-20
617.3,-5.269990809617156e-20
617.4,-5.2648714147431874e-20
617.5,-5.259757820882736e-20
617.6,-5.254650020524576e-20
617.7,-5.249548006168415e-20
617.8,-5.2444517703249024e-20
617.9,-5.239361305515567e-20
618.0,-5.234276604272838e-20
618.1,-5.229197659140014e-20
618.2,-5.2241244626712414e-20
618.3,-5.2190570074315115e-20
618.4,-5.213995285996603e-20
618.5,-5.208939290953122e-20
618.6,-5.2038890148984466e-20
618.7,-5.198844450440721e-20
618.8,-5.193805590198833e-20
618.9,-5.188772426802397e-20
619.0,-5.1837449528917395e-20
619.1,-5.17872316111789e-20
619.2,-5.173707044142551e-20
619.3,-5.1686965946380875e-20
619.4,-5.1636918052874915e-20
619.5,-5.158692668784404e-20
619.6,-5.153699177833057e-20
619.7,-5.148711325148285e-20
619.8,-5.143729103455497e-20
619.9,-5.138752505490644e-20
620.0,-5.1337815240002367e-20
620.1,-5.128816151741296e-20
620.2,-5.1238563814813556e-20
620.3,-5.1189022059984444e-20
620.4,-5.113953618081044e-20
620.5,-5.109010610528108e-20
620.6,-5.10407317614903e-20
620.7,-5.0991413077636156e-20
620.8,-5.094214998202087e-20
620.9,-5.089294240305038e-20
621.0,-5.0843790269234525e-20
621.1,-5.079469350918656e-20
621.2,-5.0745652051623246e-20
621.3,-5.06966658253645e-20
621.4,-5.064773475933317e-20
621.5,-5.059885878255521e-20
621.6,-5.055003782415917e-20
621.7,-5.0501271813376165e-20
621.8,-5.045256067953976e-20
621.9,-5.040390435208563e-20
622.0,-5.035530276055157e-20
622.1,-5.030675583457734e-20
622.2,-5.025826350390433e-20
622.3,-5.020982569837561e-20
622.4,-5.0161442347935514e-20
622.5,-5.0113113382629735e-20
622.6,-5.006483873260502e-20
622.7,-5.001661832810898e-20
622.8,-4.9968452099490156e-20
622.9,-4.9920339977197435e-20
623.0,-4.98722818917803e-20
623.1,-4.982427777388848e-20
623.2,-4.977632755427179e-20
623.3,-4.972843116378007e-20
623.4,-4.968058853336287e-20
623.5,-4.9632799594069347e-20
623.6,-4.958506427704821e-20
623.7,-4.953738251354752e-20
623.8,-4.9489754234914394e-20
623.9,-4.944217937259491e-20
624.0,-4.9394657858134104e-20
624.1,-4.934718962317564e-20
624.2,-4.9299774599461643e-20
624.3,-4.925241271883275e-20
624.4,-4.9205103913227603e-20
624.5,-4.915784811468301e-20
624.6,-4.9110645255333686e-20
624.7,-4.9063495267412e-20
624.8,-4.901639808324808e-20
624.9,-4.8969353635269135e-20
625.0,-4.8922361855999975e-20
625.1,-4.887542267806236e-20
625.2,-4.882853603417504e-20
625.3,-4.878170185715362e-20
625.4,-4.873492007991016e-20
625.5,-4.868819063545339e-20
625.6,-4.8641513456888365e-20
625.7,-4.8594888477416274e-20
625.8,-4.854831563033436e-20
625.9,-4.850179484903564e-20
626.0,-4.8455326067009004e-20
626.1,-4.840890921783886e-20
626.2,-4.836254423520499e-20
626.3,-4.831623105288256e-20
626.4,-4.8269969604741596e-20
626.5,-4.822375982474736e-20
626.6,-4.817760164695982e-20
626.7,-4.813149500553353e-20
626.8,-4.8085439834717714e-20
626.9,-4.803943606885574e-20
627.0,-4.799348364238537e-20
627.1,-4.794758248983834e-20
627.2,-4.7901732545840275e-20
627.3,-4.7855933745110674e-20
627.4,-4.78101860224624e-20
627.5,-4.776448931280204e-20
627.6,-4.771884355112935e-20
627.7,-4.767324867253724e-20
627.8,-4.762770461221178e-20
627.9,-4.7582211305431604e-20
628.0,-4.7536768687568404e-20
628.1,-4.749137669408619e-20
628.2,-4.744603526054153e-20
628.3,-4.74007443225833e-20
628.4,-4.7355503815952273e-20
628.5,-4.7310313676481435e-20
628.6,-4.726517384009556e-20
628.7,-4.722008424281105e-20
628.8,-4.7175044820735927e-20
628.9,-4.7130055510069464e-20
629.0,-4.708511624710236e-20
629.1,-4.704022696821633e-20
629.2,-4.699538760988406e-20
629.3,-4.695059810866917e-20
629.4,-4.6905858401225676e-20
629.5,-4.686116842429839e-20
629.6,-4.681652811472243e-20
629.7,-4.6771937409423096e-20
629.8,-4.672739624541594e-20
629.9,-4.668290455980621e-20
630.0,-4.6638462289789227e-20
630.1,-4.659406937264983e-20
630.2,-4.6549725745762474e-20
630.3,-4.650543134659099e-20
630.4,-4.6461186112688333e-20
630.5,-4.641698998169671e-20
630.6,-4.6372842891347244e-20
630.7,-4.6328744779459864e-20
630.8,-4.628469558394324e-20
630.9,-4.624069524279446e-20
631.0,-4.619674369409907e-20
631.1,-4.6152840876030944e-20
631.2,-4.6108986726852015e-20
631.3,-4.606518118491226e-20
631.4,-4.6021424188649284e-20
631.5,-4.5977715676588663e-20
631.6,-4.59340555873434e-20
631.7,-4.589044385961393e-20
631.8,-4.5846880432188105e-20
631.9,-4.580336524394064e-20
632.0,-4.575989823383354e-20
632.1,-4.571647934091555e-20
632.2,-4.567310850432217e-20
632.3,-4.5629785663275586e-20
632.4,-4.5586510757084264e-20
632.5,-4.5543283725143115e-20
632.6,-4.550010450693326e-20
632.7,-4.54569730420218e-20
632.8,-4.5413889270061873e-20
632.9,-4.537085313079219e-20
633.0,-4.5327864564037257e-20
633.1,-4.528492350970712e-20
633.2,-4.524202990779711e-20
633.3,-4.5199183698387884e-20
633.4,-4.5156384821645076e-20
633.5,-4.511363321781937e-20
633.6,-4.507092882724633e-20
633.7,-4.5028271590346187e-20
633.8,-4.4985661447623736e-20
633.9,-4.494309833966814e-20
634.0,-4.4900582207153015e-20
634.1,-4.4858112990836004e-20
634.2,-4.481569063155889e-20
634.3,-4.4773315070247375e-20
634.4,-4.473098624791077e-20
634.5,-4.468870410564219e-20
634.6,-4.4646468584618245e-20
634.7,-4.4604279626098836e-20
634.8,-4.456213717142723e-20
634.9,-4.452004116202968e-20
635.0,-4.44779915394155e-20
635.1,-4.443598824517685e-20
635.2,-4.4394031220988616e-20
635.3,-4.435212040860835e-20
635.4,-4.4310255749875856e-20
635.5,-4.4268437186713457e-20
635.6,-4.422666466112563e-20
635.7,-4.418493811519897e-20
635.8,-4.414325749110197e-20
635.9,-4.4101622731084896e-20
636.0,-4.4060033777479786e-20
636.1,-4.401849057270018e-20
636.2,-4.397699305924114e-20
636.3,-4.3935541179678943e-20
636.4,-4.3894134876671054e-20
636.5,-4.3852774092955974e-20
636.6,-4.381145877135324e-20
636.7,-4.3770188854763015e-20
636.8,-4.3728964286166346e-20
636.9,-4.368778500862454e-20
637.0,-4.364665096527952e-20
637.1,-4.3605562099353466e-20
637.2,-4.3564518354148716e-20
637.3,-4.3523519673047695e-20
637.4,-4.348256599951251e-20
637.5,-4.344165727708534e-20
637.6,-4.340079344938792e-20
637.7,-4.335997446012142e-20
637.8,-4.331920025306667e-20
637.9,-4.327847077208346e-20
638.0,-4.323778596111102e-20
638.1,-4.3197145764167456e-20
638.2,-4.315655012534987e-20
638.3,-4.311599898883419e-20
638.4,-4.3075492298874854e-20
638.5,-4.3035029999805024e-20
638.6,-4.2994612036036143e-20
638.7,-4.295423835205808e-20
638.8,-4.291390889243881e-20
638.9,-4.2873623601824345e-20
639.0,-4.283338242493865e-20
639.1,-4.279318530658352e-20
639.2,-4.275303219163844e-20
639.3,-4.2712923025060516e-20
639.4,-4.2672857751884105e-20
639.5,-4.2632836317221045e-20
639.6,-4.259285866626042e-20
639.7,-4.255292474426831e-20
639.8,-4.251303449658778e-20
639.9,-4.2473187868638696e-20
640.0,-4.243338480591773e-20
640.1,-4.23936252539981e-20
640.2,-4.235390915852952e-20
640.3,-4.231423646523813e-20
640.4,-4.227460711992617e-20
640.5,-4.223502106847213e-20
640.6,-4.219547825683046e-20
640.7,-4.2155978631031543e-20
640.8,-4.211652213718152e-20
640.9,-4.207710872146208e-20
641.0,-4.20377383301306e-20
641.1,-4.199841090951978e-20
641.2,-4.1959126406037634e-20
641.3,-4.1919884766167424e-20
641.4,-4.1880685936467344e-20
641.5,-4.1841529863570644e-20
641.6,-4.1802416494185363e-20
641.7,-4.1763345775094265e-20
641.8,-4.172431765315475e-20
641.9,-4.1685332075298574e-20
642.0,-4.1646388988532015e-20
642.1,-4.1607488339935505e-20
642.2,-4.1568630076663646e-20
642.3,-4.1529814145945084e-20
642.4,-4.149104049508224e-20
642.5,-4.145230907145145e-20
642.6,-4.141361982250272e-20
642.7,-4.1374972695759565e-20
642.8,-4.1336367638819016e-20
642.9,-4.1297804599351323e-20
643.0,-4.12592835251e-20
643.1,-4.1220804363881734e-20
643.2,-4.1182367063586116e-20
643.3,-4.11439715721757e-20
643.4,-4.110561783768565e-20
643.5,-4.106730580822393e-20
643.6,-4.102903543197095e-20
643.7,-4.0990806657179634e-20
643.8,-4.09526194321752e-20
643.9,-4.0914473705354895e-20
644.0,-4.087636942518827e-20
644.1,-4.083830654021676e-20
644.2,-4.080028499905369e-20
644.3,-4.076230475038412e-20
644.4,-4.072436574296473e-20
644.5,-4.0686467925623743e-20
644.6,-4.064861124726083e-20
644.7,-4.061079565684698e-20
644.8,-4.057302110342433e-20
644.9,-4.053528753610609e-20
645.0,-4.04975949040765e-20
645.1,-4.045994315659066e-20
645.2,-4.042233224297443e-20
645.3,-4.0384762112624334e-20
645.4,-4.034723271500729e-20
645.5,-4.030974399966084e-20
645.6,-4.027229591619278e-20
645.7,-4.0234888414281065e-20
645.8,-4.0197521443673867e-20
645.9,-4.016019495418915e-20
646.0,-4.0122908895714966e-20
646.1,-4.008566321820907e-20
646.2,-4.0048457871698883e-20
646.3,-4.001129280628143e-20
646.4,-3.997416797212305e-20
646.5,-3.993708331945962e-20
646.6,-3.990003879859611e-20
646.7,-3.9863034359906715e-20
646.8,-3.9826069953834643e-20
646.9,-3.9789145530891943e-20
647.0,-3.975226104165954e-20
647.1,-3.971541643678711e-20
647.2,-3.967861166699282e-20
647.3,-3.964184668306345e-20
647.4,-3.960512143585406e-20
647.5,-3.956843587628804e-20
647.6,-3.953178995535697e-20
647.7,-3.949518362412051e-20
647.8,-3.9458616833706306e-20
647.9,-3.9422089535309717e-20
648.0,-3.938560168019403e-20
648.1,-3.934915321969016e-20
648.2,-3.9312744105196505e-20
648.3,-3.927637428817898e-20
648.4,-3.924004372017073e-20
648.5,-3.920375235277227e-20
648.6,-3.9167500137651163e-20
648.7,-3.9131287026542025e-20
648.8,-3.909511297124647e-20
648.9,-3.9058977923632766e-20
649.0,-3.902288183563605e-20
649.1,-3.898682465925803e-20
649.2,-3.8950806346566926e-20
649.3,-3.891482684969743e-20
649.4,-3.887888612085038e-20
649.5,-3.884298411229299e-20
649.6,-3.880712077635852e-20
649.7,-3.877129606544625e-20
649.8,-3.873550993202138e-20
649.9,-3.869976232861478e-20
650.0,-3.8664053207823215e-20
650.1,-3.8628382522308945e-20
650.2,-3.85927502247997e-20
650.3,-3.855715626808876e-20
650.4,-3.852160060503447e-20
650.5,-3.848608318856056e-20
650.6,-3.845060397165578e-20
650.7,-3.841516290737391e-20
650.8,-3.8379759948833636e-20
650.9,-3.834439504921837e-20
651.0,-3.8309068161776274e-20
651.1,-3.8273779239820094e-20
651.2,-3.823852823672714e-20
651.3,-3.820331510593905e-20
651.4,-3.816813980096175e-20
651.5,-3.8133002275365434e-20
651.6,-3.8097902482784335e-20
651.7,-3.806284037691676e-20
651.8,-3.802781591152494e-20
651.9,-3.7992829040434787e-20
652.0,-3.7957879717536026e-20
652.1,-3.7922967896781985e-20
652.2,-3.7888093532189504e-20
652.3,-3.78532565778389e-20
652.4,-3.781845698787365e-20
652.5,-3.7783694716500636e-20
652.6,-3.774896971798977e-20
652.7,-3.7714281946674015e-20
652.8,-3.7679631356949333e-20
652.9,-3.76450179032744e-20
653.0,-3.761044154017073e-20
653.1,-3.757590222222244e-20
653.2,-3.7541399904076266e-20
653.3,-3.750693454044136e-20
653.4,-3.7472506086089145e-20
653.5,-3.7438114495853444e-20
653.6,-3.740375972463017e-20
653.7,-3.736944172737737e-20
653.8,-3.7335160459115067e-20
653.9,-3.730091587492502e-20
654.0,-3.726670792995099e-20
654.1,-3.723253657939833e-20
654.2,-3.719840177853399e-20
654.3,-3.716430348268648e-20
654.4,-3.7130241647245604e-20
654.5,-3.709621622766264e-20
654.6,-3.706222717944997e-20
654.7,-3.7028274458181215e-20
654.8,-3.699435801949098e-20
654.9,-3.6960477819074744e-20
655.0,-3.692663381268896e-20
655.1,-3.689282595615079e-20
655.2,-3.6859054205338045e-20
655.3,-3.68253185161892e-20
655.4,-3.679161884470304e-20
655.5,-3.6757955146938886e-20
655.6,-3.672432737901634e-20
655.7,-3.669073549711518e-20
655.8,-3.665717945747531e-20
655.9,-3.6623659216396595e-20
656.0,-3.6590174730238936e-20
656.1,-3.655672595542203e-20
656.2,-3.65233128484253e-20
656.3,-3.6489935365787885e-20
656.4,-3.645659346410839e-20
656.5,-3.642328710004499e-20
656.6,-3.6390016230315205e-20
656.7,-3.6356780811695885e-20
656.8,-3.6323580801023094e-20
656.9,-3.629041615519188e-20
657.0,-3.625728683115646e-20
657.1,-3.6224192785929953e-20
657.2,-3.619113397658431e-20
657.3,-3.615811036025026e-20
657.4,-3.612512189411714e-20
657.5,-3.6092168535432915e-20
657.6,-3.605925024150402e-20
657.7,-3.6026366969695306e-20
657.8,-3.5993518677429965e-20
657.9,-3.596070532218931e-20
658.0,-3.5927926861512874e-20
658.1,-3.5895183252998234e-20
658.2,-3.586247445430086e-20
658.3,-3.582980042313422e-20
658.4,-3.579716111726938e-20
658.5,-3.576455649453524e-20
658.6,-3.573198651281826e-20
658.7,-3.5699451130062465e-20
658.8,-3.566695030426923e-20
658.9,-3.563448399349731e-20
659.0,-3.5602052155862733e-20
659.1,-3.556965474953869e-20
659.2,-3.553729173275547e-20
659.3,-3.550496306380037e-20
659.4,-3.547266870101748e-20
659.5,-3.544040860280786e-20
659.6,-3.540818272762927e-20
659.7,-3.5375991033996084e-20
659.8,-3.5343833480479333e-20
659.9,-3.531171002570638e-20
660.0,-3.527962062836109e-20
660.1,-3.5247565247183614e-20
660.2,-3.521554384097036e-20
660.3,-3.5183556368573856e-20
660.4,-3.5151602788902613e-20
660.5,-3.5119683060921204e-20
660.6,-3.508779714365007e-20
660.7,-3.505594499616541e-20
660.8,-3.502412657759927e-20
660.9,-3.49923418471391e-20
661.0,-3.496059076402807e-20
661.1,-3.492887328756479e-20
661.2,-3.4897189377103207e-20
661.3,-3.4865538992052653e-20
661.4,-3.483392209187752e-20
661.5,-3.480233863609745e-20
661.6,-3.477078858428712e-20
661.7,-3.4739271896076124e-20
661.8,-3.470778853114901e-20
661.9,-3.467633844924501e-20
662.0,-3.464492161015816e-20
662.1,-3.4613537973737085e-20
662.2,-3.458218749988501e-20
662.3,-3.455087014855962e-20
662.4,-3.451958587977288e-20
662.5,-3.448833465359118e-20
662.6,-3.445711643013506e-20
662.7,-3.442593116957928e-20
662.8,-3.439477883215261e-20
662.9,-3.4363659378137706e-20
663.0,-3.433257276787124e-20
663.1,-3.4301518961743704e-20
663.2,-3.427049792019922e-20
663.3,-3.423950960373568e-20
663.4,-3.4208553972904414e-20
663.5,-3.417763098831036e-20
663.6,-3.4146740610611814e-20
663.7,-3.4115882800520365e-20
663.8,-3.408505751880099e-20
663.9,-3.4054264726271615e-20
664.0,-3.402350438380341e-20
664.1,-3.399277645232055e-20
664.2,-3.396208089280007e-20
664.3,-3.393141766627197e-20
664.4,-3.39007867338188e-20
664.5,-3.387018805657601e-20
664.6,-3.3839621595731607e-20
664.7,-3.3809087312526076e-20
664.8,-3.377858516825244e-20
664.9,-3.3748115124255986e-20
665.0,-3.3717677141934366e-20
665.1,-3.368727118273742e-20
665.2,-3.3656897208167217e-20
665.3,-3.362655517977776e-20
665.4,-3.3596245059175076e-20
665.5,-3.356596680801711e-20
665.6,-3.3535720388013646e-20
665.7,-3.350550576092617e-20
665.8,-3.347532288856792e-20
665.9,-3.344517173280356e-20
666.0,-3.341505225554949e-20
666.1,-3.338496441877334e-20
666.2,-3.3354908184494284e-20
666.3,-3.332488351478265e-20
666.4,-3.329489037176001e-20
666.5,-3.326492871759905e-20
666.6,-3.323499851452358e-20
666.7,-3.320509972480827e-20
666.8,-3.3175232310778854e-20
666.9,-3.3145396234811684e-20
667.0,-3.311559145933399e-20
667.1,-3.3085817946823674e-20
667.2,-3.305607565980919e-20
667.3,-3.302636456086957e-20
667.4,-3.2996684612634174e-20
667.5,-3.2967035777782843e-20
667.6,-3.29374180190457e-20
667.7,-3.290783129920301e-20
667.8,-3.28782755810853e-20
667.9,-3.2848750827573015e-20
668.0,-3.28192570015967e-20
668.1,-3.278979406613679e-20
668.2,-3.276036198422358e-20
668.3,-3.2730960718937104e-20
668.4,-3.2701590233407104e-20
668.5,-3.267225049081291e-20
668.6,-3.264294145438348e-20
668.7,-3.261366308739713e-20
668.8,-3.258441535318173e-20
668.9,-3.255519821511428e-20
669.0,-3.252601163662117e-20
669.1,-3.2496855581177896e-20
669.2,-3.246773001230914e-20
669.3,-3.2438634893588554e-20
669.4,-3.240957018863869e-20
669.5,-3.238053586113108e-20
669.6,-3.235153187478604e-20
669.7,-3.2322558193372627e-20
669.8,-3.229361478070854e-20
669.9,-3.2264701600660064e-20
670.0,-3.2235818617142046e-20
670.1,-3.220696579411772e-20
670.2,-3.2178143095598754e-20
670.3,-3.2149350485645136e-20
670.4,-3.212058792836498e-20
670.5,-3.2091855387914614e-20
670.6,-3.206315282849853e-20
670.7,-3.2034480214369114e-20
670.8,-3.200583750982681e-20
670.9,-3.19772246792198e-20
671.0,-3.1948641686944184e-20
671.1,-3.192008849744372e-20
671.2,-3.1891565075209904e-20
671.3,-3.1863071384781746e-20
671.4,-3.183460739074577e-20
671.5,-3.180617305773601e-20
671.6,-3.177776835043382e-20
671.7,-3.174939323356789e-20
671.8,-3.172104767191416e-20
671.9,-3.169273163029565e-20
672.0,-3.166444507358255e-20
672.1,-3.163618796669207e-20
672.2,-3.1607960274588374e-20
672.3,-3.157976196228253e-20
672.4,-3.1551592994832287e-20
672.5,-3.1523453337342307e-20
672.6,-3.149534295496386e-20
672.7,-3.1467261812894814e-20
672.8,-3.143920987637964e-20
672.9,-3.1411187110709125e-20
673.0,-3.138319348122061e-20
673.1,-3.1355228953297704e-20
673.2,-3.132729349237028e-20
673.3,-3.129938706391442e-20
673.4,-3.127150963345228e-20
673.5,-3.124366116655212e-20
673.6,-3.1215841628828197e-20
673.7,-3.118805098594066e-20
673.8,-3.1160289203595507e-20
673.9,-3.1132556247544523e-20
674.0,-3.11048520835852e-20
674.1,-3.107717667756071e-20
674.2,-3.1049529995359764e-20
674.3,-3.102191200291665e-20
674.4,-3.099432266621098e-20
674.5,-3.0966761951267866e-20
674.6,-3.093922982415768e-20
674.7,-3.091172625099603e-20
674.8,-3.0884251197943737e-20
674.9,-3.085680463120666e-20
675.0,-3.082938651703574e-20
675.1,-3.0801996821726933e-20
675.2,-3.0774635511621053e-20
675.3,-3.074730255310379e-20
675.4,-3.071999791260552e-20
675.5,-3.069272155660146e-20
675.6,-3.066547345161139e-20
675.7,-3.0638253564199695e-20
675.8,-3.0611061860975286e-20
675.9,-3.058389830859146e-20
676.0,-3.0556762873745926e-20
676.1,-3.0529655523180735e-20
676.2,-3.050257622368217e-20
676.3,-3.0475524942080707e-20
676.4,-3.044850164525087e-20
676.5,-3.0421506300111325e-20
676.6,-3.0394538873624674e-20
676.7,-3.03675993327975e-20
676.8,-3.0340687644680183e-20
676.9,-3.031380377636692e-20
677.0,-3.028694769499559e-20
677.1,-3.0260119367747863e-20
677.2,-3.023331876184885e-20
677.3,-3.020654584456735e-20
677.4,-3.0179800583215483e-20
677.5,-3.015308294514888e-20
677.6,-3.0126392897766463e-20
677.7,-3.00997304085105e-20
677.8,-3.0073095444866424e-20
677.9,-3.004648797436276e-20
678.0,-3.0019907964571253e-20
678.1,-2.999335538310655e-20
678.2,-2.9966830197626344e-20
678.3,-2.9940332375831243e-20
678.4,-2.9913861885464535e-20
678.5,-2.988741869431244e-20
678.6,-2.9861002770203817e-20
678.7,-2.9834614081010205e-20
678.8,-2.980825259464571e-20
678.9,-2.9781918279066913e-20
679.0,-2.9755611102272913e-20
679.1,-2.972933103230516e-20
679.2,-2.9703078037247495e-20
679.3,-2.9676852085226014e-20
679.4,-2.9650653144408915e-20
679.5,-2.9624481183006696e-20
679.6,-2.959833616927182e-20
679.7,-2.9572218071498845e-20
679.8,-2.954612685802431e-20
679.9,-2.952006249722651e-20
680.0,-2.9494024957525743e-20
680.1,-2.9468014207384e-20
680.2,-2.9442030215304976e-20
680.3,-2.9416072949834086e-20
680.4,-2.939014237955822e-20
680.5,-2.936423847310592e-20
680.6,-2.9338361199147166e-20
680.7,-2.9312510526393276e-20
680.8,-2.9286686423597017e-20
680.9,-2.9260888859552345e-20
681.0,-2.92351178030945e-20
681.1,-2.9209373223099897e-20
681.2,-2.918365508848604e-20
681.3,-2.915796336821149e-20
681.4,-2.913229803127571e-20
681.5,-2.91066590467192e-20
681.6,-2.9081046383623277e-20
681.7,-2.9055460011110076e-20
681.8,-2.902989989834249e-20
681.9,-2.900436601452401e-20
682.0,-2.897885832889885e-20
682.1,-2.895337681075174e-20
682.2,-2.8927921429407974e-20
682.3,-2.8902492154233245e-20
682.4,-2.8877088954633606e-20
682.5,-2.885171180005548e-20
682.6,-2.8826360659985573e-20
682.7,-2.8801035503950783e-20
682.8,-2.8775736301518184e-20
682.9,-2.875046302229485e-20
683.0,-2.8725215635928007e-20
683.1,-2.869999411210481e-20
683.2,-2.8674798420552314e-20
683.3,-2.8649628531037494e-20
683.4,-2.8624484413367e-20
683.5,-2.8599366037387366e-20
683.6,-2.857427337298472e-20
683.7,-2.854920639008486e-20
683.8,-2.8524165058653164e-20
683.9,-2.849914934869444e-20
684.0,-2.847415923025305e-20
684.1,-2.8449194673412673e-20
684.2,-2.8424255648296374e-20
684.3,-2.8399342125066496e-20
684.4,-2.8374454073924557e-20
684.5,-2.834959146511129e-20
684.6,-2.8324754268906534e-20
684.7,-2.829994245562914e-20
684.8,-2.827515599563704e-20
684.9,-2.8250394859326965e-20
685.0,-2.8225659017134643e-20
685.1,-2.820094843953457e-20
685.2,-2.817626309704004e-20
685.3,-2.815160296020307e-20
685.4,-2.8126967999614255e-20
685.5,-2.810235818590283e-20
685.6,-2.807777348973663e-20
685.7,-2.8053213881821894e-20
685.8,-2.8028679332903364e-20
685.9,-2.8004169813764046e-20
686.0,-2.797968529522535e-20
686.1,-2.795522574814693e-20
686.2,-2.793079114342666e-20
686.3,-2.790638145200055e-20
686.4,-2.788199664484267e-20
686.5,-2.785763669296517e-20
686.6,-2.7833301567418173e-20
686.7,-2.780899123928973e-20
686.8,-2.77847056797058e-20
686.9,-2.7760444859830075e-20
687.0,-2.7736208750864084e-20
687.1,-2.771199732404703e-20
687.2,-2.768781055065579e-20
687.3,-2.766364840200486e-20
687.4,-2.76395108494462e-20
687.5,-2.7615397864369334e-20
687.6,-2.7591309418201165e-20
687.7,-2.756724548240605e-20
687.8,-2.754320602848563e-20
687.9,-2.751919102797878e-20
688.0,-2.749520045246163e-20
688.1,-2.747123427354748e-20
688.2,-2.7447292462886763e-20
688.3,-2.742337499216693e-20
688.4,-2.7399481833112394e-20
688.5,-2.737561295748459e-20
688.6,-2.735176833708182e-20
688.7,-2.7327947943739235e-20
688.8,-2.7304151749328766e-20
688.9,-2.7280379725759054e-20
689.0,-2.7256631844975457e-20
689.1,-2.723290807895996e-20
689.2,-2.720920839973108e-20
689.3,-2.7185532779343947e-20
689.4,-2.716188118989001e-20
689.5,-2.7138253603497277e-20
689.6,-2.711464999233005e-20
689.7,-2.709107032858894e-20
689.8,-2.7067514584510888e-20
689.9,-2.7043982732368905e-20
690.0,-2.7020474744472255e-20
690.1,-2.6996990593166306e-20
690.2,-2.69735302508324e-20
690.3,-2.695009368988799e-20
690.4,-2.6926680882786316e-20
690.5,-2.6903291802016643e-20
690.6,-2.687992642010403e-20
690.7,-2.68565847096093e-20
690.8,-2.6833266643129083e-20
690.9,-2.6809972193295594e-20
691.0,-2.6786701332776718e-20
691.1,-2.6763454034275993e-20
691.2,-2.674023027053238e-20
691.3,-2.6717030014320394e-20
691.4,-2.669385323844993e-20
691.5,-2.667069991576626e-20
691.6,-2.6647570019150037e-20
691.7,-2.6624463521517107e-20
691.8,-2.6601380395818644e-20
691.9,-2.6578320615040828e-20
692.0,-2.6555284152205148e-20
692.1,-2.6532270980368032e-20
692.2,-2.6509281072620966e-20
692.3,-2.6486314402090473e-20
692.4,-2.646337094193783e-20
692.5,-2.6440450665359363e-20
692.6,-2.6417553545586093e-20
692.7,-2.6394679555883854e-20
692.8,-2.637182866955325e-20
692.9,-2.634900085992942e-20
693.0,-2.632619610038222e-20
693.1,-2.6303414364316057e-20
693.2,-2.6280655625169836e-20
693.3,-2.6257919856416998e-20
693.4,-2.6235207031565252e-20
693.5,-2.621251712415682e-20
693.6,-2.6189850107768176e-20
693.7,-2.616720595601009e-20
693.8,-2.6144584642527578e-20
693.9,-2.61219861409997e-20
694.0,-2.609941042513979e-20
694.1,-2.6076857468695158e-20
694.2,-2.60543272454472e-20
694.3,-2.6031819729211252e-20
694.4,-2.6009334893836542e-20
694.5,-2.5986872713206254e-20
694.6,-2.596443316123732e-20
694.7,-2.5942016211880512e-20
694.8,-2.5919621839120342e-20
694.9,-2.5897250016974884e-20
695.0,-2.5874900719495987e-20
695.1,-2.5852573920769022e-20
695.2,-2.5830269594912923e-20
695.3,-2.5807987716080076e-20
695.4,-2.5785728258456326e-20
695.5,-2.5763491196260878e-20
695.6,-2.5741276503746372e-20
695.7,-2.571908415519865e-20
695.8,-2.5696914124936865e-20
695.9,-2.5674766387313313e-20
696.0,-2.5652640916713484e-20
696.1,-2.563053768755597e-20
696.2,-2.5608456674292398e-20
696.3,-2.5586397851407472e-20
696.4,-2.5564361193418764e-20
696.5,-2.5542346674876813e-20
696.6,-2.5520354270365006e-20
696.7,-2.549838395449961e-20
696.8,-2.5476435701929637e-20
696.9,-2.545450948733673e-20
697.0,-2.5432605285435353e-20
697.1,-2.541072307097253e-20
697.2,-2.53888628187279e-20
697.3,-2.536702450351364e-20
697.4,-2.5345208100174375e-20
697.5,-2.532341358358723e-20
697.6,-2.5301640928661702e-20
697.7,-2.5279890110339677e-20
697.8,-2.5258161103595315e-20
697.9,-2.5236453883435017e-20
698.0,-2.5214768424897473e-20
698.1,-2.519310470305345e-20
698.2,-2.5171462693005926e-20
698.3,-2.514984236988992e-20
698.4,-2.5128243708872435e-20
698.5,-2.510666668515253e-20
698.6,-2.5085111273961152e-20
698.7,-2.5063577450561198e-20
698.8,-2.5042065190247376e-20
698.9,-2.5020574468346167e-20
699.0,-2.4999105260215854e-20
699.1,-2.4977657541246432e-20
699.2,-2.495623128685956e-20
699.3,-2.49348264725085e-20
699.4,-2.4913443073678083e-20
699.5,-2.4892081065884685e-20
699.6,-2.4870740424676193e-20
699.7,-2.484942112563188e-20
699.8,-2.4828123144362496e-20
699.9,-2.4806846456510032e-20
700.0,-2.4785591037747868e-20
700.1,-2.476435686378062e-20
700.2,-2.4743143910344146e-20
700.3,-2.4721952153205443e-20
700.4,-2.47007815681626e-20
700.5,-2.4679632131044887e-20
700.6,-2.4658503817712543e-20
700.7,-2.463739660405682e-20
700.8,-2.461631046599995e-20
700.9,-2.4595245379494985e-20
701.0,-2.4574201320525916e-20
701.1,-2.4553178265107548e-20
701.2,-2.4532176189285455e-20
701.3,-2.4511195069135923e-20
701.4,-2.449023488076589e-20
701.5,-2.4469295600313026e-20
701.6,-2.444837720394555e-20
701.7,-2.442747966786224e-20
701.8,-2.440660296829238e-20
701.9,-2.4385747081495725e-20
702.0,-2.436491198376247e-20
702.1,-2.434409765141316e-20
702.2,-2.4323304060798732e-20
702.3,-2.4302531188300407e-20
702.4,-2.4281779010329582e-20
702.5,-2.426104750332795e-20
702.6,-2.4240336643767334e-20
702.7,-2.4219646408149686e-20
702.8,-2.4198976773007074e-20
702.9,-2.4178327714901526e-20
703.0,-2.4157699210425127e-20
703.1,-2.4137091236199892e-20
703.2,-2.411650376887775e-20
703.3,-2.409593678514054e-20
703.4,-2.407539026169982e-20
703.5,-2.405486417529703e-20
703.6,-2.4034358502703313e-20
703.7,-2.401387322071951e-20
703.8,-2.3993408306176134e-20
703.9,-2.3972963735933278e-20
704.0,-2.3952539486880626e-20
704.1,-2.393213553593741e-20
704.2,-2.391175186005232e-20
704.3,-2.389138843620353e-20
704.4,-2.3871045241398556e-20
704.5,-2.3850722252674332e-20
704.6,-2.3830419447097084e-20
704.7,-2.3810136801762332e-20
704.8,-2.378987429379486e-20
704.9,-2.3769631900348574e-20
705.0,-2.3749409598606598e-20
705.1,-2.372920736578114e-20
705.2,-2.370902517911349e-20
705.3,-2.368886301587401e-20
705.4,-2.3668720853361947e-20
705.5,-2.3648598668905594e-20
705.6,-2.3628496439862113e-20
705.7,-2.360841414361753e-20
705.8,-2.358835175758674e-20
705.9,-2.356830925921335e-20
706.0,-2.3548286625969767e-20
706.1,-2.3528283835357067e-20
706.2,-2.3508300864905023e-20
706.3,-2.3488337692172042e-20
706.4,-2.346839429474502e-20
706.5,-2.344847065023949e-20
706.6,-2.3428566736299473e-20
706.7,-2.3408682530597413e-20
706.8,-2.338881801083422e-20
706.9,-2.336897315473912e-20
707.0,-2.334914794006975e-20
707.1,-2.3329342344612007e-20
707.2,-2.3309556346180042e-20
707.3,-2.3289789922616276e-20
707.4,-2.3270043051791248e-20
707.5,-2.3250315711603656e-20
707.6,-2.323060787998035e-20
707.7,-2.321091953487615e-20
707.8,-2.3191250654274015e-20
707.9,-2.317160121618474e-20
708.0,-2.3151971198647165e-20
708.1,-2.313236057972803e-20
708.2,-2.31127693375219e-20
708.3,-2.309319745015121e-20
708.4,-2.3073644895766083e-20
708.5,-2.305411165254452e-20
708.6,-2.3034597698692148e-20
708.7,-2.301510301244226e-20
708.8,-2.299562757205583e-20
708.9,-2.297617135582136e-20
709.0,-2.2956734342054927e-20
709.1,-2.2937316509100114e-20
709.2,-2.2917917835328016e-20
709.3,-2.2898538299137157e-20
709.4,-2.287917787895335e-20
709.5,-2.2859836553229894e-20
709.6,-2.2840514300447364e-20
709.7,-2.2821211099113588e-20
709.8,-2.2801926927763713e-20
709.9,-2.278266176495996e-20
710.0,-2.276341558929181e-20
710.1,-2.274418837937589e-20
710.2,-2.2724980113855834e-20
710.3,-2.2705790771402398e-20
710.4,-2.26866203307133e-20
710.5,-2.2667468770513245e-20
710.6,-2.264833606955389e-20
710.7,-2.262922220661379e-20
710.8,-2.2610127160498383e-20
710.9,-2.259105091003985e-20
711.0,-2.2571993434097226e-20
711.1,-2.2552954711556258e-20
711.2,-2.2533934721329447e-20
711.3,-2.2514933442355953e-20
711.4,-2.2495950853601523e-20
711.5,-2.2476986934058544e-20
711.6,-2.2458041662745957e-20
711.7,-2.2439115018709225e-20
711.8,-2.2420206981020314e-20
711.9,-2.2401317528777602e-20
712.0,-2.2382446641105887e-20
712.1,-2.2363594297156355e-20
712.2,-2.234476047610654e-20
712.3,-2.232594515716026e-20
712.4,-2.2307148319547586e-20
712.5,-2.228836994252482e-20
712.6,-2.2269610005374488e-20
712.7,-2.2250868487405215e-20
712.8,-2.2232145367951806e-20
712.9,-2.2213440626375055e-20
713.0,-2.2194754242061868e-20
713.1,-2.217608619442517e-20
713.2,-2.215743646290382e-20
713.3,-2.2138805026962608e-20
713.4,-2.212019186609223e-20
713.5,-2.2101596959809254e-20
713.6,-2.208302028765606e-20
713.7,-2.2064461829200816e-20
713.8,-2.204592156403749e-20
713.9,-2.2027399471785663e-20
714.0,-2.2008895532090668e-20
714.1,-2.1990409724623507e-20
714.2,-2.1971942029080736e-20
714.3,-2.1953492425184517e-20
714.4,-2.1935060892682498e-20
714.5,-2.1916647411347917e-20
714.6,-2.1898251960979388e-20
714.7,-2.1879874521401003e-20
714.8,-2.1861515072462275e-20
714.9,-2.184317359403799e-20
715.0,-2.1824850066028335e-20
715.1,-2.1806544468358734e-20
715.2,-2.178825678097992e-20
715.3,-2.176998698386783e-20
715.4,-2.175173505702349e-20
715.5,-2.17335009804732e-20
715.6,-2.1715284734268306e-20
715.7,-2.1697086298485262e-20
715.8,-2.1678905653225535e-20
715.9,-2.1660742778615597e-20
716.0,-2.1642597654806918e-20
716.1,-2.1624470261975876e-20
716.2,-2.1606360580323794e-20
716.3,-2.1588268590076854e-20
716.4,-2.157019427148599e-20
716.5,-2.1552137604827037e-20
716.6,-2.1534098570400543e-20
716.7,-2.151607714853179e-20
716.8,-2.1498073319570806e-20
716.9,-2.1480087063892168e-20
717.0,-2.1462118361895168e-20
717.1,-2.1444167194003678e-20
717.2,-2.1426233540666117e-20
717.3,-2.1408317382355417e-20
717.4,-2.1390418699568994e-20
717.5,-2.1372537472828757e-20
717.6,-2.1354673682680983e-20
717.7,-2.133682730969636e-20
717.8,-2.1318998334469993e-20
717.9,-2.1301186737621162e-20
718.0,-2.128339249979354e-20
718.1,-2.1265615601655032e-20
718.2,-2.124785602389776e-20
718.3,-2.1230113747238017e-20
718.4,-2.121238875241625e-20
718.5,-2.1194681020197004e-20
718.6,-2.117699053136896e-20
718.7,-2.1159317266744783e-20
718.8,-2.1141661207161225e-20
718.9,-2.112402233347894e-20
719.0,-2.1106400626582583e-20
719.1,-2.1088796067380718e-20
719.2,-2.107120863680578e-20
719.3,-2.1053638315814094e-20
719.4,-2.103608508538571e-20
719.5,-2.1018548926524563e-20
719.6,-2.1001029820258276e-20
719.7,-2.0983527747638207e-20
719.8,-2.0966042689739426e-20
719.9,-2.0948574627660573e-20
720.0,-2.0931123542523996e-20
720.1,-2.0913689415475597e-20
720.2,-2.089627222768479e-20
720.3,-2.087887196034461e-20
720.4,-2.086148859467145e-20
720.5,-2.0844122111905247e-20
720.6,-2.0826772493309327e-20
720.7,-2.0809439720170438e-20
720.8,-2.0792123773798676e-20
720.9,-2.0774824635527396e-20
721.0,-2.0757542286713316e-20
721.1,-2.074027670873642e-20
721.2,-2.0723027882999893e-20
721.3,-2.070579579093012e-20
721.4,-2.068858041397664e-20
721.5,-2.0671381733612128e-20
721.6,-2.0654199731332377e-20
721.7,-2.063703438865625e-20
721.8,-2.0619885687125625e-20
721.9,-2.0602753608305365e-20
722.0,-2.0585638133783357e-20
722.1,-2.05685392451704e-20
722.2,-2.0551456924100175e-20
722.3,-2.0534391152229335e-20
722.4,-2.0517341911237246e-20
722.5,-2.050030918282618e-20
722.6,-2.0483292948721143e-20
722.7,-2.0466293190669946e-20
722.8,-2.04493098904431e-20
722.9,-2.0432343029833724e-20
723.0,-2.0415392590657712e-20
723.1,-2.0398458554753504e-20
723.2,-2.038154090398217e-20
723.3,-2.0364639620227366e-20
723.4,-2.0347754685395172e-20
723.5,-2.03308860814143e-20
723.6,-2.031403379023583e-20
723.7,-2.0297197793833365e-20
723.8,-2.0280378074202863e-20
723.9,-2.0263574613362628e-20
724.0,-2.02467873933534e-20
724.1,-2.0230016396238142e-20
724.2,-2.0213261604102163e-20
724.3,-2.0196522999053014e-20
724.4,-2.017980056322041e-20
724.5,-2.0163094278756354e-20
724.6,-2.0146404127834924e-20
724.7,-2.012973009265237e-20
724.8,-2.0113072155427077e-20
724.9,-2.0096430298399408e-20
725.0,-2.0079804503831816e-20
725.1,-2.006319475400878e-20
725.2,-2.0046601031236734e-20
725.3,-2.003002331784407e-20
725.4,-2.0013461596181077e-20
725.5,-1.9996915848619938e-20
725.6,-1.9980386057554722e-20
725.7,-1.996387220540131e-20
725.8,-1.9947374274597355e-20
725.9,-1.9930892247602286e-20
726.0,-1.9914426106897298e-20
726.1,-1.9897975834985265e-20
726.2,-1.988154141439075e-20
726.3,-1.9865122827659977e-20
726.4,-1.9848720057360736e-20
726.5,-1.983233308608246e-20
726.6,-1.981596189643611e-20
726.7,-1.9799606471054205e-20
726.8,-1.9783266792590726e-20
726.9,-1.9766942843721143e-20
727.0,-1.9750634607142364e-20
727.1,-1.9734342065572708e-20
727.2,-1.9718065201751877e-20
727.3,-1.9701803998440943e-20
727.4,-1.968555843842221e-20
727.5,-1.9669328504499398e-20
727.6,-1.9653114179497424e-20
727.7,-1.9636915446262455e-20
727.8,-1.962073228766186e-20
727.9,-1.9604564686584163e-20
728.0,-1.9588412625939068e-20
728.1,-1.9572276088657373e-20
728.2,-1.9556155057691002e-20
728.3,-1.9540049516012913e-20
728.4,-1.952395944661707e-20
728.5,-1.9507884832518466e-20
728.6,-1.9491825656753078e-20
728.7,-1.9475781902377813e-20
728.8,-1.945975355247051e-20
728.9,-1.9443740590129864e-20
729.0,-1.9427742998475442e-20
729.1,-1.9411760760647655e-20
729.2,-1.93957938598077e-20
729.3,-1.937984227913759e-20
729.4,-1.936390600183999e-20
729.5,-1.934798501113835e-20
729.6,-1.9332079290276826e-20
729.7,-1.931618882252016e-20
729.8,-1.930031359115383e-20
729.9,-1.9284453579483768e-20
730.0,-1.9268608770836617e-20
730.1,-1.9252779148559507e-20
730.2,-1.9236964696020108e-20
730.3,-1.922116539660656e-20
730.4,-1.9205381233727443e-20
730.5,-1.9189612190811832e-20
730.6,-1.9173858251309152e-20
730.7,-1.9158119398689273e-20
730.8,-1.9142395616442335e-20
730.9,-1.912668688807885e-20
731.0,-1.911099319712961e-20
731.1,-1.909531452714568e-20
731.2,-1.907965086169836e-20
731.3,-1.906400218437917e-20
731.4,-1.9048368478799808e-20
731.5,-1.9032749728592098e-20
731.6,-1.9017145917408067e-20
731.7,-1.9001557028919774e-20
731.8,-1.8985983046819393e-20
731.9,-1.8970423954819096e-20
732.0,-1.8954879736651142e-20
732.1,-1.8939350376067723e-20
732.2,-1.892383585684103e-20
732.3,-1.8908336162763195e-20
732.4,-1.889285127764621e-20
732.5,-1.8877381185322014e-20
732.6,-1.886192586964235e-20
732.7,-1.8846485314478835e-20
732.8,-1.8831059503722868e-20
732.9,-1.881564842128558e-20
733.0,-1.8800252051097925e-20
733.1,-1.8784870377110528e-20
733.2,-1.876950338329374e-20
733.3,-1.875415105363756e-20
733.4,-1.8738813372151597e-20
733.5,-1.8723490322865124e-20
733.6,-1.8708181889826977e-20
733.7,-1.8692888057105562e-20
733.8,-1.867760880878882e-20
733.9,-1.8662344128984164e-20
734.0,-1.864709400181853e-20
734.1,-1.8631858411438295e-20
734.2,-1.8616637342009266e-20
734.3,-1.860143077771665e-20
734.4,-1.8586238702764988e-20
734.5,-1.8571061101378226e-20
734.6,-1.8555897957799597e-20
734.7,-1.8540749256291668e-20
734.8,-1.8525614981136237e-20
734.9,-1.8510495116634352e-20
735.0,-1.8495389647106266e-20
735.1,-1.848029855689147e-20
735.2,-1.846522183034857e-20
735.3,-1.8450159451855346e-20
735.4,-1.8435111405808648e-20
735.5,-1.842007767662445e-20
735.6,-1.8405058248737764e-20
735.7,-1.8390053106602663e-20
735.8,-1.837506223469222e-20
735.9,-1.836008561749845e-20
736.0,-1.834512323953237e-20
736.1,-1.8330175085323934e-20
736.2,-1.8315241139421964e-20
736.3,-1.8300321386394197e-20
736.4,-1.8285415810827197e-20
736.5,-1.8270524397326368e-20
736.6,-1.825564713051594e-20
736.7,-1.8240783995038858e-20
736.8,-1.8225934975556923e-20
736.9,-1.8211100056750537e-20
737.0,-1.819627922331889e-20
737.1,-1.818147245997983e-20
737.2,-1.8166679751469845e-20
737.3,-1.815190108254406e-20
737.4,-1.813713643797618e-20
737.5,-1.8122385802558508e-20
737.6,-1.8107649161101882e-20
737.7,-1.8092926498435663e-20
737.8,-1.807821779940776e-20
737.9,-1.8063523048884457e-20
738.0,-1.8048842231750577e-20
738.1,-1.8034175332909317e-20
738.2,-1.801952233728232e-20
738.3,-1.800488322980956e-20
738.4,-1.799025799544938e-20
738.5,-1.7975646619178424e-20
738.6,-1.7961049085991683e-20
738.7,-1.7946465380902386e-20
738.8,-1.7931895488942033e-20
738.9,-1.7917339395160316e-20
739.0,-1.7902797084625166e-20
739.1,-1.788826854242269e-20
739.2,-1.787375375365711e-20
739.3,-1.785925270345083e-20
739.4,-1.784476537694429e-20
739.5,-1.7830291759296063e-20
739.6,-1.781583183568275e-20
739.7,-1.780138559129901e-20
739.8,-1.7786953011357485e-20
739.9,-1.777253408108877e-20
740.0,-1.7758128785741467e-20
740.1,-1.7743737110582095e-20
740.2,-1.772935904089506e-20
740.3,-1.771499456198269e-20
740.4,-1.770064365916513e-20
740.5,-1.7686306317780385e-20
740.6,-1.7671982523184276e-20
740.7,-1.7657672260750413e-20
740.8,-1.7643375515870153e-20
740.9,-1.762909227395259e-20
741.0,-1.7614822520424546e-20
741.1,-1.7600566240730547e-20
741.2,-1.7586323420332753e-20
741.3,-1.7572094044711025e-20
741.4,-1.7557878099362765e-20
741.5,-1.7543675569803035e-20
741.6,-1.7529486441564445e-20
741.7,-1.7515310700197158e-20
741.8,-1.750114833126889e-20
741.9,-1.7486999320364784e-20
742.0,-1.747286365308755e-20
742.1,-1.7458741315057275e-20
742.2,-1.744463229191155e-20
742.3,-1.7430536569305328e-20
742.4,-1.7416454132910937e-20
742.5,-1.740238496841811e-20
742.6,-1.7388329061533872e-20
742.7,-1.7374286397982612e-20
742.8,-1.7360256963505975e-20
742.9,-1.734624074386285e-20
743.0,-1.7332237724829426e-20
743.1,-1.7318247892199093e-20
743.2,-1.730427123178242e-20
743.3,-1.7290307729407185e-20
743.4,-1.727635737091827e-20
743.5,-1.7262420142177737e-20
743.6,-1.7248496029064728e-20
743.7,-1.7234585017475444e-20
743.8,-1.7220687093323235e-20
743.9,-1.720680224253836e-20
744.0,-1.719293045106818e-20
744.1,-1.7179071704877024e-20
744.2,-1.7165225989946197e-20
744.3,-1.7151393292273968e-20
744.4,-1.713757359787545e-20
744.5,-1.7123766892782745e-20
744.6,-1.7109973163044778e-20
744.7,-1.7096192394727364e-20
744.8,-1.7082424573913135e-20
744.9,-1.7068669686701516e-20
745.0,-1.7054927719208737e-20
745.1,-1.7041198657567805e-20
745.2,-1.702748248792843e-20
745.3,-1.7013779196457112e-20
745.4,-1.7000088769336945e-20
745.5,-1.6986411192767787e-20
745.6,-1.697274645296611e-20
745.7,-1.6959094536165015e-20
745.8,-1.6945455428614236e-20
745.9,-1.6931829116580045e-20
746.0,-1.691821558634532e-20
746.1,-1.690461482420948e-20
746.2,-1.6891026816488418e-20
746.3,-1.6877451549514607e-20
746.4,-1.6863889009636883e-20
746.5,-1.6850339183220628e-20
746.6,-1.683680205664761e-20
746.7,-1.6823277616316026e-20
746.8,-1.6809765848640442e-20
746.9,-1.6796266740051806e-20
747.0,-1.6782780276997372e-20
747.1,-1.6769306445940782e-20
747.2,-1.67558452333619e-20
747.3,-1.6742396625756955e-20
747.4,-1.6728960609638326e-20
747.5,-1.67155371715347e-20
747.6,-1.670212629799098e-20
747.7,-1.66887279755682e-20
747.8,-1.6675342190843637e-20
747.9,-1.6661968930410645e-20
748.0,-1.6648608180878763e-20
748.1,-1.6635259928873572e-20
748.2,-1.6621924161036798e-20
748.3,-1.660860086402622e-20
748.4,-1.6595290024515595e-20
748.5,-1.6581991629194752e-20
748.6,-1.656870566476951e-20
748.7,-1.6555432117961658e-20
748.8,-1.6542170975508947e-20
748.9,-1.6528922224165044e-20
749.0,-1.6515685850699538e-20
749.1,-1.6502461841897914e-20
749.2,-1.6489250184561502e-20
749.3,-1.6476050865507522e-20
749.4,-1.6462863871568968e-20
749.5,-1.6449689189594697e-20
749.6,-1.6436526806449292e-20
749.7,-1.642337670901314e-20
749.8,-1.6410238884182378e-20
749.9,-1.6397113318868814e-20
750.0,-1.6383999999999993e-20
750.1,-1.6370898914519153e-20
750.2,-1.635781004938517e-20
750.3,-1.634473339157255e-20
750.4,-1.6331668928071424e-20
750.5,-1.6318616645887533e-20
750.6,-1.630557653204217e-20
750.7,-1.6292548573572196e-20
750.8,-1.6279532757530034e-20
750.9,-1.6266529070983543e-20
751.0,-1.6253537501016154e-20
751.1,-1.6240558034726727e-20
751.2,-1.6227590659229592e-20
751.3,-1.621463536165451e-20
751.4,-1.6201692129146626e-20
751.5,-1.61887609488665e-20
751.6,-1.6175841807990068e-20
751.7,-1.6162934693708596e-20
751.8,-1.6150039593228698e-20
751.9,-1.6137156493772253e-20
752.0,-1.612428538257648e-20
752.1,-1.611142624689384e-20
752.2,-1.6098579073992053e-20
752.3,-1.608574385115406e-20
752.4,-1.607292056567798e-20
752.5,-1.606010920487716e-20
752.6,-1.604730975608011e-20
752.7,-1.6034522206630474e-20
752.8,-1.602174654388703e-20
752.9,-1.6008982755223622e-20
753.0,-1.5996230828029228e-20
753.1,-1.59834907497079e-20
753.2,-1.5970762507678682e-20
753.3,-1.595804608937571e-20
753.4,-1.5945341482248054e-20
753.5,-1.5932648673759838e-20
753.6,-1.5919967651390087e-20
753.7,-1.5907298402632834e-20
753.8,-1.5894640914997027e-20
753.9,-1.5881995176006462e-20
754.0,-1.586936117319989e-20
754.1,-1.58567388941309e-20
754.2,-1.5844128326367935e-20
754.3,-1.5831529457494284e-20
754.4,-1.5818942275107985e-20
754.5,-1.5806366766821916e-20
754.6,-1.579380292026374e-20
754.7,-1.5781250723075806e-20
754.8,-1.5768710162915265e-20
754.9,-1.5756181227453898e-20
755.0,-1.5743663904378262e-20
755.1,-1.573115818138952e-20
755.2,-1.5718664046203513e-20
755.3,-1.5706181486550735e-20
755.4,-1.5693710490176236e-20
755.5,-1.568125104483973e-20
755.6,-1.5668803138315455e-20
755.7,-1.5656366758392218e-20
755.8,-1.564394189287338e-20
755.9,-1.5631528529576786e-20
756.0,-1.5619126656334806e-20
756.1,-1.5606736260994278e-20
756.2,-1.5594357331416497e-20
756.3,-1.5581989855477214e-20
756.4,-1.5569633821066577e-20
756.5,-1.5557289216089155e-20
756.6,-1.5544956028463876e-20
756.7,-1.553263424612408e-20
756.8,-1.5520323857017417e-20
756.9,-1.5508024849105855e-20
757.0,-1.5495737210365665e-20
757.1,-1.5483460928787463e-20
757.2,-1.5471195992376068e-20
757.3,-1.5458942389150607e-20
757.4,-1.544670010714437e-20
757.5,-1.5434469134404916e-20
757.6,-1.5422249458993993e-20
757.7,-1.5410041068987493e-20
757.8,-1.539784395247553e-20
757.9,-1.538565809756225e-20
758.0,-1.5373483492366007e-20
758.1,-1.5361320125019227e-20
758.2,-1.534916798366844e-20
758.3,-1.5337027056474203e-20
758.4,-1.5324897331611136e-20
758.5,-1.531277879726789e-20
758.6,-1.53006714416471e-20
758.7,-1.5288575252965444e-20
758.8,-1.527649021945353e-20
758.9,-1.526441632935591e-20
759.0,-1.5252353570931098e-20
759.1,-1.5240301932451506e-20
759.2,-1.5228261402203465e-20
759.3,-1.5216231968487192e-20
759.4,-1.52042136196167e-20
759.5,-1.519220634391991e-20
759.6,-1.5180210129738563e-20
759.7,-1.5168224965428168e-20
759.8,-1.5156250839358088e-20
759.9,-1.5144287739911382e-20
760.0,-1.5132335655484907e-20
760.1,-1.5120394574489234e-20
760.2,-1.5108464485348666e-20
760.3,-1.5096545376501215e-20
760.4,-1.5084637236398525e-20
760.5,-1.5072740053505947e-20
760.6,-1.506085381630246e-20
760.7,-1.504897851328067e-20
760.8,-1.5037114132946797e-20
760.9,-1.5025260663820637e-20
761.0,-1.501341809443558e-20
761.1,-1.5001586413338555e-20
761.2,-1.4989765609090025e-20
761.3,-1.4977955670264005e-20
761.4,-1.4966156585447942e-20
761.5,-1.4954368343242848e-20
761.6,-1.4942590932263147e-20
761.7,-1.4930824341136745e-20
761.8,-1.4919068558504947e-20
761.9,-1.490732357302248e-20
762.0,-1.489558937335749e-20
762.1,-1.4883865948191467e-20
762.2,-1.4872153286219292e-20
762.3,-1.486045137614919e-20
762.4,-1.4848760206702653e-20
762.5,-1.4837079766614543e-20
762.6,-1.482541004463301e-20
762.7,-1.4813751029519434e-20
762.8,-1.4802102710048516e-20
762.9,-1.4790465075008118e-20
763.0,-1.477883811319937e-20
763.1,-1.476722181343662e-20
763.2,-1.4755616164547352e-20
763.3,-1.4744021155372268e-20
763.4,-1.4732436774765184e-20
763.5,-1.4720863011593078e-20
763.6,-1.4709299854736024e-20
763.7,-1.4697747293087213e-20
763.8,-1.4686205315552934e-20
763.9,-1.4674673911052476e-20
764.0,-1.4663153068518246e-20
764.1,-1.4651642776895665e-20
764.2,-1.464014302514316e-20
764.3,-1.4628653802232152e-20
764.4,-1.4617175097147053e-20
764.5,-1.4605706898885217e-20
764.6,-1.4594249196456978e-20
764.7,-1.4582801978885586e-20
764.8,-1.4571365235207214e-20
764.9,-1.4559938954470893e-20
765.0,-1.4548523125738568e-20
765.1,-1.4537117738085038e-20
765.2,-1.4525722780597953e-20
765.3,-1.4514338242377793e-20
765.4,-1.4502964112537823e-20
765.5,-1.4491600380204142e-20
765.6,-1.4480247034515595e-20
765.7,-1.4468904064623806e-20
765.8,-1.4457571459693166e-20
765.9,-1.444624920890073e-20
766.0,-1.443493730143633e-20
766.1,-1.4423635726502474e-20
766.2,-1.441234447331432e-20
766.3,-1.4401063531099753e-20
766.4,-1.438979288909922e-20
766.5,-1.4378532536565856e-20
766.6,-1.4367282462765386e-20
766.7,-1.4356042656976157e-20
766.8,-1.434481310848908e-20
766.9,-1.4333593806607598e-20
767.0,-1.4322384740647757e-20
767.1,-1.431118589993809e-20
767.2,-1.4299997273819672e-20
767.3,-1.428881885164608e-20
767.4,-1.4277650622783332e-20
767.5,-1.4266492576609953e-20
767.6,-1.42553447025169e-20
767.7,-1.4244206989907563e-20
767.8,-1.4233079428197768e-20
767.9,-1.422196200681571e-20
768.0,-1.4210854715201997e-20
768.1,-1.4199757542809595e-20
768.2,-1.4188670479103807e-20
768.3,-1.417759351356231e-20
768.4,-1.4166526635675052e-20
768.5,-1.415546983494433e-20
768.6,-1.414442310088471e-20
768.7,-1.413338642302302e-20
768.8,-1.4122359790898376e-20
768.9,-1.411134319406211e-20
769.0,-1.410033662207776e-20
769.1,-1.4089340064521128e-20
769.2,-1.4078353510980163e-20
769.3,-1.406737695105501e-20
769.4,-1.4056410374357973e-20
769.5,-1.4045453770513478e-20
769.6,-1.403450712915812e-20
769.7,-1.4023570439940586e-20
769.8,-1.4012643692521677e-20
769.9,-1.400172687657424e-20
770.0,-1.3990819981783227e-20
770.1,-1.3979922997845615e-20
770.2,-1.3969035914470452e-20
770.3,-1.3958158721378774e-20
770.4,-1.3947291408303604e-20
770.5,-1.3936433964990004e-20
770.6,-1.3925586381194975e-20
770.7,-1.3914748646687497e-20
770.8,-1.3903920751248475e-20
770.9,-1.389310268467073e-20
771.0,-1.388229443675902e-20
771.1,-1.3871495997329992e-20
771.2,-1.3860707356212165e-20
771.3,-1.3849928503245937e-20
771.4,-1.383915942828353e-20
771.5,-1.3828400121189016e-20
771.6,-1.38176505718383e-20
771.7,-1.380691077011906e-20
771.8,-1.3796180705930798e-20
771.9,-1.3785460369184756e-20
772.0,-1.3774749749803944e-20
772.1,-1.3764048837723117e-20
772.2,-1.3753357622888768e-20
772.3,-1.3742676095259107e-20
772.4,-1.373200424480398e-20
772.5,-1.3721342061504987e-20
772.6,-1.3710689535355375e-20
772.7,-1.370004665636002e-20
772.8,-1.3689413414535473e-20
772.9,-1.3678789799909847e-20
773.0,-1.366817580252293e-20
773.1,-1.3657571412426052e-20
773.2,-1.364697661968215e-20
773.3,-1.363639141436571e-20
773.4,-1.3625815786562742e-20
773.5,-1.3615249726370822e-20
773.6,-1.3604693223899038e-20
773.7,-1.3594146269267968e-20
773.8,-1.358360885260968e-20
773.9,-1.3573080964067707e-20
774.0,-1.3562562593797057e-20
774.1,-1.3552053731964169e-20
774.2,-1.3541554368746903e-20
774.3,-1.3531064494334562e-20
774.4,-1.3520584098927803e-20
774.5,-1.3510113172738692e-20
774.6,-1.3499651705990668e-20
774.7,-1.3489199688918518e-20
774.8,-1.3478757111768382e-20
774.9,-1.3468323964797674e-20
775.0,-1.3457900238275179e-20
775.1,-1.3447485922480949e-20
775.2,-1.3437081007706325e-20
775.3,-1.3426685484253916e-20
775.4,-1.341629934243756e-20
775.5,-1.340592257258237e-20
775.6,-1.3395555165024647e-20
775.7,-1.3385197110111927e-20
775.8,-1.3374848398202947e-20
775.9,-1.3364509019667571e-20
776.0,-1.3354178964886874e-20
776.1,-1.3343858224253083e-20
776.2,-1.3333546788169548e-20
776.3,-1.3323244647050749e-20
776.4,-1.3312951791322241e-20
776.5,-1.3302668211420727e-20
776.6,-1.3292393897793951e-20
776.7,-1.328212884090074e-20
776.8,-1.3271873031210976e-20
776.9,-1.3261626459205547e-20
777.0,-1.3251389115376388e-20
777.1,-1.324116099022644e-20
777.2,-1.3230942074269627e-20
777.3,-1.3220732358030894e-20
777.4,-1.3210531832046082e-20
777.5,-1.320034048686203e-20
777.6,-1.3190158313036518e-20
777.7,-1.3179985301138234e-20
777.8,-1.3169821441746783e-20
777.9,-1.3159666725452643e-20
778.0,-1.3149521142857203e-20
778.1,-1.3139384684572719e-20
778.2,-1.312925734122228e-20
778.3,-1.3119139103439829e-20
778.4,-1.310902996187012e-20
778.5,-1.3098929907168749e-20
778.6,-1.3088838930002067e-20
778.7,-1.3078757021047248e-20
778.8,-1.3068684170992234e-20
778.9,-1.3058620370535677e-20
779.0,-1.3048565610387029e-20
779.1,-1.3038519881266438e-20
779.2,-1.3028483173904771e-20
779.3,-1.3018455479043619e-20
779.4,-1.3008436787435225e-20
779.5,-1.2998427089842532e-20
779.6,-1.2988426377039126e-20
779.7,-1.2978434639809265e-20
779.8,-1.296845186894782e-20
779.9,-1.2958478055260268e-20
780.0,-1.294851318956271e-20
780.1,-1.2938557262681848e-20
780.2,-1.2928610265454951e-20
780.3,-1.291867218872986e-20
780.4,-1.2908743023364946e-20
780.5,-1.2898822760229126e-20
780.6,-1.288891139020188e-20
780.7,-1.287900890417313e-20
780.8,-1.2869115293043369e-20
780.9,-1.2859230547723517e-20
781.0,-1.2849354659134978e-20
781.1,-1.283948761820963e-20
781.2,-1.2829629415889785e-20
781.3,-1.2819780043128199e-20
781.4,-1.2809939490888008e-20
781.5,-1.2800107750142786e-20
781.6,-1.2790284811876494e-20
781.7,-1.2780470667083449e-20
781.8,-1.2770665306768364e-20
781.9,-1.2760868721946269e-20
782.0,-1.2751080903642545e-20
782.1,-1.2741301842892916e-20
782.2,-1.2731531530743388e-20
782.3,-1.2721769958250289e-20
782.4,-1.2712017116480205e-20
782.5,-1.2702272996510016e-20
782.6,-1.2692537589426843e-20
782.7,-1.2682810886328083e-20
782.8,-1.267309287832134e-20
782.9,-1.2663383556524425e-20
783.0,-1.2653682912065387e-20
783.1,-1.2643990936082441e-20
783.2,-1.2634307619724005e-20
783.3,-1.2624632954148652e-20
783.4,-1.2614966930525107e-20
783.5,-1.2605309540032238e-20
783.6,-1.2595660773859041e-20
783.7,-1.2586020623204634e-20
783.8,-1.2576389079278255e-20
783.9,-1.2566766133299162e-20
784.0,-1.255715177649676e-20
784.1,-1.2547546000110494e-20
784.2,-1.2537948795389874e-20
784.3,-1.2528360153594419e-20
784.4,-1.2518780065993686e-20
784.5,-1.2509208523867255e-20
784.6,-1.2499645518504693e-20
784.7,-1.2490091041205562e-20
784.8,-1.2480545083279416e-20
784.9,-1.2471007636045722e-20
785.0,-1.246147869083393e-20
785.1,-1.245195823898343e-20
785.2,-1.2442446271843512e-20
785.3,-1.2432942780773422e-20
785.4,-1.2423447757142246e-20
785.5,-1.2413961192328995e-20
785.6,-1.2404483077722535e-20
785.7,-1.2395013404721601e-20
785.8,-1.2385552164734795e-20
785.9,-1.2376099349180505e-20
786.0,-1.2366654949486992e-20
786.1,-1.2357218957092295e-20
786.2,-1.234779136344427e-20
786.3,-1.233837216000057e-20
786.4,-1.2328961338228568e-20
786.5,-1.2319558889605458e-20
786.6,-1.2310164805618142e-20
786.7,-1.2300779077763293e-20
786.8,-1.229140169754728e-20
786.9,-1.2282032656486185e-20
787.0,-1.22726719461058e-20
787.1,-1.2263319557941599e-20
787.2,-1.2253975483538735e-20
787.3,-1.2244639714452031e-20
787.4,-1.2235312242245911e-20
787.5,-1.2225993058494509e-20
787.6,-1.2216682154781522e-20
787.7,-1.2207379522700305e-20
787.8,-1.2198085153853805e-20
787.9,-1.2188799039854517e-20
788.0,-1.2179521172324566e-20
788.1,-1.2170251542895609e-20
788.2,-1.216099014320887e-20
788.3,-1.2151736964915125e-20
788.4,-1.2142491999674632e-20
788.5,-1.2133255239157217e-20
788.6,-1.2124026675042168e-20
788.7,-1.2114806299018302e-20
788.8,-1.2105594102783901e-20
788.9,-1.2096390078046699e-20
789.0,-1.20871942165239e-20
789.1,-1.2078006509942156e-20
789.2,-1.206882695003755e-20
789.3,-1.2059655528555579e-20
789.4,-1.2050492237251143e-20
789.5,-1.2041337067888548e-20
789.6,-1.2032190012241488e-20
789.7,-1.2023051062093006e-20
789.8,-1.2013920209235555e-20
789.9,-1.2004797445470862e-20
790.0,-1.1995682762610062e-20
790.1,-1.1986576152473569e-20
790.2,-1.197747760689114e-20
790.3,-1.1968387117701823e-20
790.4,-1.1959304676753933e-20
790.5,-1.1950230275905095e-20
790.6,-1.1941163907022186e-20
790.7,-1.193210556198134e-20
790.8,-1.1923055232667942e-20
790.9,-1.1914012910976578e-20
791.0,-1.1904978588811097e-20
791.1,-1.1895952258084512e-20
791.2,-1.1886933910719066e-20
791.3,-1.187792353864619e-20
791.4,-1.1868921133806434e-20
791.5,-1.1859926688149576e-20
791.6,-1.1850940193634493e-20
791.7,-1.1841961642229246e-20
791.8,-1.1832991025911e-20
791.9,-1.1824028336666003e-20
792.0,-1.181507356648967e-20
792.1,-1.1806126707386445e-20
792.2,-1.1797187751369916e-20
792.3,-1.1788256690462697e-20
792.4,-1.1779333516696446e-20
792.5,-1.1770418222111914e-20
792.6,-1.176151079875887e-20
792.7,-1.1752611238696083e-20
792.8,-1.1743719533991377e-20
792.9,-1.1734835676721513e-20
793.0,-1.1725959658972321e-20
793.1,-1.1717091472838541e-20
793.2,-1.1708231110423918e-20
793.3,-1.1699378563841161e-20
793.4,-1.1690533825211866e-20
793.5,-1.1681696886666612e-20
793.6,-1.167286774034491e-20
793.7,-1.166404637839513e-20
793.8,-1.1655232792974602e-20
793.9,-1.1646426976249483e-20
794.0,-1.1637628920394848e-20
794.1,-1.1628838617594626e-20
794.2,-1.1620056060041601e-20
794.3,-1.16112812399374e-20
794.4,-1.1602514149492481e-20
794.5,-1.1593754780926122e-20
794.6,-1.1585003126466414e-20
794.7,-1.1576259178350255e-20
794.8,-1.156752292882331e-20
794.9,-1.1558794370140037e-20
795.0,-1.1550073494563658e-20
795.1,-1.154136029436614e-20
795.2,-1.1532654761828216e-20
795.3,-1.1523956889239328e-20
795.4,-1.1515266668897647e-20
795.5,-1.1506584093110049e-20
795.6,-1.1497909154192131e-20
795.7,-1.1489241844468169e-20
795.8,-1.14805821562711e-20
795.9,-1.147193008194255e-20
796.0,-1.1463285613832782e-20
796.1,-1.145464874430073e-20
796.2,-1.1446019465713931e-20
796.3,-1.143739777044859e-20
796.4,-1.142878365088947e-20
796.5,-1.1420177099429971e-20
796.6,-1.1411578108472081e-20
796.7,-1.1402986670426359e-20
796.8,-1.1394402777711949e-20
796.9,-1.1385826422756528e-20
797.0,-1.1377257597996342e-20
797.1,-1.1368696295876177e-20
797.2,-1.1360142508849334e-20
797.3,-1.1351596229377649e-20
797.4,-1.1343057449931418e-20
797.5,-1.1334526162989484e-20
797.6,-1.1326002361039147e-20
797.7,-1.1317486036576191e-20
797.8,-1.1308977182104854e-20
797.9,-1.130047579013783e-20
798.0,-1.1291981853196247e-20
798.1,-1.1283495363809696e-20
798.2,-1.127501631451614e-20
798.3,-1.126654469786199e-20
798.4,-1.1258080506402043e-20
798.5,-1.1249623732699474e-20
798.6,-1.124117436932586e-20
798.7,-1.1232732408861125e-20
798.8,-1.1224297843893585e-20
798.9,-1.1215870667019836e-20
799.0,-1.1207450870844873e-20
799.1,-1.1199038447982001e-20
799.2,-1.1190633391052817e-20
799.3,-1.1182235692687273e-20
799.4,-1.117384534552356e-20
799.5,-1.1165462342208179e-20
799.6,-1.1157086675395915e-20
799.7,-1.1148718337749799e-20
799.8,-1.1140357321941134e-20
799.9,-1.1132003620649437e-20
800.0,-1.1123657226562502e-20
