mc_iteration,particle_id,x,y
1001,0,13,0
1001,1,797,791
1001,2,0,791
1001,3,792,7
1001,4,792,793
1001,5,791,791
1001,6,798,797
1001,7,798,799
1001,8,799,792
1001,9,7,794
1001,10,796,794
1001,11,5,3
1001,12,6,791
1001,13,1,798
1001,14,1,792
1001,15,798,10
1001,16,790,9
1001,17,795,793
1001,18,6,7
1001,19,8,796
1001,20,796,793
1001,21,9,9
1001,22,793,3
1001,23,13,1
1001,24,12,7
1001,25,791,10
1001,26,1,797
1001,27,797,1
1001,28,0,2
1001,29,0,797
1001,30,8,794
1001,31,796,7
1001,32,2,2
1001,33,797,0
1001,34,1,7
1001,35,798,9
1001,36,796,798
1001,37,795,10
1001,38,790,8
1001,39,790,798
1001,40,794,2
1001,41,4,5
1001,42,3,11
1001,43,794,796
1001,44,12,9
1001,45,794,3
1001,46,3,799
1001,47,3,789
1001,48,794,790
1001,49,5,10
1001,50,794,792
1001,51,793,790
1001,52,2,793
1001,53,797,790
1001,54,791,790
1001,55,791,792
1001,56,791,796
1001,57,10,790
1001,58,3,14
1001,59,10,3
1001,60,4,11
1001,61,789,7
1001,62,797,798
1001,63,789,6
1001,64,793,794
1001,65,794,794
1001,66,3,1
1001,67,10,8
1001,68,791,793
1001,69,10,1
1001,70,792,797
1001,71,789,4
1001,72,799,798
1001,73,0,12
1001,74,11,1
1001,75,4,792
1001,76,792,2
1001,77,9,1
1001,78,799,5
1001,79,799,9
1001,80,9,6
1001,81,795,799
1001,82,7,7
1001,83,3,6
1001,84,11,7
1001,85,794,10
1001,86,6,1
1001,87,796,0
1001,88,10,4
1001,89,793,0
1001,90,795,798
1001,91,798,7
1001,92,792,5
1001,93,790,7
1001,94,791,2
1001,95,9,2
1001,96,2,3
1001,97,797,10
1001,98,0,4
1001,99,3,2
1001,100,0,799
1001,101,5,791
1001,102,8,3
1001,103,793,791
1001,104,1,2
1001,105,5,7
1001,106,6,3
1001,107,797,3
1001,108,798,792
1001,109,790,799
1001,110,8,2
1001,111,794,9
1001,112,11,4
1001,113,8,795
1001,114,9,0
1001,115,4,796
1001,116,7,796
1001,117,2,1
1001,118,1,3
1001,119,798,0
1001,120,799,1
1001,121,1,14
1001,122,4,794
1001,123,788,1
1001,124,796,791
1001,125,788,2
1001,126,2,4
1001,127,795,9
1001,128,8,792
1001,129,798,3
1001,130,11,5
1001,131,12,3
1001,132,798,793
1001,133,9,3
1001,134,3,796
1001,135,1,6
1001,136,791,797
1001,137,2,794
1001,138,4,799
1001,139,798,796
1001,140,794,797
1001,141,799,3
1001,142,5,5
1001,143,8,790
1001,144,8,799
1001,145,11,2
1001,146,795,794
1001,147,5,789
1001,148,1,796
1001,149,12,11
1001,150,3,798
1001,151,0,6
1001,152,12,1
1001,153,9,10
1001,154,12,6
1001,155,8,1
1001,156,790,0
1001,157,6,9
1001,158,790,10
1001,159,796,6
1001,160,795,0
1001,161,4,7
1001,162,793,5
1001,163,790,793
1001,164,7,9
1001,165,3,790
1001,166,7,10
1001,167,794,4
1001,168,7,3
1001,169,1,12
1001,170,4,795
1001,171,8,793
1001,172,9,792
1001,173,793,10
1001,174,798,2
1001,175,12,0
1001,176,796,4
1001,177,799,8
1001,178,793,2
1001,179,799,799
1001,180,798,6
1001,181,4,10
1001,182,797,9
1001,183,797,793
1001,184,5,796
1001,185,2,7
1001,186,796,796
1001,187,794,795
1001,188,3,12
1001,189,796,8
1001,190,789,10
1001,191,10,5
1001,192,797,8
1001,193,5,13
1001,194,797,4
1001,195,5,792
1001,196,795,4
1001,197,1,799
1001,198,791,794
1001,199,9,13
1001,200,794,791
1001,201,4,790
1001,202,6,5
1001,203,799,0
1001,204,791,6
1001,205,4,12
1001,206,795,2
1001,207,5,0
1001,208,11,3
1001,209,8,6
1001,210,1,794
1001,211,795,796
1001,212,790,6
1001,213,5,795
1001,214,790,790
1001,215,796,792
1001,216,8,12
1001,217,7,4
1001,218,795,1
1001,219,791,795
1001,220,792,791
1001,221,13,2
1001,222,793,797
1001,223,1,8
1001,224,10,11
1001,225,11,11
1001,226,7,5
1001,227,797,6
1001,228,6,4
1001,229,795,5
1001,230,799,791
1001,231,792,9
1001,232,797,796
1001,233,792,794
1001,234,1,795
1001,235,788,3
1001,236,795,792
1001,237,793,8
1001,238,10,796
1001,239,796,2
1001,240,2,797
1001,241,8,4
1001,242,5,12
1001,243,791,9
1001,244,8,7
1001,245,0,796
1001,246,4,798
1001,247,1,4
1001,248,2,798
1001,249,791,3
1001,250,5,790
1001,251,793,1
1001,252,4,797
1001,253,795,795
1001,254,9,8
1001,255,1,11
1001,256,794,6
1001,257,797,7
1001,258,3,4
1001,259,796,5
1001,260,0,7
1001,261,793,9
1001,262,0,0
1001,263,2,789
1001,264,791,0
1001,265,795,797
1001,266,789,9
1001,267,3,791
1001,268,799,795
1001,269,9,5
1001,270,4,13
1001,271,0,3
1001,272,5,4
1001,273,1,790
1001,274,1,5
1001,275,7,1
1001,276,2,799
1001,277,9,799
1001,278,789,5
1001,279,0,9
1001,280,8,791
1001,281,790,796
1001,282,6,794
1001,283,2,8
1001,284,797,794
1001,285,797,799
1001,286,5,1
1001,287,7,793
1001,288,794,8
1001,289,789,3
1001,290,3,8
1001,291,4,6
1001,292,3,10
1001,293,788,0
1001,294,9,789
1001,295,795,8
1001,296,6,8
1001,297,1,9
1001,298,796,797
1001,299,798,798
1001,300,0,8
1001,301,796,1
1001,302,5,9
1001,303,792,798
1001,304,0,798
1001,305,6,0
1001,306,792,3
1001,307,2,795
1001,308,791,4
1001,309,4,789
1001,310,7,795
1001,311,791,7
1001,312,792,795
1001,313,793,4
1001,314,12,4
1001,315,0,790
1001,316,798,4
1001,317,4,0
1001,318,799,6
1001,319,790,791
1001,320,5,793
1001,321,793,799
1001,322,0,794
1001,323,4,9
1001,324,2,6
1001,325,798,1
1001,326,0,13
1001,327,798,794
1001,328,7,798
1001,329,4,791
1001,330,789,2
1001,331,794,793
1001,332,7,13
1001,333,799,794
1001,334,798,791
1001,335,2,792
1001,336,0,793
1001,337,795,6
1001,338,5,6
1001,339,792,790
1001,340,9,790
1001,341,799,7
1001,342,2,796
1001,343,789,789
1001,344,799,4
1001,345,7,799
1001,346,796,799
1001,347,3,3
1001,348,11,9
1001,349,6,10
1001,350,1,793
1001,351,796,9
1001,352,792,792
1001,353,790,5
1001,354,5,797
1001,355,0,5
1001,356,790,3
1001,357,6,6
1001,358,5,2
1001,359,12,13
1001,360,797,5
1001,361,3,793
1001,362,792,799
1001,363,4,3
1001,364,8,0
1001,365,793,796
1001,366,10,2
1001,367,799,793
1001,368,3,5
1001,369,794,799
1001,370,9,4
1001,371,2,5
1001,372,9,12
1001,373,791,8
1001,374,11,6
1001,375,8,798
1001,376,791,1
1001,377,2,791
1001,378,793,795
1001,379,793,792
1001,380,798,5
1001,381,12,10
1001,382,10,0
1001,383,797,2
1001,384,793,793
1001,385,797,795
1001,386,792,8
1001,387,5,798
1001,388,6,792
1001,389,4,4
1001,390,3,0
1001,391,8,5
1001,392,793,798
1001,393,798,795
1001,394,3,795
1001,395,793,7
1001,396,11,13
1001,397,1,0
1001,398,7,0
1001,399,7,11
1001,400,789,1
1001,401,791,798
1001,402,5,799
1001,403,796,3
1001,404,0,792
1001,405,794,7
1001,406,4,2
1001,407,2,0
1001,408,790,795
1001,409,7,790
1001,410,6,798
1001,411,8,13
1001,412,9,11
1001,413,796,795
1001,414,7,797
1001,415,798,8
1001,416,791,5
1001,417,5,11
1001,418,799,797
1001,419,793,6
1001,420,6,793
1001,421,2,11
1001,422,10,6
1001,423,5,794
1001,424,789,8
1001,425,790,4
1001,426,797,797
1001,427,799,2
1001,428,795,3
1001,429,794,1
1001,430,2,10
1001,431,797,792
1001,432,11,12
1001,433,7,2
1001,434,790,1
1001,435,789,0
1001,436,8,9
1001,437,8,797
1001,438,6,789
1001,439,3,792
1001,440,10,7
1001,441,791,799
1001,442,10,13
1001,443,4,793
1001,444,799,796
1001,445,8,8
1001,446,7,791
1001,447,3,794
1001,448,792,10
1001,449,9,7
1001,450,3,9
1001,451,6,795
1001,452,2,790
1001,453,12,8
1001,454,6,799
1001,455,1,10
1001,456,6,13
1001,457,6,797
1001,458,795,791
1001,459,7,12
1001,460,6,796
1001,461,790,797
1001,462,11,0
1001,463,796,10
1001,464,788,6
1001,465,0,10
1001,466,792,4
1001,467,10,10
1001,468,11,10
1001,469,3,797
1001,470,795,7
1001,471,3,7
1001,472,792,0
1001,473,792,6
1001,474,4,1
1001,475,1,791
1001,476,1,1
1001,477,10,9
1001,478,794,5
1001,479,10,12
1001,480,0,1
1001,481,7,792
1001,482,792,1
1001,483,6,11
1001,484,794,798
1001,485,794,0
1001,486,8,11
1001,487,2,9
1001,488,7,8
1001,489,6,12
1001,490,0,11
1001,491,8,10
1001,492,12,5
1001,493,6,2
1001,494,0,795
1001,495,790,2
1001,496,792,796
1001,497,6,790
1001,498,4,8
1001,499,12,12
1002,0,792,790
1002,1,797,791
1002,2,0,791
1002,3,792,7
1002,4,792,793
1002,5,796,0
1002,6,798,797
1002,7,798,799
1002,8,788,4
1002,9,4,794
1002,10,796,794
1002,11,5,3
1002,12,1,791
1002,13,1,798
1002,14,1,792
1002,15,798,10
1002,16,798,0
1002,17,795,793
1002,18,6,7
1002,19,791,6
1002,20,6,791
1002,21,9,9
1002,22,799,0
1002,23,13,1
1002,24,12,7
1002,25,799,793
1002,26,1,797
1002,27,797,1
1002,28,0,2
1002,29,789,5
1002,30,8,794
1002,31,0,13
1002,32,2,2
1002,33,791,795
1002,34,1,7
1002,35,13,6
1002,36,796,798
1002,37,793,2
1002,38,799,792
1002,39,790,798
1002,40,794,2
1002,41,4,5
1002,42,3,11
1002,43,794,796
1002,44,12,9
1002,45,794,3
1002,46,3,799
1002,47,3,789
1002,48,797,0
1002,49,5,10
1002,50,794,792
1002,51,9,792
1002,52,12,5
1002,53,798,792
1002,54,8,796
1002,55,791,792
1002,56,11,3
1002,57,10,12
1002,58,3,14
1002,59,10,3
1002,60,4,11
1002,61,12,4
1002,62,797,798
1002,63,789,6
1002,64,793,794
1002,65,794,794
1002,66,3,1
1002,67,4,792
1002,68,790,793
1002,69,0,4
1002,70,9,796
1002,71,10,1
1002,72,799,798
1002,73,0,12
1002,74,11,1
1002,75,0,797
1002,76,791,791
1002,77,9,1
1002,78,799,5
1002,79,799,9
1002,80,9,6
1002,81,795,799
1002,82,4,1
1002,83,3,6
1002,84,11,7
1002,85,794,10
1002,86,6,1
1002,87,793,3
1002,88,10,4
1002,89,789,1
1002,90,795,798
1002,91,798,7
1002,92,792,5
1002,93,10,8
1002,94,791,2
1002,95,9,2
1002,96,2,3
1002,97,6,798
1002,98,794,7
1002,99,3,2
1002,100,0,799
1002,101,5,791
1002,102,8,3
1002,103,793,791
1002,104,1,2
1002,105,5,7
1002,106,6,3
1002,107,797,3
1002,108,792,799
1002,109,791,797
1002,110,8,2
1002,111,794,9
1002,112,5,0
1002,113,790,4
1002,114,789,3
1002,115,4,796
1002,116,0,794
1002,117,2,1
1002,118,1,3
1002,119,0,789
1002,120,799,1
1002,121,0,3
1002,122,12,12
1002,123,797,792
1002,124,792,794
1002,125,788,2
1002,126,2,4
1002,127,795,9
1002,128,8,792
1002,129,798,3
1002,130,11,5
1002,131,6,794
1002,132,798,793
1002,133,9,3
1002,134,3,796
1002,135,1,6
1002,136,4,10
1002,137,2,794
1002,138,4,799
1002,139,798,796
1002,140,794,797
1002,141,799,3
1002,142,5,5
1002,143,8,790
1002,144,8,799
1002,145,11,2
1002,146,795,794
1002,147,9,795
1002,148,1,796
1002,149,791,5
1002,150,3,798
1002,151,0,6
1002,152,12,1
1002,153,9,10
1002,154,12,6
1002,155,8,1
1002,156,797,793
1002,157,6,9
1002,158,790,10
1002,159,796,6
1002,160,791,0
1002,161,4,7
1002,162,7,7
1002,163,799,10
1002,164,7,9
1002,165,3,790
1002,166,7,10
1002,167,794,4
1002,168,7,3
1002,169,1,12
1002,170,4,795
1002,171,792,3
1002,172,8,0
1002,173,793,10
1002,174,798,2
1002,175,12,0
1002,176,796,4
1002,177,799,8
1002,178,2,13
1002,179,799,799
1002,180,798,6
1002,181,9,797
1002,182,799,6
1002,183,792,796
1002,184,5,796
1002,185,2,7
1002,186,796,796
1002,187,794,795
1002,188,3,12
1002,189,796,8
1002,190,789,10
1002,191,10,5
1002,192,797,8
1002,193,5,13
1002,194,797,4
1002,195,5,792
1002,196,795,4
1002,197,1,799
1002,198,791,794
1002,199,7,790
1002,200,794,791
1002,201,4,790
1002,202,6,5
1002,203,795,792
1002,204,790,2
1002,205,4,12
1002,206,795,2
1002,207,11,13
1002,208,0,0
1002,209,7,2
1002,210,1,794
1002,211,795,796
1002,212,790,6
1002,213,7,6
1002,214,790,790
1002,215,796,792
1002,216,790,794
1002,217,7,4
1002,218,795,1
1002,219,9,0
1002,220,795,7
1002,221,796,791
1002,222,793,797
1002,223,1,8
1002,224,10,11
1002,225,11,11
1002,226,7,5
1002,227,797,6
1002,228,6,4
1002,229,795,5
1002,230,792,795
1002,231,792,9
1002,232,797,796
1002,233,11,4
1002,234,1,795
1002,235,788,3
1002,236,793,4
1002,237,10,2
1002,238,10,796
1002,239,796,2
1002,240,2,797
1002,241,8,4
1002,242,5,12
1002,243,12,2
1002,244,8,7
1002,245,792,792
1002,246,4,798
1002,247,1,4
1002,248,2,798
1002,249,791,3
1002,250,5,790
1002,251,793,1
1002,252,4,797
1002,253,795,795
1002,254,9,8
1002,255,1,11
1002,256,794,6
1002,257,793,5
1002,258,3,4
1002,259,796,5
1002,260,789,0
1002,261,793,9
1002,262,795,791
1002,263,2,789
1002,264,795,8
1002,265,795,797
1002,266,789,9
1002,267,11,0
1002,268,799,795
1002,269,4,0
1002,270,792,6
1002,271,2,12
1002,272,5,4
1002,273,1,790
1002,274,1,5
1002,275,7,1
1002,276,2,799
1002,277,789,7
1002,278,12,3
1002,279,0,9
1002,280,789,2
1002,281,790,796
1002,282,792,791
1002,283,2,8
1002,284,797,794
1002,285,797,799
1002,286,5,1
1002,287,2,0
1002,288,794,8
1002,289,4,13
1002,290,3,8
1002,291,4,6
1002,292,3,10
1002,293,788,0
1002,294,9,789
1002,295,13,2
1002,296,6,8
1002,297,1,9
1002,298,796,797
1002,299,798,798
1002,300,0,8
1002,301,796,1
1002,302,5,9
1002,303,792,798
1002,304,0,798
1002,305,6,0
1002,306,13,0
1002,307,2,795
1002,308,791,4
1002,309,791,790
1002,310,7,795
1002,311,791,7
1002,312,12,11
1002,313,8,12
1002,314,9,13
1002,315,790,0
1002,316,798,4
1002,317,2,791
1002,318,794,5
1002,319,790,791
1002,320,5,793
1002,321,793,799
1002,322,795,0
1002,323,7,797
1002,324,2,6
1002,325,798,1
1002,326,799,791
1002,327,798,794
1002,328,4,9
1002,329,794,790
1002,330,12,8
1002,331,5,795
1002,332,0,7
1002,333,799,794
1002,334,798,791
1002,335,2,792
1002,336,0,793
1002,337,795,6
1002,338,5,6
1002,339,794,793
1002,340,9,790
1002,341,799,7
1002,342,2,796
1002,343,789,4
1002,344,799,4
1002,345,0,796
1002,346,796,799
1002,347,3,3
1002,348,11,9
1002,349,5,8
1002,350,1,793
1002,351,798,9
1002,352,791,9
1002,353,790,5
1002,354,5,797
1002,355,0,5
1002,356,790,3
1002,357,6,6
1002,358,5,2
1002,359,791,798
1002,360,797,5
1002,361,3,793
1002,362,7,792
1002,363,4,3
1002,364,4,789
1002,365,793,796
1002,366,9,5
1002,367,790,8
1002,368,3,5
1002,369,794,799
1002,370,9,4
1002,371,2,5
1002,372,9,12
1002,373,791,1
1002,374,11,6
1002,375,796,790
1002,376,8,6
1002,377,5,789
1002,378,793,795
1002,379,793,792
1002,380,798,5
1002,381,12,10
1002,382,10,0
1002,383,797,2
1002,384,793,793
1002,385,797,795
1002,386,792,8
1002,387,5,798
1002,388,6,792
1002,389,4,4
1002,390,3,0
1002,391,8,5
1002,392,793,798
1002,393,798,795
1002,394,3,795
1002,395,793,7
1002,396,0,11
1002,397,1,0
1002,398,7,0
1002,399,7,11
1002,400,3,13
1002,401,0,10
1002,402,5,799
1002,403,796,3
1002,404,0,792
1002,405,1,13
1002,406,4,2
1002,407,7,794
1002,408,790,795
1002,409,13,4
1002,410,793,790
1002,411,13,5
1002,412,9,11
1002,413,796,795
1002,414,795,790
1002,415,798,8
1002,416,792,2
1002,417,5,11
1002,418,799,797
1002,419,793,6
1002,420,6,793
1002,421,2,11
1002,422,10,6
1002,423,5,794
1002,424,790,799
1002,425,797,7
1002,426,797,797
1002,427,799,2
1002,428,795,3
1002,429,794,1
1002,430,2,10
1002,431,2,793
1002,432,11,12
1002,433,796,7
1002,434,790,1
1002,435,792,797
1002,436,8,9
1002,437,7,798
1002,438,6,789
1002,439,3,792
1002,440,10,7
1002,441,791,799
1002,442,790,792
1002,443,4,793
1002,444,799,796
1002,445,8,8
1002,446,7,791
1002,447,3,794
1002,448,792,10
1002,449,9,7
1002,450,3,9
1002,451,6,795
1002,452,2,790
1002,453,7,13
1002,454,6,799
1002,455,1,10
1002,456,6,13
1002,457,6,797
1002,458,791,8
1002,459,7,12
1002,460,6,796
1002,461,791,796
1002,462,7,796
1002,463,796,10
1002,464,790,797
1002,465,796,9
1002,466,792,4
1002,467,10,10
1002,468,11,10
1002,469,3,797
1002,470,10,13
1002,471,3,7
1002,472,792,0
1002,473,791,793
1002,474,0,1
1002,475,6,10
1002,476,1,1
1002,477,10,9
1002,478,11,8
1002,479,7,793
1002,480,12,13
1002,481,8,13
1002,482,792,1
1002,483,6,11
1002,484,794,798
1002,485,796,793
1002,486,8,11
1002,487,2,9
1002,488,7,8
1002,489,6,12
1002,490,790,7
1002,491,8,10
1002,492,794,0
1002,493,6,2
1002,494,0,795
1002,495,793,0
1002,496,797,9
1002,497,6,790
1002,498,4,8
1002,499,790,9
1003,0,0,790
1003,1,0,795
1003,2,793,792
1003,3,792,7
1003,4,792,793
1003,5,794,792
1003,6,798,797
1003,7,798,799
1003,8,788,4
1003,9,4,794
1003,10,796,794
1003,11,5,3
1003,12,1,791
1003,13,1,798
1003,14,1,792
1003,15,798,10
1003,16,9,9
1003,17,795,793
1003,18,6,7
1003,19,8,13
1003,20,6,791
1003,21,0,9
1003,22,799,0
1003,23,6,794
1003,24,1,0
1003,25,799,791
1003,26,1,797
1003,27,797,1
1003,28,0,2
1003,29,794,8
1003,30,799,793
1003,31,792,790
1003,32,2,2
1003,33,791,795
1003,34,1,7
1003,35,791,6
1003,36,796,798
1003,37,793,2
1003,38,790,5
1003,39,793,791
1003,40,794,2
1003,41,4,5
1003,42,3,11
1003,43,794,796
1003,44,12,9
1003,45,794,3
1003,46,3,799
1003,47,789,7
1003,48,797,0
1003,49,5,10
1003,50,795,9
1003,51,790,798
1003,52,12,5
1003,53,798,792
1003,54,8,796
1003,55,8,790
1003,56,11,3
1003,57,10,12
1003,58,9,792
1003,59,10,3
1003,60,4,11
1003,61,12,4
1003,62,797,798
1003,63,11,10
1003,64,793,794
1003,65,794,794
1003,66,3,1
1003,67,4,792
1003,68,9,795
1003,69,8,795
1003,70,9,796
1003,71,10,1
1003,72,799,798
1003,73,0,12
1003,74,7,0
1003,75,0,791
1003,76,791,791
1003,77,9,1
1003,78,799,5
1003,79,799,9
1003,80,9,6
1003,81,795,799
1003,82,4,1
1003,83,3,6
1003,84,8,793
1003,85,8,791
1003,86,6,1
1003,87,793,3
1003,88,790,0
1003,89,789,1
1003,90,795,798
1003,91,798,7
1003,92,792,5
1003,93,10,8
1003,94,791,798
1003,95,9,2
1003,96,2,3
1003,97,6,798
1003,98,794,7
1003,99,3,2
1003,100,791,792
1003,101,5,791
1003,102,8,3
1003,103,7,11
1003,104,1,2
1003,105,5,7
1003,106,6,3
1003,107,797,3
1003,108,792,799
1003,109,2,12
1003,110,8,2
1003,111,792,10
1003,112,793,8
1003,113,790,4
1003,114,5,0
1003,115,4,796
1003,116,796,793
1003,117,2,1
1003,118,1,3
1003,119,0,789
1003,120,799,1
1003,121,0,3
1003,122,0,13
1003,123,797,792
1003,124,792,794
1003,125,789,6
1003,126,2,4
1003,127,0,10
1003,128,9,791
1003,129,798,3
1003,130,11,5
1003,131,9,13
1003,132,5,12
1003,133,9,3
1003,134,3,796
1003,135,1,6
1003,136,4,10
1003,137,2,794
1003,138,4,799
1003,139,798,796
1003,140,794,797
1003,141,799,3
1003,142,5,5
1003,143,13,7
1003,144,10,0
1003,145,11,2
1003,146,795,794
1003,147,9,10
1003,148,1,796
1003,149,9,12
1003,150,3,798
1003,151,0,6
1003,152,794,10
1003,153,5,789
1003,154,796,10
1003,155,8,1
1003,156,789,5
1003,157,6,9
1003,158,790,10
1003,159,796,6
1003,160,791,0
1003,161,4,7
1003,162,7,7
1003,163,799,10
1003,164,7,9
1003,165,3,790
1003,166,7,10
1003,167,798,0
1003,168,7,3
1003,169,798,793
1003,170,4,795
1003,171,792,3
1003,172,8,0
1003,173,793,10
1003,174,798,2
1003,175,0,799
1003,176,796,4
1003,177,799,8
1003,178,791,790
1003,179,799,799
1003,180,798,6
1003,181,9,797
1003,182,799,6
1003,183,7,797
1003,184,5,796
1003,185,2,7
1003,186,796,796
1003,187,794,795
1003,188,3,12
1003,189,796,8
1003,190,0,5
1003,191,10,5
1003,192,797,8
1003,193,5,13
1003,194,797,4
1003,195,5,792
1003,196,795,4
1003,197,1,799
1003,198,791,794
1003,199,0,11
1003,200,789,10
1003,201,7,799
1003,202,6,5
1003,203,791,2
1003,204,12,7
1003,205,4,12
1003,206,795,2
1003,207,797,793
1003,208,12,12
1003,209,7,2
1003,210,1,794
1003,211,795,796
1003,212,790,6
1003,213,7,6
1003,214,790,790
1003,215,10,4
1003,216,790,794
1003,217,7,4
1003,218,795,1
1003,219,9,0
1003,220,795,7
1003,221,11,11
1003,222,793,797
1003,223,1,8
1003,224,10,11
1003,225,794,9
1003,226,7,5
1003,227,797,6
1003,228,6,4
1003,229,795,5
1003,230,792,798
1003,231,792,9
1003,232,797,796
1003,233,11,4
1003,234,1,795
1003,235,788,3
1003,236,793,4
1003,237,10,2
1003,238,10,796
1003,239,796,0
1003,240,2,797
1003,241,8,4
1003,242,12,0
1003,243,12,2
1003,244,0,7
1003,245,792,792
1003,246,4,798
1003,247,1,4
1003,248,2,798
1003,249,791,3
1003,250,5,790
1003,251,793,1
1003,252,4,797
1003,253,795,795
1003,254,9,8
1003,255,1,11
1003,256,794,6
1003,257,793,5
1003,258,3,4
1003,259,796,5
1003,260,789,0
1003,261,793,9
1003,262,795,791
1003,263,2,789
1003,264,795,8
1003,265,795,797
1003,266,789,9
1003,267,11,0
1003,268,799,795
1003,269,4,0
1003,270,792,6
1003,271,11,7
1003,272,5,4
1003,273,1,790
1003,274,1,5
1003,275,7,1
1003,276,2,799
1003,277,8,792
1003,278,9,798
1003,279,796,7
1003,280,11,1
1003,281,0,0
1003,282,792,791
1003,283,2,8
1003,284,797,794
1003,285,797,799
1003,286,5,1
1003,287,0,792
1003,288,12,11
1003,289,12,10
1003,290,3,8
1003,291,4,6
1003,292,3,10
1003,293,788,0
1003,294,9,789
1003,295,792,797
1003,296,6,8
1003,297,1,9
1003,298,796,797
1003,299,798,798
1003,300,7,789
1003,301,796,1
1003,302,5,9
1003,303,789,3
1003,304,0,798
1003,305,6,0
1003,306,797,791
1003,307,2,795
1003,308,791,4
1003,309,791,797
1003,310,7,795
1003,311,791,7
1003,312,791,10
1003,313,8,12
1003,314,12,6
1003,315,3,789
1003,316,798,4
1003,317,2,791
1003,318,794,5
1003,319,790,791
1003,320,5,793
1003,321,793,799
1003,322,12,8
1003,323,791,5
1003,324,2,6
1003,325,798,1
1003,326,7,13
1003,327,798,794
1003,328,4,9
1003,329,794,790
1003,330,789,8
1003,331,5,795
1003,332,790,1
1003,333,799,794
1003,334,0,794
1003,335,2,792
1003,336,0,793
1003,337,795,6
1003,338,5,6
1003,339,794,793
1003,340,0,797
1003,341,799,7
1003,342,2,796
1003,343,789,4
1003,344,799,4
1003,345,0,796
1003,346,796,799
1003,347,3,3
1003,348,0,8
1003,349,5,8
1003,350,1,793
1003,351,798,9
1003,352,791,9
1003,353,793,0
1003,354,5,797
1003,355,789,2
1003,356,790,3
1003,357,6,6
1003,358,5,2
1003,359,1,13
1003,360,797,5
1003,361,3,793
1003,362,7,792
1003,363,4,3
1003,364,8,797
1003,365,793,796
1003,366,9,5
1003,367,790,8
1003,368,3,5
1003,369,794,799
1003,370,9,4
1003,371,2,5
1003,372,2,0
1003,373,791,1
1003,374,11,6
1003,375,4,13
1003,376,8,6
1003,377,2,790
1003,378,793,795
1003,379,790,9
1003,380,798,5
1003,381,798,8
1003,382,8,794
1003,383,797,2
1003,384,793,793
1003,385,797,795
1003,386,792,8
1003,387,5,798
1003,388,6,792
1003,389,4,4
1003,390,9,790
1003,391,8,5
1003,392,793,798
1003,393,798,795
1003,394,3,795
1003,395,793,7
1003,396,797,10
1003,397,3,791
1003,398,2,13
1003,399,0,4
1003,400,3,13
1003,401,792,795
1003,402,5,799
1003,403,796,3
1003,404,4,791
1003,405,7,794
1003,406,4,2
1003,407,11,9
1003,408,790,795
1003,409,10,9
1003,410,793,790
1003,411,13,5
1003,412,9,11
1003,413,796,795
1003,414,7,798
1003,415,8,11
1003,416,792,2
1003,417,8,7
1003,418,799,797
1003,419,793,6
1003,420,6,793
1003,421,2,11
1003,422,10,6
1003,423,5,794
1003,424,795,0
1003,425,797,7
1003,426,797,797
1003,427,799,2
1003,428,795,3
1003,429,794,1
1003,430,2,10
1003,431,2,793
1003,432,11,12
1003,433,791,796
1003,434,796,2
1003,435,794,4
1003,436,8,9
1003,437,794,791
1003,438,8,798
1003,439,3,792
1003,440,10,7
1003,441,791,799
1003,442,790,792
1003,443,4,793
1003,444,799,796
1003,445,8,8
1003,446,7,791
1003,447,3,794
1003,448,796,792
1003,449,9,7
1003,450,3,9
1003,451,6,795
1003,452,12,3
1003,453,795,792
1003,454,6,799
1003,455,1,10
1003,456,6,13
1003,457,6,797
1003,458,791,8
1003,459,7,12
1003,460,6,796
1003,461,8,799
1003,462,1,12
1003,463,9,793
1003,464,788,1
1003,465,796,9
1003,466,792,4
1003,467,10,10
1003,468,7,796
1003,469,3,797
1003,470,4,789
1003,471,3,7
1003,472,12,1
1003,473,791,793
1003,474,790,2
1003,475,6,10
1003,476,1,1
1003,477,3,0
1003,478,11,8
1003,479,7,793
1003,480,12,13
1003,481,792,796
1003,482,792,1
1003,483,6,11
1003,484,794,798
1003,485,797,9
1003,486,6,2
1003,487,2,9
1003,488,7,8
1003,489,6,12
1003,490,790,7
1003,491,8,10
1003,492,794,0
1003,493,0,1
1003,494,798,791
1003,495,796,791
1003,496,792,0
1003,497,6,790
1003,498,4,8
1003,499,5,11
1004,0,0,790
1004,1,788,9
1004,2,8,799
1004,3,12,11
1004,4,792,793
1004,5,789,11
1004,6,798,797
1004,7,798,799
1004,8,788,4
1004,9,4,794
1004,10,796,794
1004,11,5,3
1004,12,1,791
1004,13,1,798
1004,14,1,792
1004,15,3,791
1004,16,9,9
1004,17,795,793
1004,18,4,3
1004,19,797,9
1004,20,794,10
1004,21,789,2
1004,22,792,798
1004,23,7,12
1004,24,1,0
1004,25,791,10
1004,26,1,797
1004,27,797,1
1004,28,791,792
1004,29,3,11
1004,30,799,793
1004,31,1,13
1004,32,2,2
1004,33,791,795
1004,34,1,7
1004,35,791,6
1004,36,796,798
1004,37,793,2
1004,38,793,792
1004,39,793,791
1004,40,794,2
1004,41,4,5
1004,42,2,6
1004,43,794,796
1004,44,796,0
1004,45,794,3
1004,46,3,799
1004,47,12,10
1004,48,794,9
1004,49,5,10
1004,50,795,9
1004,51,790,795
1004,52,12,5
1004,53,790,791
1004,54,12,0
1004,55,2,790
1004,56,11,3
1004,57,10,12
1004,58,790,7
1004,59,10,3
1004,60,4,11
1004,61,12,4
1004,62,797,798
1004,63,11,10
1004,64,793,794
1004,65,794,794
1004,66,3,1
1004,67,5,11
1004,68,792,796
1004,69,788,7
1004,70,794,793
1004,71,10,1
1004,72,799,798
1004,73,0,12
1004,74,7,0
1004,75,792,795
1004,76,790,11
1004,77,10,11
1004,78,799,5
1004,79,799,9
1004,80,9,6
1004,81,795,799
1004,82,4,1
1004,83,3,6
1004,84,789,8
1004,85,8,791
1004,86,6,1
1004,87,793,3
1004,88,7,794
1004,89,789,1
1004,90,795,798
1004,91,798,7
1004,92,792,5
1004,93,10,8
1004,94,796,8
1004,95,0,3
1004,96,2,3
1004,97,9,12
1004,98,10,13
1004,99,3,2
1004,100,6,791
1004,101,6,7
1004,102,8,3
1004,103,7,11
1004,104,1,2
1004,105,5,7
1004,106,6,3
1004,107,797,3
1004,108,792,794
1004,109,2,12
1004,110,8,2
1004,111,792,10
1004,112,2,0
1004,113,3,13
1004,114,0,791
1004,115,4,796
1004,116,796,793
1004,117,2,1
1004,118,1,3
1004,119,799,791
1004,120,799,1
1004,121,791,3
1004,122,793,790
1004,123,796,9
1004,124,791,793
1004,125,789,6
1004,126,2,4
1004,127,11,13
1004,128,9,791
1004,129,798,3
1004,130,11,5
1004,131,9,13
1004,132,5,12
1004,133,9,3
1004,134,3,796
1004,135,1,6
1004,136,4,10
1004,137,2,794
1004,138,4,799
1004,139,798,796
1004,140,794,797
1004,141,799,3
1004,142,5,5
1004,143,13,6
1004,144,2,791
1004,145,11,2
1004,146,795,794
1004,147,9,10
1004,148,1,796
1004,149,0,11
1004,150,3,798
1004,151,0,6
1004,152,6,10
1004,153,5,789
1004,154,5,791
1004,155,6,790
1004,156,790,2
1004,157,6,9
1004,158,790,10
1004,159,796,6
1004,160,797,791
1004,161,4,7
1004,162,7,7
1004,163,799,10
1004,164,7,9
1004,165,3,790
1004,166,7,10
1004,167,798,0
1004,168,7,3
1004,169,798,793
1004,170,4,795
1004,171,8,793
1004,172,7,797
1004,173,789,3
1004,174,798,2
1004,175,0,799
1004,176,799,0
1004,177,799,8
1004,178,791,790
1004,179,799,799
1004,180,795,0
1004,181,6,13
1004,182,797,0
1004,183,0,796
1004,184,5,796
1004,185,2,7
1004,186,796,796
1004,187,794,795
1004,188,3,12
1004,189,12,2
1004,190,8,13
1004,191,10,5
1004,192,11,12
1004,193,5,13
1004,194,797,4
1004,195,5,792
1004,196,795,4
1004,197,1,799
1004,198,8,796
1004,199,789,7
1004,200,789,10
1004,201,7,799
1004,202,6,5
1004,203,791,2
1004,204,12,7
1004,205,0,10
1004,206,795,2
1004,207,790,0
1004,208,12,12
1004,209,7,2
1004,210,1,794
1004,211,795,796
1004,212,790,6
1004,213,7,6
1004,214,790,790
1004,215,10,4
1004,216,790,794
1004,217,7,4
1004,218,795,1
1004,219,6,798
1004,220,795,7
1004,221,795,10
1004,222,793,797
1004,223,1,8
1004,224,0,9
1004,225,0,13
1004,226,7,5
1004,227,797,6
1004,228,6,4
1004,229,795,5
1004,230,12,6
1004,231,4,12
1004,232,797,796
1004,233,11,4
1004,234,1,795
1004,235,788,3
1004,236,793,4
1004,237,9,7
1004,238,12,8
1004,239,791,796
1004,240,2,797
1004,241,8,4
1004,242,796,10
1004,243,11,11
1004,244,0,7
1004,245,7,790
1004,246,4,798
1004,247,1,4
1004,248,2,798
1004,249,794,7
1004,250,4,790
1004,251,793,1
1004,252,4,797
1004,253,795,795
1004,254,9,8
1004,255,1,11
1004,256,794,6
1004,257,793,5
1004,258,3,4
1004,259,796,5
1004,260,789,0
1004,261,793,9
1004,262,5,790
1004,263,2,789
1004,264,795,8
1004,265,795,797
1004,266,789,9
1004,267,11,0
1004,268,799,795
1004,269,4,0
1004,270,12,13
1004,271,11,7
1004,272,5,4
1004,273,794,792
1004,274,1,5
1004,275,7,1
1004,276,2,799
1004,277,792,3
1004,278,9,798
1004,279,796,7
1004,280,11,1
1004,281,790,798
1004,282,792,791
1004,283,0,5
1004,284,797,794
1004,285,797,799
1004,286,5,1
1004,287,0,792
1004,288,790,5
1004,289,790,8
1004,290,3,8
1004,291,4,6
1004,292,3,10
1004,293,791,797
1004,294,9,789
1004,295,792,797
1004,296,6,8
1004,297,1,9
1004,298,796,797
1004,299,798,798
1004,300,7,795
1004,301,796,1
1004,302,5,9
1004,303,7,791
1004,304,0,798
1004,305,8,795
1004,306,8,792
1004,307,2,795
1004,308,791,4
1004,309,10,7
1004,310,789,5
1004,311,791,7
1004,312,0,794
1004,313,8,12
1004,314,788,6
1004,315,797,792
1004,316,798,4
1004,317,2,8
1004,318,794,5
1004,319,788,2
1004,320,5,793
1004,321,793,799
1004,322,792,7
1004,323,791,5
1004,324,7,793
1004,325,798,1
1004,326,7,13
1004,327,798,794
1004,328,4,9
1004,329,795,791
1004,330,8,1
1004,331,5,795
1004,332,790,1
1004,333,799,794
1004,334,792,790
1004,335,2,792
1004,336,794,8
1004,337,795,6
1004,338,5,6
1004,339,8,797
1004,340,792,0
1004,341,799,7
1004,342,0,797
1004,343,789,4
1004,344,799,4
1004,345,792,792
1004,346,796,799
1004,347,3,3
1004,348,0,8
1004,349,6,0
1004,350,1,793
1004,351,798,9
1004,352,791,9
1004,353,793,0
1004,354,5,797
1004,355,799,6
1004,356,790,3
1004,357,6,6
1004,358,5,2
1004,359,788,5
1004,360,797,5
1004,361,3,793
1004,362,7,792
1004,363,790,793
1004,364,2,796
1004,365,793,796
1004,366,3,0
1004,367,791,0
1004,368,3,5
1004,369,794,799
1004,370,9,4
1004,371,2,5
1004,372,6,795
1004,373,791,1
1004,374,11,6
1004,375,4,13
1004,376,8,6
1004,377,792,799
1004,378,793,795
1004,379,790,9
1004,380,798,5
1004,381,798,8
1004,382,788,0
1004,383,797,2
1004,384,793,793
1004,385,797,795
1004,386,792,8
1004,387,5,798
1004,388,6,792
1004,389,4,4
1004,390,0,793
1004,391,8,5
1004,392,793,798
1004,393,798,795
1004,394,3,795
1004,395,793,7
1004,396,797,10
1004,397,791,11
1004,398,2,13
1004,399,0,4
1004,400,0,1
1004,401,798,6
1004,402,5,799
1004,403,796,3
1004,404,4,791
1004,405,10,2
1004,406,4,2
1004,407,11,9
1004,408,798,792
1004,409,10,9
1004,410,790,797
1004,411,13,5
1004,412,9,11
1004,413,796,795
1004,414,7,798
1004,415,8,11
1004,416,792,2
1004,417,8,7
1004,418,799,797
1004,419,793,6
1004,420,6,793
1004,421,2,11
1004,422,792,9
1004,423,5,794
1004,424,791,791
1004,425,796,4
1004,426,797,797
1004,427,799,2
1004,428,795,3
1004,429,794,1
1004,430,2,10
1004,431,2,793
1004,432,9,0
1004,433,9,5
1004,434,796,2
1004,435,794,4
1004,436,8,9
1004,437,794,791
1004,438,6,794
1004,439,3,792
1004,440,5,8
1004,441,791,799
1004,442,790,792
1004,443,4,793
1004,444,799,796
1004,445,8,8
1004,446,13,0
1004,447,3,794
1004,448,10,6
1004,449,0,2
1004,450,3,9
1004,451,0,795
1004,452,797,8
1004,453,795,792
1004,454,6,799
1004,455,1,10
1004,456,9,2
1004,457,6,797
1004,458,791,8
1004,459,10,0
1004,460,6,796
1004,461,796,792
1004,462,1,12
1004,463,8,794
1004,464,13,1
1004,465,5,0
1004,466,792,4
1004,467,10,10
1004,468,7,796
1004,469,3,797
1004,470,8,798
1004,471,3,7
1004,472,12,1
1004,473,793,8
1004,474,9,1
1004,475,0,0
1004,476,1,1
1004,477,4,792
1004,478,11,8
1004,479,793,10
1004,480,790,799
1004,481,788,8
1004,482,792,1
1004,483,6,11
1004,484,794,798
1004,485,792,6
1004,486,6,2
1004,487,2,9
1004,488,7,8
1004,489,6,12
1004,490,12,9
1004,491,8,10
1004,492,794,0
1004,493,790,4
1004,494,798,791
1004,495,797,793
1004,496,791,798
1004,497,798,10
1004,498,4,8
1004,499,8,0
1005,0,789,7
1005,1,12,7
1005,2,8,799
1005,3,12,11
1005,4,792,793
1005,5,791,798
1005,6,798,797
1005,7,798,799
1005,8,788,4
1005,9,4,794
1005,10,796,794
1005,11,5,3
1005,12,1,791
1005,13,1,798
1005,14,1,792
1005,15,3,791
1005,16,9,9
1005,17,795,793
1005,18,4,3
1005,19,12,3
1005,20,4,792
1005,21,789,2
1005,22,792,8
1005,23,10,795
1005,24,7,795
1005,25,791,10
1005,26,1,797
1005,27,797,1
1005,28,791,792
1005,29,10,6
1005,30,799,793
1005,31,797,792
1005,32,2,2
1005,33,791,795
1005,34,1,7
1005,35,8,0
1005,36,796,798
1005,37,793,2
1005,38,794,5
1005,39,5,0
1005,40,794,2
1005,41,4,5
1005,42,2,6
1005,43,794,796
1005,44,796,0
1005,45,794,3
1005,46,3,799
1005,47,0,11
1005,48,8,10
1005,49,5,10
1005,50,795,9
1005,51,0,791
1005,52,12,5
1005,53,790,791
1005,54,9,799
1005,55,2,790
1005,56,11,3
1005,57,0,7
1005,58,790,7
1005,59,9,0
1005,60,4,11
1005,61,9,795
1005,62,797,798
1005,63,11,10
1005,64,793,794
1005,65,794,794
1005,66,3,1
1005,67,5,11
1005,68,11,12
1005,69,9,792
1005,70,10,790
1005,71,10,1
1005,72,799,798
1005,73,0,12
1005,74,7,0
1005,75,9,789
1005,76,789,10
1005,77,10,11
1005,78,799,5
1005,79,799,9
1005,80,9,6
1005,81,795,799
1005,82,4,1
1005,83,3,6
1005,84,789,8
1005,85,8,791
1005,86,6,1
1005,87,793,3
1005,88,9,3
1005,89,789,1
1005,90,795,798
1005,91,798,7
1005,92,794,4
1005,93,10,8
1005,94,796,8
1005,95,789,5
1005,96,2,3
1005,97,9,12
1005,98,10,13
1005,99,3,2
1005,100,2,12
1005,101,6,7
1005,102,8,3
1005,103,2,11
1005,104,1,2
1005,105,5,7
1005,106,6,3
1005,107,797,3
1005,108,792,794
1005,109,10,7
1005,110,8,2
1005,111,792,10
1005,112,2,0
1005,113,3,11
1005,114,794,793
1005,115,4,796
1005,116,794,791
1005,117,2,1
1005,118,1,3
1005,119,791,796
1005,120,799,1
1005,121,12,8
1005,122,10,793
1005,123,8,1
1005,124,791,793
1005,125,789,6
1005,126,2,4
1005,127,9,790
1005,128,3,790
1005,129,798,3
1005,130,11,5
1005,131,9,13
1005,132,5,12
1005,133,10,794
1005,134,3,796
1005,135,1,6
1005,136,4,10
1005,137,2,794
1005,138,4,799
1005,139,798,796
1005,140,794,797
1005,141,799,3
1005,142,5,5
1005,143,9,794
1005,144,2,791
1005,145,11,2
1005,146,795,794
1005,147,794,10
1005,148,1,796
1005,149,797,9
1005,150,3,798
1005,151,792,799
1005,152,6,10
1005,153,6,791
1005,154,5,791
1005,155,6,790
1005,156,790,2
1005,157,6,9
1005,158,0,797
1005,159,795,0
1005,160,797,791
1005,161,4,7
1005,162,7,7
1005,163,799,792
1005,164,7,9
1005,165,11,8
1005,166,7,10
1005,167,799,791
1005,168,7,3
1005,169,9,797
1005,170,4,795
1005,171,8,793
1005,172,7,797
1005,173,789,3
1005,174,798,2
1005,175,6,12
1005,176,794,792
1005,177,799,8
1005,178,788,3
1005,179,799,799
1005,180,796,793
1005,181,4,790
1005,182,797,0
1005,183,0,796
1005,184,5,796
1005,185,2,7
1005,186,796,796
1005,187,794,795
1005,188,1,794
1005,189,12,2
1005,190,2,793
1005,191,10,5
1005,192,10,789
1005,193,5,13
1005,194,797,4
1005,195,5,792
1005,196,795,4
1005,197,1,799
1005,198,791,794
1005,199,0,6
1005,200,789,0
1005,201,7,799
1005,202,6,5
1005,203,791,2
1005,204,792,798
1005,205,9,10
1005,206,795,2
1005,207,10,791
1005,208,795,10
1005,209,7,2
1005,210,3,797
1005,211,795,796
1005,212,790,6
1005,213,7,6
1005,214,8,789
1005,215,10,4
1005,216,798,793
1005,217,7,4
1005,218,795,1
1005,219,6,798
1005,220,795,7
1005,221,798,792
1005,222,793,797
1005,223,1,8
1005,224,790,4
1005,225,0,13
1005,226,7,5
1005,227,797,6
1005,228,6,4
1005,229,795,5
1005,230,12,6
1005,231,4,12
1005,232,797,796
1005,233,11,4
1005,234,1,795
1005,235,788,2
1005,236,793,4
1005,237,9,7
1005,238,798,6
1005,239,792,7
1005,240,2,797
1005,241,8,4
1005,242,1,10
1005,243,11,11
1005,244,794,9
1005,245,7,790
1005,246,4,798
1005,247,1,4
1005,248,2,798
1005,249,796,6
1005,250,0,790
1005,251,793,1
1005,252,4,797
1005,253,795,795
1005,254,9,8
1005,255,8,12
1005,256,794,6
1005,257,793,5
1005,258,3,4
1005,259,796,5
1005,260,8,797
1005,261,793,9
1005,262,5,790
1005,263,2,789
1005,264,795,8
1005,265,795,797
1005,266,789,9
1005,267,11,0
1005,268,799,795
1005,269,9,798
1005,270,12,13
1005,271,11,7
1005,272,5,4
1005,273,799,0
1005,274,1,5
1005,275,7,1
1005,276,2,799
1005,277,792,3
1005,278,799,10
1005,279,796,7
1005,280,11,1
1005,281,790,798
1005,282,792,791
1005,283,7,794
1005,284,797,794
1005,285,797,799
1005,286,5,1
1005,287,0,792
1005,288,790,5
1005,289,8,13
1005,290,3,8
1005,291,4,6
1005,292,3,10
1005,293,0,8
1005,294,3,789
1005,295,792,797
1005,296,6,8
1005,297,1,9
1005,298,796,797
1005,299,798,798
1005,300,12,10
1005,301,796,1
1005,302,5,9
1005,303,7,791
1005,304,9,793
1005,305,8,795
1005,306,8,792
1005,307,2,795
1005,308,791,4
1005,309,1,0
1005,310,790,0
1005,311,791,7
1005,312,0,794
1005,313,10,3
1005,314,10,9
1005,315,0,9
1005,316,798,4
1005,317,2,8
1005,318,798,0
1005,319,796,791
1005,320,5,793
1005,321,793,799
1005,322,790,790
1005,323,791,5
1005,324,7,793
1005,325,798,1
1005,326,792,796
1005,327,798,794
1005,328,0,5
1005,329,795,791
1005,330,0,3
1005,331,5,795
1005,332,790,1
1005,333,799,794
1005,334,12,0
1005,335,2,792
1005,336,10,12
1005,337,795,6
1005,338,5,6
1005,339,6,795
1005,340,792,0
1005,341,799,7
1005,342,793,791
1005,343,789,4
1005,344,799,4
1005,345,792,792
1005,346,796,799
1005,347,3,3
1005,348,790,3
1005,349,6,0
1005,350,1,793
1005,351,798,9
1005,352,791,9
1005,353,793,0
1005,354,5,797
1005,355,799,6
1005,356,0,789
1005,357,6,6
1005,358,5,2
1005,359,796,10
1005,360,797,5
1005,361,3,793
1005,362,7,792
1005,363,7,796
1005,364,2,796
1005,365,793,796
1005,366,3,0
1005,367,791,0
1005,368,3,5
1005,369,794,799
1005,370,9,4
1005,371,2,5
1005,372,8,11
1005,373,791,1
1005,374,11,6
1005,375,793,792
1005,376,8,6
1005,377,8,790
1005,378,793,795
1005,379,791,3
1005,380,793,10
1005,381,798,8
1005,382,797,793
1005,383,797,2
1005,384,793,793
1005,385,797,795
1005,386,794,7
1005,387,5,798
1005,388,6,792
1005,389,4,4
1005,390,0,793
1005,391,8,5
1005,392,793,798
1005,393,798,795
1005,394,3,795
1005,395,793,7
1005,396,4,789
1005,397,791,11
1005,398,9,796
1005,399,0,4
1005,400,0,1
1005,401,790,10
1005,402,5,799
1005,403,796,3
1005,404,4,791
1005,405,10,2
1005,406,4,2
1005,407,11,9
1005,408,3,12
1005,409,4,0
1005,410,790,797
1005,411,7,11
1005,412,9,11
1005,413,796,795
1005,414,7,798
1005,415,1,11
1005,416,792,2
1005,417,8,7
1005,418,799,797
1005,419,793,6
1005,420,6,793
1005,421,6,789
1005,422,792,9
1005,423,5,794
1005,424,791,791
1005,425,796,4
1005,426,797,797
1005,427,799,2
1005,428,795,3
1005,429,794,1
1005,430,2,10
1005,431,0,798
1005,432,1,789
1005,433,9,5
1005,434,796,2
1005,435,791,799
1005,436,8,9
1005,437,10,792
1005,438,6,794
1005,439,3,792
1005,440,5,8
1005,441,796,9
1005,442,790,792
1005,443,4,793
1005,444,799,796
1005,445,8,8
1005,446,13,0
1005,447,3,794
1005,448,0,10
1005,449,0,2
1005,450,3,9
1005,451,0,795
1005,452,797,8
1005,453,795,792
1005,454,6,799
1005,455,788,1
1005,456,9,2
1005,457,6,797
1005,458,791,8
1005,459,10,0
1005,460,6,796
1005,461,8,798
1005,462,1,12
1005,463,788,5
1005,464,13,1
1005,465,7,789
1005,466,792,4
1005,467,10,10
1005,468,9,791
1005,469,0,799
1005,470,12,4
1005,471,3,7
1005,472,12,1
1005,473,793,8
1005,474,9,1
1005,475,0,0
1005,476,1,1
1005,477,797,7
1005,478,790,8
1005,479,8,796
1005,480,792,795
1005,481,791,6
1005,482,792,1
1005,483,6,11
1005,484,794,798
1005,485,792,6
1005,486,6,2
1005,487,2,9
1005,488,7,8
1005,489,8,794
1005,490,794,8
1005,491,4,9
1005,492,794,0
1005,493,5,789
1005,494,798,791
1005,495,798,5
1005,496,792,5
1005,497,798,10
1005,498,4,8
1005,499,1,790
1006,0,790,792
1006,1,797,10
1006,2,8,799
1006,3,793,790
1006,4,794,8
1006,5,792,9
1006,6,798,797
1006,7,798,799
1006,8,788,4
1006,9,4,794
1006,10,796,794
1006,11,5,3
1006,12,1,791
1006,13,1,798
1006,14,1,792
1006,15,7,13
1006,16,9,9
1006,17,795,793
1006,18,4,3
1006,19,797,8
1006,20,4,792
1006,21,789,2
1006,22,792,8
1006,23,790,9
1006,24,3,8
1006,25,790,5
1006,26,1,797
1006,27,797,1
1006,28,10,7
1006,29,10,6
1006,30,799,793
1006,31,797,792
1006,32,2,2
1006,33,790,3
1006,34,6,0
1006,35,789,1
1006,36,796,798
1006,37,793,2
1006,38,794,5
1006,39,11,13
1006,40,794,2
1006,41,4,5
1006,42,2,6
1006,43,794,796
1006,44,7,797
1006,45,794,3
1006,46,3,799
1006,47,793,9
1006,48,8,10
1006,49,5,10
1006,50,793,4
1006,51,0,791
1006,52,12,5
1006,53,790,8
1006,54,9,799
1006,55,796,792
1006,56,11,3
1006,57,798,9
1006,58,790,7
1006,59,12,12
1006,60,2,790
1006,61,8,12
1006,62,7,795
1006,63,11,10
1006,64,793,794
1006,65,794,794
1006,66,3,1
1006,67,797,793
1006,68,4,790
1006,69,1,790
1006,70,790,797
1006,71,10,1
1006,72,799,798
1006,73,792,790
1006,74,7,0
1006,75,9,789
1006,76,789,10
1006,77,10,11
1006,78,799,5
1006,79,799,0
1006,80,9,6
1006,81,795,799
1006,82,4,1
1006,83,3,6
1006,84,793,8
1006,85,9,0
1006,86,1,788
1006,87,793,3
1006,88,9,3
1006,89,799,9
1006,90,795,798
1006,91,798,7
1006,92,794,4
1006,93,8,1
1006,94,796,8
1006,95,0,12
1006,96,2,3
1006,97,9,12
1006,98,10,13
1006,99,3,2
1006,100,10,799
1006,101,6,7
1006,102,0,13
1006,103,2,11
1006,104,1,2
1006,105,5,7
1006,106,6,3
1006,107,797,3
1006,108,794,9
1006,109,0,0
1006,110,8,2
1006,111,792,791
1006,112,2,0
1006,113,798,10
1006,114,794,793
1006,115,4,796
1006,116,8,796
1006,117,2,1
1006,118,1,3
1006,119,1,13
1006,120,799,1
1006,121,798,792
1006,122,0,3
1006,123,798,793
1006,124,2,791
1006,125,1,9
1006,126,2,4
1006,127,9,790
1006,128,795,792
1006,129,798,3
1006,130,11,5
1006,131,0,793
1006,132,11,12
1006,133,10,794
1006,134,3,796
1006,135,1,6
1006,136,4,10
1006,137,2,794
1006,138,4,799
1006,139,798,796
1006,140,794,797
1006,141,799,3
1006,142,5,5
1006,143,792,795
1006,144,12,9
1006,145,11,2
1006,146,795,794
1006,147,7,799
1006,148,1,796
1006,149,11,11
1006,150,3,798
1006,151,792,799
1006,152,6,10
1006,153,0,11
1006,154,5,791
1006,155,6,9
1006,156,790,2
1006,157,0,790
1006,158,7,12
1006,159,792,798
1006,160,797,791
1006,161,4,7
1006,162,7,7
1006,163,796,10
1006,164,7,9
1006,165,11,8
1006,166,7,10
1006,167,791,797
1006,168,7,3
1006,169,9,797
1006,170,4,795
1006,171,8,0
1006,172,5,11
1006,173,789,3
1006,174,798,2
1006,175,6,12
1006,176,794,792
1006,177,799,8
1006,178,788,3
1006,179,799,799
1006,180,796,9
1006,181,0,796
1006,182,797,0
1006,183,0,794
1006,184,5,796
1006,185,2,7
1006,186,796,796
1006,187,794,795
1006,188,3,11
1006,189,12,2
1006,190,2,793
1006,191,10,5
1006,192,10,789
1006,193,5,0
1006,194,797,4
1006,195,5,792
1006,196,795,4
1006,197,1,799
1006,198,791,794
1006,199,789,7
1006,200,789,0
1006,201,6,798
1006,202,6,5
1006,203,791,2
1006,204,10,8
1006,205,0,9
1006,206,795,2
1006,207,10,791
1006,208,799,10
1006,209,7,2
1006,210,3,797
1006,211,795,796
1006,212,790,6
1006,213,7,6
1006,214,1,794
1006,215,10,4
1006,216,794,10
1006,217,7,4
1006,218,795,1
1006,219,11,9
1006,220,795,7
1006,221,9,2
1006,222,793,797
1006,223,1,8
1006,224,6,1
1006,225,791,792
1006,226,7,5
1006,227,797,6
1006,228,6,4
1006,229,795,5
1006,230,795,791
1006,231,4,12
1006,232,797,796
1006,233,11,4
1006,234,1,795
1006,235,788,2
1006,236,794,0
1006,237,9,7
1006,238,798,6
1006,239,792,7
1006,240,2,797
1006,241,8,4
1006,242,1,10
1006,243,799,792
1006,244,1,12
1006,245,5,798
1006,246,4,798
1006,247,1,4
1006,248,2,798
1006,249,796,6
1006,250,791,790
1006,251,793,1
1006,252,4,797
1006,253,795,795
1006,254,9,8
1006,255,8,3
1006,256,794,6
1006,257,793,5
1006,258,3,4
1006,259,796,5
1006,260,2,12
1006,261,8,793
1006,262,10,3
1006,263,2,789
1006,264,795,8
1006,265,795,797
1006,266,789,9
1006,267,11,0
1006,268,799,795
1006,269,9,798
1006,270,12,13
1006,271,11,7
1006,272,5,4
1006,273,792,793
1006,274,1,5
1006,275,7,1
1006,276,2,799
1006,277,792,3
1006,278,791,798
1006,279,796,7
1006,280,11,1
1006,281,6,791
1006,282,5,790
1006,283,7,794
1006,284,797,794
1006,285,797,799
1006,286,5,1
1006,287,788,0
1006,288,796,0
1006,289,8,13
1006,290,4,2
1006,291,4,6
1006,292,3,10
1006,293,0,8
1006,294,790,796
1006,295,792,797
1006,296,6,8
1006,297,0,5
1006,298,796,797
1006,299,798,798
1006,300,789,5
1006,301,796,1
1006,302,5,9
1006,303,7,791
1006,304,9,793
1006,305,795,10
1006,306,8,792
1006,307,0,797
1006,308,791,4
1006,309,8,791
1006,310,790,0
1006,311,791,7
1006,312,12,3
1006,313,3,0
1006,314,10,9
1006,315,789,8
1006,316,798,4
1006,317,2,8
1006,318,798,0
1006,319,791,795
1006,320,5,793
1006,321,793,799
1006,322,790,790
1006,323,791,5
1006,324,9,10
1006,325,798,1
1006,326,792,796
1006,327,798,794
1006,328,0,795
1006,329,792,794
1006,330,790,4
1006,331,5,795
1006,332,790,1
1006,333,799,794
1006,334,791,10
1006,335,2,792
1006,336,10,12
1006,337,795,6
1006,338,5,6
1006,339,6,795
1006,340,8,794
1006,341,799,7
1006,342,793,791
1006,343,789,4
1006,344,799,4
1006,345,792,792
1006,346,796,799
1006,347,3,3
1006,348,6,790
1006,349,4,11
1006,350,1,793
1006,351,8,797
1006,352,791,9
1006,353,793,0
1006,354,2,796
1006,355,799,6
1006,356,792,10
1006,357,6,6
1006,358,5,2
1006,359,10,10
1006,360,797,5
1006,361,3,793
1006,362,7,792
1006,363,12,7
1006,364,10,0
1006,365,793,796
1006,366,10,795
1006,367,796,793
1006,368,3,5
1006,369,794,799
1006,370,9,4
1006,371,2,5
1006,372,8,11
1006,373,791,1
1006,374,11,6
1006,375,793,792
1006,376,8,6
1006,377,8,790
1006,378,793,795
1006,379,791,3
1006,380,793,10
1006,381,798,8
1006,382,790,795
1006,383,797,2
1006,384,793,793
1006,385,797,798
1006,386,794,7
1006,387,5,797
1006,388,2,795
1006,389,4,4
1006,390,789,6
1006,391,8,5
1006,392,793,798
1006,393,798,795
1006,394,3,795
1006,395,793,7
1006,396,797,795
1006,397,797,9
1006,398,6,13
1006,399,0,4
1006,400,0,1
1006,401,790,10
1006,402,5,799
1006,403,796,3
1006,404,4,791
1006,405,10,2
1006,406,1,0
1006,407,790,798
1006,408,3,12
1006,409,4,0
1006,410,796,791
1006,411,7,11
1006,412,9,11
1006,413,796,795
1006,414,7,798
1006,415,1,11
1006,416,792,2
1006,417,8,7
1006,418,799,797
1006,419,793,6
1006,420,6,793
1006,421,6,789
1006,422,12,6
1006,423,5,794
1006,424,791,791
1006,425,796,4
1006,426,797,797
1006,427,799,2
1006,428,795,3
1006,429,794,1
1006,430,2,10
1006,431,0,798
1006,432,9,13
1006,433,9,5
1006,434,796,2
1006,435,790,791
1006,436,8,9
1006,437,10,792
1006,438,6,794
1006,439,3,792
1006,440,5,8
1006,441,1,7
1006,442,5,13
1006,443,4,793
1006,444,799,796
1006,445,8,8
1006,446,13,0
1006,447,3,794
1006,448,0,10
1006,449,0,2
1006,450,3,9
1006,451,794,791
1006,452,790,799
1006,453,6,799
1006,454,791,6
1006,455,788,1
1006,456,791,799
1006,457,6,797
1006,458,791,8
1006,459,799,791
1006,460,6,796
1006,461,8,798
1006,462,10,796
1006,463,788,5
1006,464,791,793
1006,465,791,796
1006,466,792,4
1006,467,0,6
1006,468,790,794
1006,469,0,799
1006,470,12,4
1006,471,3,7
1006,472,12,1
1006,473,795,0
1006,474,9,1
1006,475,790,793
1006,476,1,1
1006,477,797,7
1006,478,12,0
1006,479,5,12
1006,480,0,7
1006,481,4,13
1006,482,792,1
1006,483,6,11
1006,484,794,798
1006,485,792,6
1006,486,6,2
1006,487,2,9
1006,488,7,8
1006,489,2,13
1006,490,12,8
1006,491,4,9
1006,492,6,792
1006,493,5,789
1006,494,798,791
1006,495,798,5
1006,496,792,5
1006,497,8,795
1006,498,4,8
1006,499,7,793
1007,0,789,3
1007,1,789,8
1007,2,8,799
1007,3,793,790
1007,4,791,7
1007,5,792,9
1007,6,798,797
1007,7,798,799
1007,8,788,4
1007,9,4,794
1007,10,796,794
1007,11,5,3
1007,12,1,791
1007,13,1,798
1007,14,1,792
1007,15,12,3
1007,16,796,792
1007,17,795,793
1007,18,4,3
1007,19,798,10
1007,20,5,1
1007,21,789,2
1007,22,792,8
1007,23,798,9
1007,24,3,8
1007,25,790,5
1007,26,1,797
1007,27,797,1
1007,28,10,7
1007,29,10,6
1007,30,799,793
1007,31,12,11
1007,32,2,2
1007,33,790,3
1007,34,6,0
1007,35,12,6
1007,36,796,798
1007,37,793,2
1007,38,794,5
1007,39,11,13
1007,40,794,2
1007,41,791,796
1007,42,0,0
1007,43,794,796
1007,44,11,9
1007,45,794,3
1007,46,3,799
1007,47,9,13
1007,48,8,10
1007,49,5,10
1007,50,793,4
1007,51,789,789
1007,52,788,8
1007,53,790,8
1007,54,9,799
1007,55,7,797
1007,56,11,3
1007,57,3,795
1007,58,3,13
1007,59,12,12
1007,60,2,790
1007,61,8,12
1007,62,7,795
1007,63,11,10
1007,64,793,794
1007,65,794,794
1007,66,3,1
1007,67,0,13
1007,68,4,790
1007,69,1,790
1007,70,7,794
1007,71,10,1
1007,72,799,798
1007,73,792,790
1007,74,793,8
1007,75,794,790
1007,76,790,799
1007,77,10,11
1007,78,799,5
1007,79,5,795
1007,80,9,6
1007,81,795,799
1007,82,4,1
1007,83,3,6
1007,84,9,5
1007,85,6,791
1007,86,12,1
1007,87,794,0
1007,88,9,3
1007,89,799,9
1007,90,795,798
1007,91,798,7
1007,92,794,4
1007,93,8,1
1007,94,792,795
1007,95,0,12
1007,96,2,3
1007,97,9,12
1007,98,10,13
1007,99,3,2
1007,100,788,6
1007,101,6,7
1007,102,796,791
1007,103,3,790
1007,104,1,2
1007,105,5,7
1007,106,6,3
1007,107,797,3
1007,108,794,9
1007,109,5,790
1007,110,8,2
1007,111,792,791
1007,112,2,791
1007,113,12,0
1007,114,1,12
1007,115,4,796
1007,116,794,793
1007,117,2,1
1007,118,1,3
1007,119,1,13
1007,120,799,1
1007,121,11,5
1007,122,5,791
1007,123,797,793
1007,124,799,792
1007,125,1,9
1007,126,2,4
1007,127,790,7
1007,128,795,792
1007,129,798,3
1007,130,9,0
1007,131,3,4
1007,132,11,12
1007,133,10,794
1007,134,3,796
1007,135,5,0
1007,136,4,10
1007,137,2,794
1007,138,4,799
1007,139,798,796
1007,140,794,797
1007,141,799,3
1007,142,5,5
1007,143,789,6
1007,144,794,8
1007,145,2,11
1007,146,795,794
1007,147,7,799
1007,148,1,796
1007,149,10,9
1007,150,3,798
1007,151,0,4
1007,152,0,2
1007,153,0,11
1007,154,7,10
1007,155,6,9
1007,156,790,2
1007,157,797,791
1007,158,7,12
1007,159,788,7
1007,160,791,9
1007,161,4,7
1007,162,7,7
1007,163,797,790
1007,164,7,9
1007,165,11,8
1007,166,797,8
1007,167,789,7
1007,168,7,3
1007,169,9,797
1007,170,4,795
1007,171,10,12
1007,172,13,1
1007,173,789,1
1007,174,795,790
1007,175,6,12
1007,176,794,792
1007,177,799,8
1007,178,788,3
1007,179,799,799
1007,180,796,9
1007,181,0,796
1007,182,8,794
1007,183,0,794
1007,184,5,796
1007,185,2,7
1007,186,796,796
1007,187,794,795
1007,188,7,796
1007,189,796,8
1007,190,5,11
1007,191,10,5
1007,192,4,5
1007,193,8,795
1007,194,797,4
1007,195,5,792
1007,196,795,4
1007,197,1,799
1007,198,2,797
1007,199,795,9
1007,200,6,797
1007,201,6,798
1007,202,6,5
1007,203,791,2
1007,204,10,8
1007,205,0,9
1007,206,795,2
1007,207,788,0
1007,208,799,790
1007,209,7,2
1007,210,7,793
1007,211,795,796
1007,212,790,6
1007,213,7,6
1007,214,4,11
1007,215,6,10
1007,216,794,10
1007,217,7,4
1007,218,795,1
1007,219,0,790
1007,220,795,7
1007,221,9,2
1007,222,793,797
1007,223,1,8
1007,224,6,1
1007,225,791,792
1007,226,7,5
1007,227,797,6
1007,228,799,0
1007,229,795,5
1007,230,9,9
1007,231,4,12
1007,232,797,796
1007,233,11,4
1007,234,1,795
1007,235,788,2
1007,236,789,790
1007,237,8,0
1007,238,798,6
1007,239,792,7
1007,240,0,799
1007,241,8,4
1007,242,1,10
1007,243,797,0
1007,244,10,0
1007,245,5,798
1007,246,4,798
1007,247,1,4
1007,248,2,798
1007,249,796,6
1007,250,791,790
1007,251,793,1
1007,252,4,797
1007,253,795,795
1007,254,9,8
1007,255,8,3
1007,256,794,6
1007,257,793,5
1007,258,793,10
1007,259,796,5
1007,260,9,10
1007,261,789,0
1007,262,10,3
1007,263,2,789
1007,264,795,8
1007,265,795,797
1007,266,794,791
1007,267,11,0
1007,268,799,795
1007,269,789,9
1007,270,798,792
1007,271,11,7
1007,272,5,4
1007,273,792,793
1007,274,1,5
1007,275,7,1
1007,276,2,799
1007,277,788,5
1007,278,3,11
1007,279,796,7
1007,280,11,1
1007,281,8,6
1007,282,3,797
1007,283,11,11
1007,284,797,794
1007,285,797,799
1007,286,793,3
1007,287,792,796
1007,288,796,0
1007,289,8,13
1007,290,4,2
1007,291,4,6
1007,292,7,0
1007,293,0,8
1007,294,790,796
1007,295,792,797
1007,296,6,8
1007,297,0,5
1007,298,796,797
1007,299,798,798
1007,300,789,5
1007,301,796,1
1007,302,5,9
1007,303,7,791
1007,304,797,792
1007,305,795,10
1007,306,8,792
1007,307,0,797
1007,308,791,4
1007,309,8,791
1007,310,790,0
1007,311,791,5
1007,312,799,10
1007,313,3,0
1007,314,6,790
1007,315,793,9
1007,316,798,4
1007,317,0,7
1007,318,798,0
1007,319,791,795
1007,320,1,794
1007,321,793,799
1007,322,0,793
1007,323,790,9
1007,324,2,0
1007,325,798,1
1007,326,9,7
1007,327,798,794
1007,328,12,9
1007,329,792,794
1007,330,790,4
1007,331,2,795
1007,332,12,4
1007,333,799,794
1007,334,12,2
1007,335,2,792
1007,336,1,6
1007,337,795,6
1007,338,5,6
1007,339,6,795
1007,340,790,1
1007,341,799,7
1007,342,8,796
1007,343,789,4
1007,344,799,4
1007,345,792,792
1007,346,796,799
1007,347,3,3
1007,348,792,0
1007,349,4,791
1007,350,1,793
1007,351,6,4
1007,352,789,791
1007,353,793,0
1007,354,2,796
1007,355,799,6
1007,356,0,791
1007,357,6,6
1007,358,5,2
1007,359,10,10
1007,360,797,5
1007,361,3,793
1007,362,7,792
1007,363,791,794
1007,364,0,792
1007,365,793,796
1007,366,796,10
1007,367,796,793
1007,368,3,5
1007,369,794,799
1007,370,9,4
1007,371,2,5
1007,372,8,11
1007,373,791,1
1007,374,3,10
1007,375,793,792
1007,376,8,797
1007,377,8,790
1007,378,793,795
1007,379,791,3
1007,380,791,798
1007,381,798,8
1007,382,792,3
1007,383,797,2
1007,384,793,793
1007,385,797,798
1007,386,794,7
1007,387,5,797
1007,388,0,795
1007,389,4,4
1007,390,13,2
1007,391,8,5
1007,392,793,798
1007,393,798,795
1007,394,790,794
1007,395,798,2
1007,396,797,795
1007,397,797,9
1007,398,6,13
1007,399,792,10
1007,400,0,1
1007,401,790,10
1007,402,5,799
1007,403,796,3
1007,404,3,12
1007,405,10,2
1007,406,0,798
1007,407,790,798
1007,408,1,0
1007,409,4,0
1007,410,2,793
1007,411,7,11
1007,412,9,11
1007,413,796,795
1007,414,7,798
1007,415,1,11
1007,416,792,2
1007,417,8,7
1007,418,799,797
1007,419,793,6
1007,420,6,793
1007,421,6,789
1007,422,7,13
1007,423,5,794
1007,424,791,791
1007,425,796,4
1007,426,797,797
1007,427,799,2
1007,428,795,3
1007,429,794,1
1007,430,2,10
1007,431,792,798
1007,432,798,790
1007,433,2,8
1007,434,796,2
1007,435,791,0
1007,436,8,9
1007,437,10,792
1007,438,6,794
1007,439,3,792
1007,440,5,8
1007,441,1,7
1007,442,5,13
1007,443,4,793
1007,444,799,796
1007,445,8,8
1007,446,798,793
1007,447,3,794
1007,448,0,10
1007,449,12,8
1007,450,3,9
1007,451,4,792
1007,452,792,799
1007,453,6,799
1007,454,791,6
1007,455,788,1
1007,456,791,799
1007,457,5,793
1007,458,793,7
1007,459,791,8
1007,460,6,796
1007,461,8,798
1007,462,2,6
1007,463,0,3
1007,464,791,793
1007,465,10,4
1007,466,792,4
1007,467,0,6
1007,468,791,10
1007,469,3,791
1007,470,797,10
1007,471,3,7
1007,472,7,790
1007,473,795,0
1007,474,9,1
1007,475,790,793
1007,476,1,1
1007,477,797,7
1007,478,12,7
1007,479,5,12
1007,480,789,10
1007,481,4,13
1007,482,792,1
1007,483,6,11
1007,484,794,798
1007,485,792,6
1007,486,6,2
1007,487,2,9
1007,488,7,8
1007,489,2,13
1007,490,791,797
1007,491,4,9
1007,492,6,792
1007,493,5,789
1007,494,798,791
1007,495,798,5
1007,496,792,5
1007,497,790,792
1007,498,4,8
1007,499,13,0
1008,0,789,3
1008,1,4,12
1008,2,8,799
1008,3,8,796
1008,4,791,7
1008,5,795,1
1008,6,798,797
1008,7,798,799
1008,8,788,4
1008,9,4,794
1008,10,796,794
1008,11,5,3
1008,12,1,791
1008,13,797,792
1008,14,0,794
1008,15,4,10
1008,16,1,798
1008,17,795,793
1008,18,4,3
1008,19,8,797
1008,20,5,1
1008,21,8,4
1008,22,792,8
1008,23,798,9
1008,24,3,8
1008,25,791,8
1008,26,1,797
1008,27,797,1
1008,28,10,7
1008,29,10,6
1008,30,799,793
1008,31,789,1
1008,32,2,2
1008,33,790,3
1008,34,7,791
1008,35,12,6
1008,36,796,798
1008,37,793,2
1008,38,794,5
1008,39,790,797
1008,40,794,2
1008,41,12,11
1008,42,0,0
1008,43,794,796
1008,44,11,9
1008,45,794,3
1008,46,3,799
1008,47,9,13
1008,48,8,10
1008,49,8,789
1008,50,793,4
1008,51,8,791
1008,52,12,7
1008,53,790,8
1008,54,9,799
1008,55,1,792
1008,56,11,3
1008,57,3,795
1008,58,792,794
1008,59,790,0
1008,60,11,7
1008,61,11,6
1008,62,7,795
1008,63,11,10
1008,64,793,794
1008,65,794,794
1008,66,3,1
1008,67,11,11
1008,68,4,790
1008,69,1,790
1008,70,7,794
1008,71,10,1
1008,72,799,798
1008,73,794,792
1008,74,12,3
1008,75,791,790
1008,76,790,799
1008,77,10,11
1008,78,799,5
1008,79,5,795
1008,80,0,7
1008,81,795,799
1008,82,4,1
1008,83,3,6
1008,84,9,5
1008,85,10,12
1008,86,12,1
1008,87,791,791
1008,88,9,3
1008,89,793,792
1008,90,795,798
1008,91,798,7
1008,92,794,4
1008,93,2,0
1008,94,798,8
1008,95,792,799
1008,96,2,3
1008,97,9,12
1008,98,0,793
1008,99,3,2
1008,100,795,792
1008,101,6,7
1008,102,7,796
1008,103,3,790
1008,104,1,2
1008,105,5,7
1008,106,6,3
1008,107,797,3
1008,108,794,9
1008,109,5,790
1008,110,8,2
1008,111,792,791
1008,112,2,791
1008,113,0,798
1008,114,0,2
1008,115,4,796
1008,116,0,790
1008,117,2,1
1008,118,1,3
1008,119,1,13
1008,120,799,1
1008,121,11,5
1008,122,1,9
1008,123,3,0
1008,124,799,792
1008,125,6,2
1008,126,2,4
1008,127,1,789
1008,128,0,796
1008,129,798,3
1008,130,9,0
1008,131,3,4
1008,132,9,798
1008,133,10,794
1008,134,3,796
1008,135,5,0
1008,136,6,790
1008,137,2,794
1008,138,4,799
1008,139,798,796
1008,140,794,797
1008,141,799,3
1008,142,5,5
1008,143,5,10
1008,144,1,12
1008,145,10,5
1008,146,795,794
1008,147,7,799
1008,148,1,796
1008,149,10,9
1008,150,3,798
1008,151,0,4
1008,152,793,9
1008,153,8,1
1008,154,7,10
1008,155,6,9
1008,156,790,2
1008,157,797,791
1008,158,7,12
1008,159,790,5
1008,160,791,0
1008,161,4,7
1008,162,7,7
1008,163,797,795
1008,164,7,9
1008,165,11,8
1008,166,797,8
1008,167,790,4
1008,168,7,3
1008,169,9,797
1008,170,4,795
1008,171,1,7
1008,172,13,1
1008,173,792,793
1008,174,795,790
1008,175,6,12
1008,176,794,793
1008,177,799,8
1008,178,788,3
1008,179,799,799
1008,180,797,793
1008,181,12,2
1008,182,8,794
1008,183,796,792
1008,184,5,796
1008,185,2,7
1008,186,796,796
1008,187,794,795
1008,188,11,2
1008,189,12,5
1008,190,5,11
1008,191,3,10
1008,192,4,5
1008,193,8,795
1008,194,797,4
1008,195,5,792
1008,196,795,4
1008,197,1,799
1008,198,2,797
1008,199,795,9
1008,200,6,797
1008,201,6,798
1008,202,6,0
1008,203,797,7
1008,204,10,8
1008,205,0,9
1008,206,795,2
1008,207,788,0
1008,208,799,790
1008,209,7,2
1008,210,7,793
1008,211,795,796
1008,212,799,7
1008,213,7,6
1008,214,4,11
1008,215,6,10
1008,216,794,10
1008,217,7,4
1008,218,795,791
1008,219,10,13
1008,220,795,7
1008,221,9,2
1008,222,793,797
1008,223,1,8
1008,224,6,1
1008,225,791,792
1008,226,7,5
1008,227,797,6
1008,228,790,790
1008,229,799,0
1008,230,9,9
1008,231,5,791
1008,232,797,796
1008,233,11,0
1008,234,1,795
1008,235,788,2
1008,236,790,793
1008,237,7,789
1008,238,12,10
1008,239,792,7
1008,240,791,796
1008,241,796,9
1008,242,1,10
1008,243,797,0
1008,244,10,0
1008,245,5,798
1008,246,4,798
1008,247,1,4
1008,248,2,798
1008,249,796,6
1008,250,799,791
1008,251,793,1
1008,252,4,797
1008,253,795,795
1008,254,9,8
1008,255,8,3
1008,256,794,6
1008,257,793,5
1008,258,0,791
1008,259,796,5
1008,260,9,10
1008,261,789,0
1008,262,10,3
1008,263,9,795
1008,264,798,6
1008,265,795,797
1008,266,794,791
1008,267,9,791
1008,268,799,795
1008,269,2,12
1008,270,6,794
1008,271,9,6
1008,272,5,4
1008,273,793,0
1008,274,1,5
1008,275,7,1
1008,276,2,799
1008,277,788,5
1008,278,3,11
1008,279,9,794
1008,280,11,1
1008,281,8,6
1008,282,3,797
1008,283,7,0
1008,284,797,794
1008,285,797,799
1008,286,793,3
1008,287,11,4
1008,288,796,0
1008,289,8,13
1008,290,4,2
1008,291,4,6
1008,292,9,796
1008,293,0,8
1008,294,790,796
1008,295,792,797
1008,296,6,8
1008,297,793,8
1008,298,796,797
1008,299,798,798
1008,300,789,5
1008,301,796,1
1008,302,5,9
1008,303,11,12
1008,304,8,793
1008,305,795,10
1008,306,8,792
1008,307,0,797
1008,308,791,4
1008,309,0,13
1008,310,5,13
1008,311,791,5
1008,312,799,10
1008,313,797,9
1008,314,796,793
1008,315,796,7
1008,316,798,4
1008,317,791,2
1008,318,798,0
1008,319,791,795
1008,320,1,794
1008,321,793,799
1008,322,795,8
1008,323,790,9
1008,324,796,791
1008,325,798,1
1008,326,9,7
1008,327,798,794
1008,328,12,9
1008,329,3,789
1008,330,3,13
1008,331,2,795
1008,332,12,4
1008,333,799,794
1008,334,2,790
1008,335,2,792
1008,336,1,6
1008,337,795,6
1008,338,5,6
1008,339,6,795
1008,340,798,792
1008,341,792,2
1008,342,790,795
1008,343,789,4
1008,344,799,4
1008,345,792,792
1008,346,796,799
1008,347,3,3
1008,348,792,0
1008,349,4,791
1008,350,1,793
1008,351,6,4
1008,352,792,9
1008,353,793,791
1008,354,2,796
1008,355,799,6
1008,356,0,789
1008,357,6,6
1008,358,5,2
1008,359,10,10
1008,360,797,5
1008,361,3,793
1008,362,7,792
1008,363,790,6
1008,364,789,2
1008,365,793,796
1008,366,796,10
1008,367,796,8
1008,368,3,5
1008,369,794,799
1008,370,9,4
1008,371,2,5
1008,372,6,789
1008,373,791,1
1008,374,0,10
1008,375,0,792
1008,376,8,12
1008,377,8,790
1008,378,793,795
1008,379,791,3
1008,380,791,798
1008,381,4,0
1008,382,792,3
1008,383,797,2
1008,384,793,793
1008,385,797,798
1008,386,794,7
1008,387,5,797
1008,388,0,795
1008,389,4,4
1008,390,9,793
1008,391,8,5
1008,392,793,798
1008,393,798,795
1008,394,790,794
1008,395,798,2
1008,396,0,12
1008,397,9,790
1008,398,790,1
1008,399,792,10
1008,400,0,1
1008,401,791,794
1008,402,5,799
1008,403,796,3
1008,404,3,12
1008,405,10,2
1008,406,789,6
1008,407,792,795
1008,408,9,789
1008,409,4,789
1008,410,2,793
1008,411,7,11
1008,412,9,11
1008,413,796,795
1008,414,7,798
1008,415,1,11
1008,416,795,0
1008,417,8,7
1008,418,799,797
1008,419,793,6
1008,420,6,793
1008,421,12,12
1008,422,6,13
1008,423,5,794
1008,424,8,11
1008,425,796,4
1008,426,797,797
1008,427,799,2
1008,428,795,3
1008,429,794,1
1008,430,2,10
1008,431,792,798
1008,432,798,790
1008,433,2,8
1008,434,796,2
1008,435,798,793
1008,436,8,9
1008,437,790,792
1008,438,7,13
1008,439,3,792
1008,440,5,8
1008,441,1,0
1008,442,794,8
1008,443,4,793
1008,444,799,796
1008,445,8,8
1008,446,794,0
1008,447,3,794
1008,448,0,11
1008,449,12,8
1008,450,3,9
1008,451,4,792
1008,452,7,797
1008,453,6,799
1008,454,791,6
1008,455,12,13
1008,456,791,799
1008,457,5,793
1008,458,793,7
1008,459,791,9
1008,460,6,796
1008,461,8,798
1008,462,2,6
1008,463,0,3
1008,464,791,793
1008,465,10,4
1008,466,792,4
1008,467,0,6
1008,468,791,10
1008,469,3,791
1008,470,797,10
1008,471,3,7
1008,472,7,790
1008,473,795,5
1008,474,9,1
1008,475,799,9
1008,476,1,1
1008,477,8,0
1008,478,2,11
1008,479,5,12
1008,480,6,5
1008,481,0,799
1008,482,792,1
1008,483,6,11
1008,484,794,798
1008,485,792,6
1008,486,0,5
1008,487,2,9
1008,488,7,8
1008,489,2,13
1008,490,791,797
1008,491,4,9
1008,492,6,792
1008,493,5,789
1008,494,798,791
1008,495,798,5
1008,496,792,5
1008,497,790,7
1008,498,4,8
1008,499,13,0
1009,0,6,10
1009,1,4,12
1009,2,8,799
1009,3,788,2
1009,4,791,7
1009,5,795,1
1009,6,798,797
1009,7,798,799
1009,8,799,792
1009,9,4,794
1009,10,796,794
1009,11,5,3
1009,12,1,791
1009,13,5,790
1009,14,0,794
1009,15,4,10
1009,16,11,13
1009,17,795,793
1009,18,4,3
1009,19,8,797
1009,20,5,1
1009,21,8,4
1009,22,792,8
1009,23,798,9
1009,24,3,8
1009,25,791,8
1009,26,1,797
1009,27,797,1
1009,28,10,7
1009,29,7,0
1009,30,799,793
1009,31,0,13
1009,32,2,2
1009,33,790,3
1009,34,11,9
1009,35,12,6
1009,36,796,798
1009,37,793,2
1009,38,794,5
1009,39,790,797
1009,40,794,2
1009,41,791,2
1009,42,791,792
1009,43,794,796
1009,44,0,798
1009,45,794,3
1009,46,3,799
1009,47,793,790
1009,48,8,10
1009,49,12,12
1009,50,793,4
1009,51,7,793
1009,52,795,792
1009,53,790,8
1009,54,791,793
1009,55,1,792
1009,56,11,3
1009,57,11,12
1009,58,792,794
1009,59,788,1
1009,60,0,8
1009,61,11,6
1009,62,792,797
1009,63,8,0
1009,64,793,794
1009,65,794,794
1009,66,3,1
1009,67,11,11
1009,68,0,792
1009,69,1,790
1009,70,7,794
1009,71,799,9
1009,72,799,798
1009,73,794,792
1009,74,12,3
1009,75,1,798
1009,76,788,4
1009,77,10,11
1009,78,799,5
1009,79,5,795
1009,80,11,0
1009,81,795,799
1009,82,4,1
1009,83,3,6
1009,84,9,5
1009,85,10,12
1009,86,6,12
1009,87,793,8
1009,88,9,3
1009,89,793,792
1009,90,795,798
1009,91,798,7
1009,92,794,4
1009,93,8,796
1009,94,792,3
1009,95,792,799
1009,96,2,3
1009,97,9,12
1009,98,796,8
1009,99,3,2
1009,100,12,5
1009,101,6,7
1009,102,11,10
1009,103,12,4
1009,104,1,2
1009,105,5,7
1009,106,6,3
1009,107,797,3
1009,108,793,7
1009,109,3,11
1009,110,8,2
1009,111,799,10
1009,112,2,791
1009,113,7,795
1009,114,790,9
1009,115,4,796
1009,116,0,790
1009,117,2,1
1009,118,1,3
1009,119,2,789
1009,120,799,1
1009,121,11,5
1009,122,1,9
1009,123,792,791
1009,124,792,795
1009,125,6,2
1009,126,2,4
1009,127,12,7
1009,128,0,796
1009,129,798,3
1009,130,9,0
1009,131,3,4
1009,132,9,798
1009,133,10,794
1009,134,3,796
1009,135,0,791
1009,136,4,13
1009,137,2,794
1009,138,4,799
1009,139,798,796
1009,140,794,797
1009,141,799,3
1009,142,5,5
1009,143,5,10
1009,144,1,12
1009,145,10,5
1009,146,797,795
1009,147,7,799
1009,148,1,796
1009,149,10,9
1009,150,3,798
1009,151,0,4
1009,152,793,5
1009,153,791,5
1009,154,793,10
1009,155,6,9
1009,156,790,2
1009,157,797,791
1009,158,7,12
1009,159,790,5
1009,160,792,796
1009,161,4,7
1009,162,7,7
1009,163,789,7
1009,164,7,9
1009,165,7,10
1009,166,797,8
1009,167,790,4
1009,168,7,3
1009,169,792,0
1009,170,4,795
1009,171,1,7
1009,172,13,1
1009,173,792,793
1009,174,791,799
1009,175,8,7
1009,176,794,793
1009,177,799,8
1009,178,9,795
1009,179,799,799
1009,180,797,793
1009,181,12,2
1009,182,8,794
1009,183,796,792
1009,184,5,796
1009,185,2,7
1009,186,796,796
1009,187,794,795
1009,188,11,2
1009,189,789,9
1009,190,5,11
1009,191,3,10
1009,192,4,5
1009,193,790,1
1009,194,797,4
1009,195,5,792
1009,196,795,4
1009,197,1,799
1009,198,2,797
1009,199,795,9
1009,200,6,797
1009,201,6,798
1009,202,6,0
1009,203,792,2
1009,204,10,8
1009,205,0,9
1009,206,795,2
1009,207,796,793
1009,208,799,790
1009,209,7,2
1009,210,0,797
1009,211,795,796
1009,212,799,7
1009,213,7,6
1009,214,4,11
1009,215,0,2
1009,216,794,10
1009,217,7,4
1009,218,795,791
1009,219,790,791
1009,220,795,7
1009,221,9,2
1009,222,793,797
1009,223,3,790
1009,224,6,1
1009,225,789,3
1009,226,7,5
1009,227,797,6
1009,228,790,790
1009,229,789,792
1009,230,0,0
1009,231,10,13
1009,232,797,796
1009,233,3,795
1009,234,1,795
1009,235,12,10
1009,236,789,8
1009,237,7,789
1009,238,790,0
1009,239,792,7
1009,240,791,796
1009,241,796,9
1009,242,1,10
1009,243,9,794
1009,244,8,795
1009,245,5,798
1009,246,4,798
1009,247,1,4
1009,248,2,798
1009,249,796,6
1009,250,792,798
1009,251,793,1
1009,252,4,797
1009,253,795,795
1009,254,9,8
1009,255,8,3
1009,256,794,6
1009,257,798,4
1009,258,795,10
1009,259,796,5
1009,260,9,10
1009,261,789,0
1009,262,10,3
1009,263,793,9
1009,264,798,6
1009,265,795,797
1009,266,794,791
1009,267,798,8
1009,268,799,795
1009,269,2,12
1009,270,6,794
1009,271,9,6
1009,272,5,4
1009,273,793,0
1009,274,1,5
1009,275,7,1
1009,276,2,799
1009,277,0,5
1009,278,8,5
1009,279,9,792
1009,280,4,0
1009,281,8,6
1009,282,3,797
1009,283,9,790
1009,284,797,794
1009,285,797,799
1009,286,793,3
1009,287,11,4
1009,288,796,0
1009,289,4,792
1009,290,4,2
1009,291,4,6
1009,292,788,0
1009,293,10,1
1009,294,790,796
1009,295,8,792
1009,296,3,0
1009,297,8,13
1009,298,796,797
1009,299,798,798
1009,300,789,5
1009,301,796,1
1009,302,5,9
1009,303,789,2
1009,304,8,793
1009,305,2,0
1009,306,794,0
1009,307,797,792
1009,308,791,4
1009,309,789,789
1009,310,5,13
1009,311,795,0
1009,312,7,13
1009,313,797,9
1009,314,12,1
1009,315,796,7
1009,316,794,8
1009,317,0,12
1009,318,789,790
1009,319,791,795
1009,320,1,794
1009,321,793,799
1009,322,1,0
1009,323,12,0
1009,324,796,791
1009,325,798,1
1009,326,9,7
1009,327,798,794
1009,328,12,9
1009,329,3,789
1009,330,3,13
1009,331,2,795
1009,332,9,11
1009,333,799,794
1009,334,2,790
1009,335,2,792
1009,336,1,6
1009,337,795,6
1009,338,5,6
1009,339,6,795
1009,340,792,10
1009,341,11,7
1009,342,795,794
1009,343,790,793
1009,344,799,4
1009,345,792,792
1009,346,796,799
1009,347,3,3
1009,348,6,790
1009,349,4,791
1009,350,1,793
1009,351,6,4
1009,352,792,9
1009,353,797,0
1009,354,2,796
1009,355,799,6
1009,356,0,789
1009,357,6,6
1009,358,5,2
1009,359,10,10
1009,360,797,5
1009,361,0,793
1009,362,7,792
1009,363,790,6
1009,364,10,6
1009,365,793,796
1009,366,11,1
1009,367,798,0
1009,368,3,5
1009,369,794,799
1009,370,9,4
1009,371,2,5
1009,372,0,7
1009,373,791,1
1009,374,0,10
1009,375,794,9
1009,376,8,12
1009,377,4,790
1009,378,793,795
1009,379,791,3
1009,380,795,8
1009,381,0,11
1009,382,6,792
1009,383,797,2
1009,384,793,793
1009,385,797,798
1009,386,794,7
1009,387,5,797
1009,388,0,795
1009,389,4,4
1009,390,792,790
1009,391,0,6
1009,392,793,798
1009,393,798,795
1009,394,798,791
1009,395,798,2
1009,396,13,2
1009,397,12,8
1009,398,13,0
1009,399,790,10
1009,400,0,1
1009,401,11,8
1009,402,5,799
1009,403,796,3
1009,404,7,11
1009,405,10,2
1009,406,789,6
1009,407,3,12
1009,408,9,789
1009,409,791,794
1009,410,2,793
1009,411,1,8
1009,412,5,0
1009,413,796,795
1009,414,7,798
1009,415,1,11
1009,416,796,10
1009,417,8,1
1009,418,799,797
1009,419,793,6
1009,420,6,793
1009,421,798,10
1009,422,7,791
1009,423,5,794
1009,424,8,11
1009,425,796,4
1009,426,797,797
1009,427,799,2
1009,428,795,3
1009,429,794,1
1009,430,2,10
1009,431,7,796
1009,432,9,793
1009,433,2,8
1009,434,796,2
1009,435,798,793
1009,436,8,9
1009,437,790,792
1009,438,5,791
1009,439,3,792
1009,440,5,8
1009,441,9,791
1009,442,6,789
1009,443,4,793
1009,444,799,796
1009,445,8,8
1009,446,6,791
1009,447,3,794
1009,448,10,0
1009,449,797,10
1009,450,3,9
1009,451,3,793
1009,452,7,797
1009,453,6,799
1009,454,791,6
1009,455,12,13
1009,456,1,13
1009,457,5,793
1009,458,789,10
1009,459,6,13
1009,460,6,796
1009,461,8,798
1009,462,2,6
1009,463,0,3
1009,464,791,0
1009,465,10,4
1009,466,792,4
1009,467,799,0
1009,468,791,10
1009,469,3,791
1009,470,791,798
1009,471,3,7
1009,472,7,790
1009,473,795,5
1009,474,9,1
1009,475,798,792
1009,476,1,1
1009,477,797,7
1009,478,2,11
1009,479,5,12
1009,480,6,5
1009,481,0,799
1009,482,792,1
1009,483,6,11
1009,484,794,798
1009,485,792,6
1009,486,791,9
1009,487,2,9
1009,488,7,8
1009,489,2,13
1009,490,6,8
1009,491,4,9
1009,492,9,9
1009,493,5,789
1009,494,8,791
1009,495,798,5
1009,496,792,5
1009,497,790,7
1009,498,4,8
1009,499,791,791
1010,0,6,10
1010,1,4,12
1010,2,8,796
1010,3,793,791
1010,4,791,7
1010,5,795,1
1010,6,798,797
1010,7,798,799
1010,8,793,9
1010,9,4,794
1010,10,796,794
1010,11,5,3
1010,12,1,791
1010,13,5,790
1010,14,790,794
1010,15,4,10
1010,16,12,0
1010,17,5,0
1010,18,4,3
1010,19,8,797
1010,20,5,1
1010,21,8,4
1010,22,791,8
1010,23,10,796
1010,24,3,8
1010,25,791,1
1010,26,1,797
1010,27,797,1
1010,28,10,7
1010,29,1,790
1010,30,799,793
1010,31,0,13
1010,32,2,2
1010,33,790,3
1010,34,11,9
1010,35,795,10
1010,36,796,798
1010,37,793,2
1010,38,794,5
1010,39,790,797
1010,40,794,2
1010,41,791,2
1010,42,791,792
1010,43,794,796
1010,44,791,5
1010,45,794,3
1010,46,3,799
1010,47,8,799
1010,48,8,10
1010,49,12,12
1010,50,794,0
1010,51,7,793
1010,52,795,792
1010,53,790,8
1010,54,791,793
1010,55,1,792
1010,56,0,797
1010,57,11,12
1010,58,792,794
1010,59,788,1
1010,60,790,7
1010,61,11,6
1010,62,792,797
1010,63,9,796
1010,64,793,794
1010,65,794,794
1010,66,3,1
1010,67,11,11
1010,68,0,792
1010,69,11,2
1010,70,792,790
1010,71,799,9
1010,72,799,798
1010,73,794,792
1010,74,12,3
1010,75,1,798
1010,76,788,4
1010,77,10,11
1010,78,799,5
1010,79,790,792
1010,80,11,0
1010,81,795,799
1010,82,4,1
1010,83,3,6
1010,84,9,5
1010,85,0,10
1010,86,6,12
1010,87,793,8
1010,88,6,0
1010,89,793,792
1010,90,795,798
1010,91,798,7
1010,92,794,4
1010,93,789,4
1010,94,792,3
1010,95,9,794
1010,96,2,3
1010,97,8,789
1010,98,790,796
1010,99,3,2
1010,100,11,10
1010,101,6,7
1010,102,12,8
1010,103,10,790
1010,104,1,2
1010,105,5,7
1010,106,6,3
1010,107,797,3
1010,108,793,7
1010,109,3,11
1010,110,8,2
1010,111,789,3
1010,112,1,0
1010,113,7,795
1010,114,10,8
1010,115,4,796
1010,116,10,791
1010,117,2,1
1010,118,1,3
1010,119,13,4
1010,120,799,1
1010,121,11,5
1010,122,1,9
1010,123,790,6
1010,124,792,795
1010,125,6,2
1010,126,2,4
1010,127,12,7
1010,128,0,796
1010,129,798,3
1010,130,9,0
1010,131,3,4
1010,132,0,790
1010,133,790,1
1010,134,3,796
1010,135,0,791
1010,136,4,13
1010,137,2,794
1010,138,4,799
1010,139,798,796
1010,140,794,797
1010,141,799,3
1010,142,5,5
1010,143,5,10
1010,144,1,12
1010,145,10,5
1010,146,797,795
1010,147,7,799
1010,148,1,796
1010,149,10,9
1010,150,3,798
1010,151,798,10
1010,152,793,5
1010,153,791,0
1010,154,793,10
1010,155,6,9
1010,156,790,2
1010,157,797,791
1010,158,2,791
1010,159,796,8
1010,160,792,791
1010,161,4,7
1010,162,7,7
1010,163,1,11
1010,164,7,9
1010,165,7,10
1010,166,797,8
1010,167,795,7
1010,168,7,3
1010,169,798,8
1010,170,4,795
1010,171,0,1
1010,172,13,1
1010,173,793,0
1010,174,797,7
1010,175,8,7
1010,176,794,793
1010,177,4,8
1010,178,11,4
1010,179,799,799
1010,180,793,3
1010,181,12,2
1010,182,799,10
1010,183,796,792
1010,184,5,796
1010,185,2,7
1010,186,796,796
1010,187,794,795
1010,188,790,0
1010,189,789,9
1010,190,5,11
1010,191,0,4
1010,192,4,5
1010,193,10,0
1010,194,797,4
1010,195,5,792
1010,196,795,4
1010,197,1,799
1010,198,2,797
1010,199,797,793
1010,200,12,11
1010,201,6,798
1010,202,12,5
1010,203,792,2
1010,204,10,789
1010,205,797,0
1010,206,795,2
1010,207,795,0
1010,208,799,790
1010,209,7,2
1010,210,798,793
1010,211,795,796
1010,212,799,7
1010,213,7,6
1010,214,8,794
1010,215,7,12
1010,216,794,10
1010,217,7,4
1010,218,795,791
1010,219,790,791
1010,220,792,6
1010,221,9,2
1010,222,793,797
1010,223,4,0
1010,224,6,1
1010,225,7,794
1010,226,7,5
1010,227,798,9
1010,228,790,790
1010,229,789,792
1010,230,798,791
1010,231,9,793
1010,232,797,796
1010,233,789,1
1010,234,1,795
1010,235,10,795
1010,236,795,793
1010,237,3,12
1010,238,795,794
1010,239,792,7
1010,240,6,792
1010,241,792,796
1010,242,1,10
1010,243,1,7
1010,244,8,795
1010,245,5,798
1010,246,4,798
1010,247,1,4
1010,248,2,798
1010,249,796,6
1010,250,792,798
1010,251,793,1
1010,252,4,797
1010,253,795,795
1010,254,9,8
1010,255,8,3
1010,256,794,6
1010,257,798,4
1010,258,9,799
1010,259,796,5
1010,260,9,10
1010,261,789,0
1010,262,4,6
1010,263,10,792
1010,264,798,6
1010,265,795,797
1010,266,12,6
1010,267,0,9
1010,268,799,795
1010,269,2,12
1010,270,6,794
1010,271,9,6
1010,272,5,4
1010,273,792,8
1010,274,1,5
1010,275,7,1
1010,276,2,799
1010,277,0,5
1010,278,8,5
1010,279,9,792
1010,280,3,795
1010,281,8,6
1010,282,3,797
1010,283,10,12
1010,284,797,794
1010,285,797,799
1010,286,13,3
1010,287,2,11
1010,288,7,789
1010,289,4,792
1010,290,4,2
1010,291,3,0
1010,292,790,798
1010,293,10,1
1010,294,799,791
1010,295,8,792
1010,296,4,789
1010,297,791,797
1010,298,796,797
1010,299,798,798
1010,300,789,5
1010,301,796,1
1010,302,8,0
1010,303,789,2
1010,304,8,793
1010,305,2,789
1010,306,0,793
1010,307,0,798
1010,308,791,4
1010,309,4,790
1010,310,5,13
1010,311,792,1
1010,312,10,794
1010,313,797,9
1010,314,9,790
1010,315,796,7
1010,316,794,8
1010,317,0,12
1010,318,790,9
1010,319,791,795
1010,320,1,794
1010,321,793,799
1010,322,4,11
1010,323,1,793
1010,324,796,791
1010,325,798,1
1010,326,9,7
1010,327,798,794
1010,328,792,0
1010,329,9,798
1010,330,3,13
1010,331,2,795
1010,332,9,11
1010,333,799,794
1010,334,11,8
1010,335,2,792
1010,336,1,6
1010,337,795,9
1010,338,5,6
1010,339,6,795
1010,340,792,10
1010,341,11,7
1010,342,6,789
1010,343,790,793
1010,344,791,796
1010,345,7,790
1010,346,796,799
1010,347,3,3
1010,348,6,790
1010,349,4,791
1010,350,796,793
1010,351,6,4
1010,352,792,9
1010,353,792,799
1010,354,2,796
1010,355,799,6
1010,356,0,789
1010,357,6,6
1010,358,5,2
1010,359,0,0
1010,360,797,5
1010,361,10,797
1010,362,7,792
1010,363,4,9
1010,364,10,6
1010,365,793,796
1010,366,0,3
1010,367,798,0
1010,368,3,5
1010,369,794,799
1010,370,9,4
1010,371,2,5
1010,372,0,7
1010,373,795,6
1010,374,799,8
1010,375,796,0
1010,376,0,794
1010,377,6,797
1010,378,793,795
1010,379,791,3
1010,380,795,8
1010,381,794,9
1010,382,10,3
1010,383,797,2
1010,384,793,793
1010,385,797,798
1010,386,794,7
1010,387,5,797
1010,388,0,795
1010,389,4,4
1010,390,790,795
1010,391,790,4
1010,392,793,798
1010,393,798,795
1010,394,792,793
1010,395,798,2
1010,396,13,2
1010,397,793,4
1010,398,9,3
1010,399,790,10
1010,400,796,9
1010,401,11,3
1010,402,5,799
1010,403,796,3
1010,404,7,11
1010,405,10,2
1010,406,789,6
1010,407,0,2
1010,408,3,790
1010,409,799,4
1010,410,2,793
1010,411,1,8
1010,412,10,793
1010,413,796,795
1010,414,7,798
1010,415,0,8
1010,416,792,792
1010,417,8,1
1010,418,799,797
1010,419,793,6
1010,420,6,793
1010,421,2,790
1010,422,7,791
1010,423,5,794
1010,424,8,11
1010,425,796,4
1010,426,797,797
1010,427,799,2
1010,428,795,3
1010,429,794,1
1010,430,2,10
1010,431,7,796
1010,432,11,1
1010,433,2,8
1010,434,796,2
1010,435,791,799
1010,436,8,9
1010,437,9,797
1010,438,5,9
1010,439,3,792
1010,440,5,8
1010,441,9,791
1010,442,5,795
1010,443,4,793
1010,444,799,796
1010,445,8,8
1010,446,6,791
1010,447,3,794
1010,448,1,789
1010,449,8,790
1010,450,3,9
1010,451,3,793
1010,452,7,797
1010,453,6,799
1010,454,791,6
1010,455,791,790
1010,456,1,13
1010,457,5,793
1010,458,797,792
1010,459,5,791
1010,460,6,796
1010,461,8,798
1010,462,2,6
1010,463,790,5
1010,464,9,795
1010,465,10,4
1010,466,792,4
1010,467,799,0
1010,468,791,10
1010,469,3,791
1010,470,791,798
1010,471,3,7
1010,472,7,0
1010,473,795,5
1010,474,9,1
1010,475,798,792
1010,476,1,1
1010,477,11,13
1010,478,10,10
1010,479,5,12
1010,480,6,5
1010,481,0,799
1010,482,799,792
1010,483,6,11
1010,484,794,798
1010,485,797,6
1010,486,791,9
1010,487,2,9
1010,488,7,8
1010,489,2,13
1010,490,6,8
1010,491,2,0
1010,492,9,9
1010,493,5,789
1010,494,8,791
1010,495,798,5
1010,496,792,5
1010,497,3,10
1010,498,9,789
1010,499,791,791
1011,0,6,10
1011,1,0,9
1011,2,8,796
1011,3,793,791
1011,4,791,7
1011,5,795,1
1011,6,798,797
1011,7,798,799
1011,8,790,0
1011,9,4,794
1011,10,796,794
1011,11,5,3
1011,12,1,791
1011,13,5,790
1011,14,790,794
1011,15,4,10
1011,16,12,0
1011,17,3,13
1011,18,4,3
1011,19,8,797
1011,20,5,1
1011,21,8,4
1011,22,791,8
1011,23,792,0
1011,24,3,8
1011,25,791,1
1011,26,1,797
1011,27,797,1
1011,28,788,1
1011,29,791,10
1011,30,799,793
1011,31,8,8
1011,32,2,2
1011,33,791,4
1011,34,11,10
1011,35,795,10
1011,36,796,798
1011,37,793,2
1011,38,794,5
1011,39,789,1
1011,40,794,2
1011,41,10,12
1011,42,794,4
1011,43,794,796
1011,44,791,5
1011,45,794,3
1011,46,3,799
1011,47,5,798
1011,48,8,10
1011,49,12,3
1011,50,794,0
1011,51,793,792
1011,52,5,797
1011,53,790,8
1011,54,10,2
1011,55,1,792
1011,56,12,11
1011,57,10,797
1011,58,10,790
1011,59,795,9
1011,60,2,8
1011,61,3,11
1011,62,792,793
1011,63,0,10
1011,64,793,794
1011,65,794,794
1011,66,3,1
1011,67,11,11
1011,68,0,792
1011,69,11,2
1011,70,792,795
1011,71,799,9
1011,72,799,798
1011,73,794,792
1011,74,8,12
1011,75,1,798
1011,76,788,4
1011,77,10,11
1011,78,799,5
1011,79,797,10
1011,80,790,797
1011,81,795,799
1011,82,4,1
1011,83,3,6
1011,84,9,5
1011,85,9,10
1011,86,6,12
1011,87,793,8
1011,88,5,5
1011,89,794,9
1011,90,795,798
1011,91,798,7
1011,92,796,4
1011,93,789,4
1011,94,792,3
1011,95,2,4
1011,96,2,3
1011,97,5,791
1011,98,792,10
1011,99,3,2
1011,100,793,5
1011,101,6,7
1011,102,788,7
1011,103,789,0
1011,104,1,2
1011,105,5,7
1011,106,6,3
1011,107,797,3
1011,108,793,7
1011,109,0,789
1011,110,8,2
1011,111,789,3
1011,112,1,0
1011,113,6,8
1011,114,10,8
1011,115,4,796
1011,116,10,791
1011,117,2,1
1011,118,1,3
1011,119,13,4
1011,120,799,1
1011,121,11,5
1011,122,1,9
1011,123,12,8
1011,124,7,793
1011,125,6,2
1011,126,0,3
1011,127,7,0
1011,128,792,796
1011,129,798,3
1011,130,9,0
1011,131,3,4
1011,132,0,790
1011,133,790,1
1011,134,3,796
1011,135,0,791
1011,136,798,9
1011,137,2,794
1011,138,4,799
1011,139,798,796
1011,140,794,797
1011,141,799,3
1011,142,797,8
1011,143,5,10
1011,144,1,12
1011,145,10,5
1011,146,797,795
1011,147,7,799
1011,148,1,796
1011,149,10,9
1011,150,3,798
1011,151,799,10
1011,152,11,9
1011,153,8,0
1011,154,0,8
1011,155,6,9
1011,156,790,2
1011,157,3,789
1011,158,10,7
1011,159,796,8
1011,160,788,8
1011,161,4,7
1011,162,7,7
1011,163,1,11
1011,164,7,9
1011,165,7,10
1011,166,10,799
1011,167,795,7
1011,168,10,796
1011,169,3,12
1011,170,4,795
1011,171,790,6
1011,172,4,0
1011,173,793,0
1011,174,797,7
1011,175,8,7
1011,176,794,793
1011,177,4,8
1011,178,11,4
1011,179,799,799
1011,180,793,3
1011,181,12,2
1011,182,795,791
1011,183,4,790
1011,184,5,796
1011,185,2,7
1011,186,796,796
1011,187,794,795
1011,188,0,799
1011,189,789,9
1011,190,5,11
1011,191,11,12
1011,192,4,5
1011,193,10,0
1011,194,797,4
1011,195,5,792
1011,196,795,4
1011,197,1,799
1011,198,2,797
1011,199,797,793
1011,200,798,8
1011,201,0,793
1011,202,12,5
1011,203,792,2
1011,204,792,797
1011,205,7,795
1011,206,795,2
1011,207,9,794
1011,208,799,790
1011,209,7,2
1011,210,1,793
1011,211,795,796
1011,212,799,7
1011,213,7,6
1011,214,788,0
1011,215,7,12
1011,216,794,10
1011,217,5,0
1011,218,791,798
1011,219,796,5
1011,220,792,6
1011,221,9,2
1011,222,793,797
1011,223,2,791
1011,224,6,1
1011,225,12,1
1011,226,7,5
1011,227,792,792
1011,228,12,12
1011,229,791,792
1011,230,798,791
1011,231,5,12
1011,232,797,796
1011,233,11,6
1011,234,1,795
1011,235,6,791
1011,236,795,793
1011,237,0,6
1011,238,795,794
1011,239,792,7
1011,240,6,792
1011,241,789,7
1011,242,1,10
1011,243,1,7
1011,244,8,795
1011,245,5,795
1011,246,4,798
1011,247,1,4
1011,248,2,798
1011,249,796,6
1011,250,8,799
1011,251,793,1
1011,252,0,795
1011,253,795,795
1011,254,9,8
1011,255,8,3
1011,256,794,6
1011,257,798,4
1011,258,9,799
1011,259,796,0
1011,260,7,3
1011,261,794,791
1011,262,4,6
1011,263,10,792
1011,264,798,6
1011,265,795,797
1011,266,788,5
1011,267,793,10
1011,268,799,795
1011,269,2,12
1011,270,6,794
1011,271,9,6
1011,272,5,4
1011,273,792,8
1011,274,1,5
1011,275,7,1
1011,276,2,799
1011,277,2,790
1011,278,8,5
1011,279,9,792
1011,280,3,795
1011,281,7,4
1011,282,3,797
1011,283,792,791
1011,284,797,794
1011,285,797,799
1011,286,4,13
1011,287,0,0
1011,288,7,789
1011,289,4,792
1011,290,4,2
1011,291,3,0
1011,292,796,792
1011,293,10,1
1011,294,799,791
1011,295,8,792
1011,296,4,789
1011,297,791,797
1011,298,796,797
1011,299,798,798
1011,300,789,5
1011,301,796,1
1011,302,7,797
1011,303,789,2
1011,304,8,793
1011,305,4,791
1011,306,796,10
1011,307,0,798
1011,308,795,0
1011,309,788,2
1011,310,797,792
1011,311,792,1
1011,312,789,10
1011,313,797,9
1011,314,0,797
1011,315,798,10
1011,316,794,8
1011,317,0,12
1011,318,790,9
1011,319,790,3
1011,320,1,794
1011,321,793,799
1011,322,4,11
1011,323,12,9
1011,324,791,795
1011,325,798,1
1011,326,9,7
1011,327,798,794
1011,328,795,3
1011,329,790,796
1011,330,5,789
1011,331,2,795
1011,332,9,11
1011,333,799,794
1011,334,11,8
1011,335,2,792
1011,336,1,6
1011,337,798,0
1011,338,5,6
1011,339,6,795
1011,340,788,3
1011,341,11,7
1011,342,6,789
1011,343,796,9
1011,344,791,796
1011,345,7,790
1011,346,796,799
1011,347,3,3
1011,348,0,13
1011,349,790,7
1011,350,796,793
1011,351,6,4
1011,352,792,9
1011,353,792,799
1011,354,2,796
1011,355,799,6
1011,356,793,790
1011,357,6,6
1011,358,5,2
1011,359,791,794
1011,360,797,5
1011,361,798,792
1011,362,7,792
1011,363,4,9
1011,364,10,6
1011,365,793,796
1011,366,7,794
1011,367,798,793
1011,368,3,5
1011,369,794,799
1011,370,9,4
1011,371,2,5
1011,372,1,13
1011,373,795,6
1011,374,799,8
1011,375,0,794
1011,376,790,4
1011,377,6,797
1011,378,793,795
1011,379,791,3
1011,380,795,8
1011,381,8,6
1011,382,10,3
1011,383,797,2
1011,384,793,793
1011,385,797,798
1011,386,794,7
1011,387,799,792
1011,388,10,794
1011,389,4,4
1011,390,790,795
1011,391,12,4
1011,392,793,798
1011,393,798,795
1011,394,3,791
1011,395,798,2
1011,396,13,2
1011,397,793,4
1011,398,9,3
1011,399,790,10
1011,400,4,12
1011,401,11,3
1011,402,5,799
1011,403,796,3
1011,404,7,11
1011,405,0,7
1011,406,789,6
1011,407,0,2
1011,408,3,790
1011,409,799,4
1011,410,2,793
1011,411,1,8
1011,412,10,793
1011,413,796,795
1011,414,7,798
1011,415,790,5
1011,416,795,792
1011,417,8,1
1011,418,799,797
1011,419,793,6
1011,420,6,793
1011,421,11,0
1011,422,0,1
1011,423,5,794
1011,424,8,11
1011,425,791,791
1011,426,797,797
1011,427,799,2
1011,428,799,0
1011,429,794,1
1011,430,2,10
1011,431,7,796
1011,432,11,1
1011,433,12,6
1011,434,796,2
1011,435,791,799
1011,436,8,9
1011,437,9,797
1011,438,5,9
1011,439,3,792
1011,440,5,8
1011,441,793,9
1011,442,6,799
1011,443,4,793
1011,444,799,796
1011,445,0,4
1011,446,9,12
1011,447,3,794
1011,448,1,789
1011,449,8,790
1011,450,3,9
1011,451,3,793
1011,452,796,7
1011,453,6,0
1011,454,791,6
1011,455,8,789
1011,456,1,790
1011,457,5,793
1011,458,797,0
1011,459,791,0
1011,460,6,796
1011,461,8,798
1011,462,2,6
1011,463,2,11
1011,464,792,794
1011,465,10,4
1011,466,792,4
1011,467,792,798
1011,468,12,10
1011,469,0,796
1011,470,0,11
1011,471,3,7
1011,472,9,793
1011,473,795,5
1011,474,9,1
1011,475,9,798
1011,476,1,1
1011,477,6,798
1011,478,10,10
1011,479,4,797
1011,480,6,5
1011,481,790,799
1011,482,788,6
1011,483,6,11
1011,484,794,798
1011,485,797,6
1011,486,791,9
1011,487,2,9
1011,488,7,8
1011,489,2,13
1011,490,0,5
1011,491,2,0
1011,492,9,9
1011,493,791,2
1011,494,8,791
1011,495,798,5
1011,496,792,5
1011,497,3,10
1011,498,9,789
1011,499,791,793
1012,0,6,10
1012,1,0,9
1012,2,8,796
1012,3,6,13
1012,4,791,7
1012,5,795,1
1012,6,798,797
1012,7,798,799
1012,8,790,0
1012,9,4,794
1012,10,796,794
1012,11,5,3
1012,12,1,791
1012,13,5,790
1012,14,792,794
1012,15,0,5
1012,16,796,791
1012,17,12,3
1012,18,4,3
1012,19,10,10
1012,20,5,1
1012,21,8,4
1012,22,791,8
1012,23,9,789
1012,24,791,5
1012,25,791,1
1012,26,1,797
1012,27,797,1
1012,28,788,1
1012,29,788,5
1012,30,799,793
1012,31,8,8
1012,32,2,2
1012,33,791,4
1012,34,11,10
1012,35,795,10
1012,36,796,798
1012,37,793,2
1012,38,792,791
1012,39,789,1
1012,40,794,2
1012,41,9,793
1012,42,794,4
1012,43,794,796
1012,44,9,5
1012,45,794,3
1012,46,3,799
1012,47,794,791
1012,48,8,10
1012,49,10,3
1012,50,796,8
1012,51,10,789
1012,52,5,797
1012,53,797,793
1012,54,10,2
1012,55,1,792
1012,56,794,10
1012,57,10,797
1012,58,788,3
1012,59,795,9
1012,60,2,8
1012,61,788,11
1012,62,792,793
1012,63,788,9
1012,64,793,794
1012,65,794,794
1012,66,3,1
1012,67,11,11
1012,68,0,792
1012,69,11,2
1012,70,792,795
1012,71,799,9
1012,72,799,798
1012,73,0,3
1012,74,9,791
1012,75,1,798
1012,76,788,4
1012,77,10,11
1012,78,799,5
1012,79,792,792
1012,80,11,1
1012,81,795,799
1012,82,4,1
1012,83,3,6
1012,84,9,1
1012,85,9,10
1012,86,6,12
1012,87,793,8
1012,88,5,5
1012,89,794,9
1012,90,795,798
1012,91,798,7
1012,92,796,4
1012,93,789,4
1012,94,792,3
1012,95,2,4
1012,96,2,3
1012,97,5,791
1012,98,792,10
1012,99,3,2
1012,100,793,5
1012,101,6,7
1012,102,788,7
1012,103,9,795
1012,104,1,2
1012,105,5,7
1012,106,6,3
1012,107,797,3
1012,108,793,7
1012,109,0,789
1012,110,0,2
1012,111,789,3
1012,112,6,9
1012,113,6,8
1012,114,10,8
1012,115,4,796
1012,116,10,791
1012,117,2,1
1012,118,1,3
1012,119,8,13
1012,120,799,1
1012,121,11,5
1012,122,1,9
1012,123,12,8
1012,124,7,793
1012,125,6,2
1012,126,790,4
1012,127,7,0
1012,128,0,790
1012,129,798,3
1012,130,9,0
1012,131,3,4
1012,132,789,10
1012,133,2,791
1012,134,3,796
1012,135,0,791
1012,136,2,6
1012,137,0,798
1012,138,4,799
1012,139,798,796
1012,140,794,797
1012,141,799,3
1012,142,11,12
1012,143,5,10
1012,144,1,12
1012,145,0,6
1012,146,797,795
1012,147,7,799
1012,148,1,796
1012,149,10,9
1012,150,3,798
1012,151,790,11
1012,152,11,9
1012,153,9,12
1012,154,0,8
1012,155,5,0
1012,156,790,2
1012,157,9,798
1012,158,10,7
1012,159,791,6
1012,160,788,8
1012,161,4,7
1012,162,4,0
1012,163,1,11
1012,164,791,2
1012,165,7,10
1012,166,10,799
1012,167,794,5
1012,168,10,796
1012,169,3,12
1012,170,4,795
1012,171,790,6
1012,172,1,789
1012,173,793,0
1012,174,797,7
1012,175,8,7
1012,176,792,0
1012,177,0,7
1012,178,11,4
1012,179,799,799
1012,180,793,3
1012,181,12,2
1012,182,795,791
1012,183,4,790
1012,184,5,796
1012,185,6,5
1012,186,796,796
1012,187,794,795
1012,188,790,790
1012,189,789,9
1012,190,8,12
1012,191,3,791
1012,192,4,5
1012,193,10,0
1012,194,797,4
1012,195,5,792
1012,196,795,4
1012,197,1,799
1012,198,2,797
1012,199,12,12
1012,200,798,8
1012,201,0,793
1012,202,12,9
1012,203,792,2
1012,204,792,797
1012,205,4,10
1012,206,795,2
1012,207,9,794
1012,208,790,796
1012,209,7,2
1012,210,1,793
1012,211,795,796
1012,212,799,7
1012,213,7,6
1012,214,791,799
1012,215,7,12
1012,216,10,795
1012,217,8,789
1012,218,791,798
1012,219,796,5
1012,220,792,6
1012,221,9,2
1012,222,793,797
1012,223,1,0
1012,224,6,1
1012,225,4,8
1012,226,7,5
1012,227,796,7
1012,228,8,797
1012,229,791,792
1012,230,791,797
1012,231,798,791
1012,232,797,796
1012,233,11,6
1012,234,1,795
1012,235,6,791
1012,236,795,793
1012,237,8,792
1012,238,795,794
1012,239,792,7
1012,240,6,792
1012,241,789,7
1012,242,1,10
1012,243,1,7
1012,244,8,795
1012,245,5,795
1012,246,4,798
1012,247,1,4
1012,248,2,798
1012,249,796,6
1012,250,8,799
1012,251,793,1
1012,252,797,791
1012,253,795,795
1012,254,9,8
1012,255,8,3
1012,256,794,6
1012,257,798,4
1012,258,9,799
1012,259,790,5
1012,260,7,3
1012,261,9,790
1012,262,4,6
1012,263,796,0
1012,264,798,6
1012,265,795,797
1012,266,790,8
1012,267,7,7
1012,268,799,795
1012,269,2,12
1012,270,6,794
1012,271,9,6
1012,272,2,5
1012,273,792,8
1012,274,1,5
1012,275,7,1
1012,276,2,799
1012,277,2,790
1012,278,8,5
1012,279,3,789
1012,280,3,795
1012,281,7,4
1012,282,3,797
1012,283,792,796
1012,284,797,794
1012,285,797,799
1012,286,12,7
1012,287,0,0
1012,288,7,789
1012,289,9,13
1012,290,4,2
1012,291,2,789
1012,292,796,792
1012,293,10,1
1012,294,799,791
1012,295,0,10
1012,296,4,789
1012,297,5,11
1012,298,796,797
1012,299,798,798
1012,300,789,5
1012,301,796,1
1012,302,7,797
1012,303,8,11
1012,304,8,793
1012,305,4,791
1012,306,789,2
1012,307,9,792
1012,308,795,0
1012,309,796,10
1012,310,797,792
1012,311,792,1
1012,312,798,793
1012,313,797,9
1012,314,797,8
1012,315,6,789
1012,316,794,8
1012,317,789,6
1012,318,790,9
1012,319,790,3
1012,320,1,794
1012,321,793,799
1012,322,9,4
1012,323,791,9
1012,324,791,795
1012,325,798,1
1012,326,9,7
1012,327,798,794
1012,328,12,0
1012,329,793,791
1012,330,0,795
1012,331,2,795
1012,332,9,11
1012,333,799,794
1012,334,10,792
1012,335,2,792
1012,336,1,6
1012,337,798,0
1012,338,5,6
1012,339,6,795
1012,340,791,793
1012,341,11,7
1012,342,3,790
1012,343,796,9
1012,344,791,796
1012,345,7,790
1012,346,796,799
1012,347,3,3
1012,348,790,792
1012,349,790,7
1012,350,7,791
1012,351,6,4
1012,352,792,9
1012,353,792,799
1012,354,2,796
1012,355,799,6
1012,356,0,799
1012,357,6,6
1012,358,5,2
1012,359,788,0
1012,360,797,5
1012,361,798,792
1012,362,4,792
1012,363,4,9
1012,364,10,6
1012,365,793,796
1012,366,7,794
1012,367,795,3
1012,368,3,5
1012,369,794,799
1012,370,788,10
1012,371,791,794
1012,372,791,791
1012,373,795,6
1012,374,799,8
1012,375,6,797
1012,376,0,12
1012,377,5,793
1012,378,793,795
1012,379,791,3
1012,380,795,8
1012,381,8,6
1012,382,7,9
1012,383,797,2
1012,384,793,793
1012,385,797,798
1012,386,794,7
1012,387,796,793
1012,388,10,794
1012,389,4,4
1012,390,3,11
1012,391,0,11
1012,392,793,798
1012,393,798,795
1012,394,5,798
1012,395,798,2
1012,396,788,2
1012,397,793,4
1012,398,9,3
1012,399,9,796
1012,400,7,792
1012,401,11,3
1012,402,5,799
1012,403,796,3
1012,404,7,11
1012,405,799,10
1012,406,794,793
1012,407,794,0
1012,408,10,4
1012,409,799,4
1012,410,2,793
1012,411,1,8
1012,412,10,793
1012,413,796,795
1012,414,7,798
1012,415,7,13
1012,416,798,9
1012,417,8,1
1012,418,799,797
1012,419,793,6
1012,420,6,793
1012,421,7,795
1012,422,0,1
1012,423,5,794
1012,424,4,11
1012,425,795,792
1012,426,797,797
1012,427,799,2
1012,428,799,0
1012,429,794,1
1012,430,2,10
1012,431,7,796
1012,432,0,4
1012,433,790,1
1012,434,796,2
1012,435,799,792
1012,436,8,9
1012,437,9,797
1012,438,5,9
1012,439,0,797
1012,440,5,8
1012,441,793,9
1012,442,6,799
1012,443,4,793
1012,444,799,796
1012,445,789,11
1012,446,10,5
1012,447,3,794
1012,448,790,791
1012,449,8,790
1012,450,3,9
1012,451,3,793
1012,452,3,8
1012,453,6,0
1012,454,790,10
1012,455,0,794
1012,456,11,0
1012,457,2,794
1012,458,795,7
1012,459,791,0
1012,460,6,796
1012,461,8,798
1012,462,6,790
1012,463,2,11
1012,464,11,8
1012,465,2,7
1012,466,792,4
1012,467,792,798
1012,468,12,10
1012,469,0,796
1012,470,789,8
1012,471,3,7
1012,472,12,4
1012,473,795,5
1012,474,3,0
1012,475,3,792
1012,476,1,1
1012,477,6,798
1012,478,8,2
1012,479,4,797
1012,480,5,4
1012,481,790,799
1012,482,788,6
1012,483,6,11
1012,484,794,798
1012,485,797,6
1012,486,12,5
1012,487,2,9
1012,488,7,8
1012,489,2,13
1012,490,793,10
1012,491,2,0
1012,492,9,9
1012,493,8,0
1012,494,8,791
1012,495,798,5
1012,496,792,5
1012,497,3,10
1012,498,794,792
1012,499,791,10
1013,0,6,10
1013,1,4,13
1013,2,8,796
1013,3,790,790
1013,4,791,7
1013,5,799,0
1013,6,798,797
1013,7,798,799
1013,8,796,792
1013,9,4,794
1013,10,796,794
1013,11,5,3
1013,12,1,791
1013,13,5,790
1013,14,792,794
1013,15,793,0
1013,16,792,797
1013,17,9,9
1013,18,4,3
1013,19,10,10
1013,20,5,1
1013,21,8,4
1013,22,791,8
1013,23,794,792
1013,24,791,5
1013,25,791,1
1013,26,790,797
1013,27,797,1
1013,28,788,1
1013,29,788,5
1013,30,799,793
1013,31,8,8
1013,32,2,2
1013,33,791,4
1013,34,11,10
1013,35,11,3
1013,36,796,798
1013,37,793,2
1013,38,792,791
1013,39,793,797
1013,40,794,2
1013,41,11,4
1013,42,794,4
1013,43,794,796
1013,44,9,5
1013,45,794,3
1013,46,3,799
1013,47,794,791
1013,48,8,10
1013,49,7,0
1013,50,796,8
1013,51,792,798
1013,52,5,797
1013,53,791,0
1013,54,2,5
1013,55,1,792
1013,56,794,10
1013,57,10,797
1013,58,788,3
1013,59,795,9
1013,60,2,8
1013,61,10,795
1013,62,792,793
1013,63,792,9
1013,64,793,794
1013,65,794,794
1013,66,3,1
1013,67,3,0
1013,68,8,795
1013,69,794,0
1013,70,792,795
1013,71,799,9
1013,72,799,798
1013,73,795,7
1013,74,9,8
1013,75,1,798
1013,76,788,4
1013,77,10,11
1013,78,799,5
1013,79,792,792
1013,80,3,4
1013,81,795,799
1013,82,4,1
1013,83,3,6
1013,84,791,798
1013,85,9,10
1013,86,6,12
1013,87,793,8
1013,88,5,5
1013,89,790,4
1013,90,795,798
1013,91,798,7
1013,92,796,4
1013,93,0,7
1013,94,793,4
1013,95,2,4
1013,96,2,3
1013,97,11,5
1013,98,792,10
1013,99,3,2
1013,100,793,5
1013,101,6,7
1013,102,790,8
1013,103,9,795
1013,104,1,2
1013,105,5,7
1013,106,6,3
1013,107,797,3
1013,108,793,7
1013,109,0,789
1013,110,0,2
1013,111,789,3
1013,112,6,9
1013,113,6,8
1013,114,10,8
1013,115,4,796
1013,116,799,792
1013,117,2,1
1013,118,1,3
1013,119,2,791
1013,120,799,1
1013,121,10,790
1013,122,1,9
1013,123,793,9
1013,124,7,793
1013,125,6,2
1013,126,792,796
1013,127,789,8
1013,128,10,789
1013,129,798,3
1013,130,9,0
1013,131,0,0
1013,132,5,12
1013,133,10,6
1013,134,3,796
1013,135,0,790
1013,136,2,6
1013,137,0,798
1013,138,4,799
1013,139,798,796
1013,140,794,797
1013,141,799,3
1013,142,11,6
1013,143,5,10
1013,144,1,12
1013,145,0,6
1013,146,797,795
1013,147,7,799
1013,148,1,796
1013,149,10,9
1013,150,3,798
1013,151,0,793
1013,152,11,9
1013,153,9,12
1013,154,8,790
1013,155,5,0
1013,156,790,2
1013,157,789,0
1013,158,10,7
1013,159,791,6
1013,160,788,8
1013,161,4,7
1013,162,4,0
1013,163,1,11
1013,164,791,2
1013,165,6,790
1013,166,10,799
1013,167,794,5
1013,168,790,6
1013,169,11,2
1013,170,4,795
1013,171,4,12
1013,172,1,789
1013,173,795,792
1013,174,797,7
1013,175,8,7
1013,176,791,793
1013,177,794,9
1013,178,11,1
1013,179,799,799
1013,180,793,3
1013,181,12,2
1013,182,8,793
1013,183,4,790
1013,184,5,796
1013,185,6,5
1013,186,796,796
1013,187,794,795
1013,188,790,0
1013,189,789,5
1013,190,7,10
1013,191,3,791
1013,192,4,5
1013,193,2,790
1013,194,797,4
1013,195,5,792
1013,196,795,4
1013,197,1,799
1013,198,2,797
1013,199,9,794
1013,200,12,4
1013,201,791,790
1013,202,12,9
1013,203,792,2
1013,204,0,8
1013,205,0,5
1013,206,795,2
1013,207,0,12
1013,208,792,3
1013,209,7,2
1013,210,0,796
1013,211,795,796
1013,212,799,7
1013,213,7,6
1013,214,0,3
1013,215,7,12
1013,216,10,791
1013,217,8,789
1013,218,798,8
1013,219,796,5
1013,220,792,6
1013,221,9,2
1013,222,795,794
1013,223,2,13
1013,224,6,1
1013,225,4,8
1013,226,7,5
1013,227,797,8
1013,228,8,797
1013,229,791,792
1013,230,791,797
1013,231,12,1
1013,232,797,796
1013,233,4,9
1013,234,1,795
1013,235,11,7
1013,236,795,793
1013,237,10,794
1013,238,10,2
1013,239,792,0
1013,240,6,792
1013,241,6,794
1013,242,1,10
1013,243,1,7
1013,244,12,0
1013,245,5,795
1013,246,4,798
1013,247,1,4
1013,248,2,798
1013,249,796,6
1013,250,8,799
1013,251,793,1
1013,252,797,791
1013,253,795,795
1013,254,6,0
1013,255,8,3
1013,256,794,6
1013,257,798,4
1013,258,9,799
1013,259,790,1
1013,260,7,3
1013,261,4,10
1013,262,4,6
1013,263,796,0
1013,264,798,6
1013,265,795,797
1013,266,3,12
1013,267,7,7
1013,268,799,795
1013,269,2,12
1013,270,0,797
1013,271,9,6
1013,272,1,0
1013,273,795,1
1013,274,1,5
1013,275,7,1
1013,276,2,799
1013,277,790,5
1013,278,8,5
1013,279,3,789
1013,280,1,13
1013,281,7,4
1013,282,3,797
1013,283,4,11
1013,284,797,794
1013,285,797,799
1013,286,12,7
1013,287,796,7
1013,288,7,789
1013,289,9,13
1013,290,4,2
1013,291,2,789
1013,292,0,13
1013,293,9,790
1013,294,799,791
1013,295,7,797
1013,296,790,9
1013,297,5,11
1013,298,796,797
1013,299,798,798
1013,300,10,1
1013,301,796,1
1013,302,4,789
1013,303,8,11
1013,304,9,792
1013,305,4,791
1013,306,12,11
1013,307,9,793
1013,308,795,0
1013,309,7,11
1013,310,797,792
1013,311,792,1
1013,312,10,4
1013,313,9,798
1013,314,6,789
1013,315,794,793
1013,316,794,8
1013,317,8,792
1013,318,797,0
1013,319,790,3
1013,320,1,794
1013,321,793,799
1013,322,9,4
1013,323,10,12
1013,324,9,796
1013,325,798,1
1013,326,9,7
1013,327,798,794
1013,328,795,791
1013,329,8,794
1013,330,8,0
1013,331,2,795
1013,332,9,11
1013,333,799,794
1013,334,10,792
1013,335,2,792
1013,336,1,6
1013,337,791,799
1013,338,5,6
1013,339,6,795
1013,340,11,12
1013,341,791,795
1013,342,3,790
1013,343,790,796
1013,344,791,796
1013,345,7,790
1013,346,796,799
1013,347,3,3
1013,348,793,791
1013,349,6,6
1013,350,7,791
1013,351,6,4
1013,352,791,9
1013,353,792,799
1013,354,2,796
1013,355,799,6
1013,356,0,799
1013,357,798,0
1013,358,5,2
1013,359,788,0
1013,360,797,5
1013,361,798,792
1013,362,4,792
1013,363,1,790
1013,364,790,7
1013,365,793,796
1013,366,7,794
1013,367,795,3
1013,368,3,5
1013,369,794,799
1013,370,788,10
1013,371,791,794
1013,372,791,791
1013,373,795,6
1013,374,799,8
1013,375,6,797
1013,376,789,4
1013,377,790,798
1013,378,793,795
1013,379,791,3
1013,380,795,8
1013,381,8,6
1013,382,7,9
1013,383,797,2
1013,384,793,793
1013,385,797,798
1013,386,794,7
1013,387,796,793
1013,388,5,793
1013,389,4,4
1013,390,3,11
1013,391,0,11
1013,392,793,798
1013,393,798,795
1013,394,5,798
1013,395,798,2
1013,396,788,2
1013,397,5,13
1013,398,9,3
1013,399,0,795
1013,400,7,792
1013,401,789,9
1013,402,5,799
1013,403,796,3
1013,404,10,5
1013,405,799,10
1013,406,12,8
1013,407,0,791
1013,408,9,1
1013,409,799,4
1013,410,2,793
1013,411,1,8
1013,412,10,793
1013,413,796,795
1013,414,7,798
1013,415,7,13
1013,416,798,9
1013,417,8,1
1013,418,799,797
1013,419,793,6
1013,420,6,793
1013,421,7,795
1013,422,12,3
1013,423,5,794
1013,424,0,9
1013,425,796,791
1013,426,797,797
1013,427,799,2
1013,428,790,794
1013,429,794,1
1013,430,2,10
1013,431,7,796
1013,432,0,4
1013,433,11,0
1013,434,796,2
1013,435,792,8
1013,436,8,9
1013,437,9,797
1013,438,5,9
1013,439,793,792
1013,440,5,8
1013,441,0,10
1013,442,6,799
1013,443,2,794
1013,444,799,796
1013,445,10,3
1013,446,798,793
1013,447,3,794
1013,448,12,12
1013,449,10,0
1013,450,3,9
1013,451,3,793
1013,452,3,8
1013,453,1,793
1013,454,789,10
1013,455,0,794
1013,456,4,793
1013,457,1,797
1013,458,792,7
1013,459,5,791
1013,460,6,796
1013,461,8,798
1013,462,9,791
1013,463,2,11
1013,464,11,8
1013,465,2,7
1013,466,792,4
1013,467,796,9
1013,468,12,10
1013,469,797,793
1013,470,6,798
1013,471,3,7
1013,472,790,795
1013,473,795,5
1013,474,11,11
1013,475,3,792
1013,476,1,1
1013,477,789,1
1013,478,8,2
1013,479,4,797
1013,480,5,4
1013,481,790,799
1013,482,788,6
1013,483,6,11
1013,484,794,798
1013,485,797,6
1013,486,12,5
1013,487,2,9
1013,488,7,8
1013,489,790,791
1013,490,793,10
1013,491,2,0
1013,492,0,1
1013,493,8,12
1013,494,8,791
1013,495,798,5
1013,496,792,5
1013,497,3,10
1013,498,0,792
1013,499,791,10
1014,0,6,10
1014,1,796,793
1014,2,8,796
1014,3,6,791
1014,4,791,7
1014,5,799,0
1014,6,798,797
1014,7,798,799
1014,8,796,792
1014,9,0,796
1014,10,796,794
1014,11,5,3
1014,12,1,791
1014,13,5,790
1014,14,1,789
1014,15,0,797
1014,16,792,797
1014,17,9,9
1014,18,4,3
1014,19,10,10
1014,20,5,1
1014,21,8,4
1014,22,791,8
1014,23,7,797
1014,24,791,5
1014,25,791,1
1014,26,790,797
1014,27,797,1
1014,28,788,1
1014,29,790,791
1014,30,799,793
1014,31,8,8
1014,32,2,2
1014,33,791,4
1014,34,11,10
1014,35,11,3
1014,36,796,798
1014,37,793,2
1014,38,789,10
1014,39,9,4
1014,40,794,2
1014,41,11,4
1014,42,2,0
1014,43,794,796
1014,44,9,5
1014,45,794,3
1014,46,3,799
1014,47,0,794
1014,48,8,10
1014,49,6,794
1014,50,796,8
1014,51,5,792
1014,52,5,797
1014,53,791,0
1014,54,2,5
1014,55,1,792
1014,56,8,790
1014,57,8,794
1014,58,788,3
1014,59,3,0
1014,60,2,8
1014,61,789,6
1014,62,792,793
1014,63,792,9
1014,64,793,794
1014,65,794,794
1014,66,3,1
1014,67,8,13
1014,68,2,6
1014,69,794,0
1014,70,4,794
1014,71,799,9
1014,72,799,798
1014,73,11,12
1014,74,5,5
1014,75,1,798
1014,76,788,4
1014,77,10,11
1014,78,799,5
1014,79,1,12
1014,80,3,4
1014,81,795,799
1014,82,4,1
1014,83,3,6
1014,84,6,13
1014,85,9,10
1014,86,6,12
1014,87,793,8
1014,88,0,3
1014,89,790,4
1014,90,795,798
1014,91,798,7
1014,92,796,4
1014,93,0,7
1014,94,793,4
1014,95,2,4
1014,96,2,3
1014,97,11,5
1014,98,8,798
1014,99,3,2
1014,100,0,12
1014,101,6,7
1014,102,12,5
1014,103,9,795
1014,104,1,2
1014,105,5,7
1014,106,6,3
1014,107,797,3
1014,108,793,7
1014,109,0,789
1014,110,0,2
1014,111,789,3
1014,112,6,9
1014,113,6,8
1014,114,788,10
1014,115,4,796
1014,116,1,790
1014,117,2,1
1014,118,1,3
1014,119,793,797
1014,120,799,1
1014,121,795,9
1014,122,1,9
1014,123,793,9
1014,124,3,792
1014,125,6,2
1014,126,792,796
1014,127,12,2
1014,128,10,789
1014,129,798,3
1014,130,9,0
1014,131,797,791
1014,132,5,12
1014,133,10,6
1014,134,3,796
1014,135,0,790
1014,136,797,10
1014,137,792,798
1014,138,4,799
1014,139,798,796
1014,140,794,797
1014,141,799,3
1014,142,788,6
1014,143,5,10
1014,144,799,10
1014,145,0,6
1014,146,797,795
1014,147,7,799
1014,148,1,796
1014,149,10,9
1014,150,3,798
1014,151,795,793
1014,152,11,9
1014,153,9,12
1014,154,798,10
1014,155,7,798
1014,156,790,2
1014,157,789,0
1014,158,10,7
1014,159,791,6
1014,160,790,7
1014,161,4,7
1014,162,4,0
1014,163,1,11
1014,164,791,2
1014,165,6,790
1014,166,798,9
1014,167,794,5
1014,168,9,793
1014,169,11,2
1014,170,4,795
1014,171,10,0
1014,172,8,1
1014,173,795,792
1014,174,797,7
1014,175,8,7
1014,176,0,10
1014,177,7,13
1014,178,11,1
1014,179,799,799
1014,180,793,3
1014,181,2,12
1014,182,8,793
1014,183,8,795
1014,184,5,796
1014,185,6,5
1014,186,796,796
1014,187,794,795
1014,188,790,0
1014,189,789,5
1014,190,7,10
1014,191,3,791
1014,192,0,0
1014,193,11,0
1014,194,797,4
1014,195,791,791
1014,196,795,4
1014,197,1,799
1014,198,2,797
1014,199,9,794
1014,200,12,4
1014,201,798,791
1014,202,11,6
1014,203,792,2
1014,204,792,791
1014,205,788,11
1014,206,795,2
1014,207,8,789
1014,208,792,3
1014,209,7,2
1014,210,791,793
1014,211,795,796
1014,212,799,7
1014,213,7,6
1014,214,789,7
1014,215,789,4
1014,216,10,791
1014,217,798,792
1014,218,798,8
1014,219,789,9
1014,220,792,6
1014,221,9,2
1014,222,795,794
1014,223,788,8
1014,224,6,1
1014,225,4,8
1014,226,7,5
1014,227,797,8
1014,228,8,797
1014,229,791,792
1014,230,791,797
1014,231,788,9
1014,232,797,796
1014,233,4,9
1014,234,1,795
1014,235,7,0
1014,236,789,8
1014,237,12,10
1014,238,10,2
1014,239,792,0
1014,240,6,792
1014,241,789,2
1014,242,1,10
1014,243,1,7
1014,244,12,0
1014,245,9,796
1014,246,4,798
1014,247,1,4
1014,248,2,798
1014,249,796,6
1014,250,8,799
1014,251,794,4
1014,252,792,794
1014,253,795,795
1014,254,6,0
1014,255,8,3
1014,256,794,6
1014,257,798,4
1014,258,794,792
1014,259,790,1
1014,260,7,3
1014,261,4,10
1014,262,4,6
1014,263,796,0
1014,264,798,6
1014,265,795,797
1014,266,3,795
1014,267,7,7
1014,268,799,795
1014,269,5,0
1014,270,792,792
1014,271,9,6
1014,272,7,790
1014,273,795,1
1014,274,1,5
1014,275,7,1
1014,276,2,799
1014,277,790,5
1014,278,8,5
1014,279,3,789
1014,280,0,798
1014,281,7,4
1014,282,3,797
1014,283,4,11
1014,284,797,794
1014,285,797,799
1014,286,790,8
1014,287,796,7
1014,288,5,791
1014,289,9,13
1014,290,4,2
1014,291,8,792
1014,292,791,798
1014,293,797,792
1014,294,799,791
1014,295,0,9
1014,296,12,1
1014,297,5,11
1014,298,796,797
1014,299,798,798
1014,300,10,1
1014,301,796,1
1014,302,4,789
1014,303,8,11
1014,304,791,795
1014,305,4,791
1014,306,12,11
1014,307,2,791
1014,308,795,0
1014,309,7,11
1014,310,4,13
1014,311,792,1
1014,312,0,5
1014,313,7,793
1014,314,6,789
1014,315,794,793
1014,316,794,8
1014,317,10,4
1014,318,790,792
1014,319,790,3
1014,320,1,794
1014,321,793,799
1014,322,789,11
1014,323,10,12
1014,324,795,7
1014,325,798,1
1014,326,9,7
1014,327,798,794
1014,328,795,791
1014,329,5,795
1014,330,8,0
1014,331,2,795
1014,332,9,11
1014,333,799,794
1014,334,792,4
1014,335,2,792
1014,336,1,6
1014,337,791,799
1014,338,5,6
1014,339,6,795
1014,340,7,795
1014,341,790,10
1014,342,3,790
1014,343,796,10
1014,344,791,796
1014,345,6,798
1014,346,796,799
1014,347,3,3
1014,348,7,12
1014,349,6,6
1014,350,7,791
1014,351,6,4
1014,352,793,0
1014,353,792,799
1014,354,2,796
1014,355,799,6
1014,356,0,799
1014,357,798,0
1014,358,5,2
1014,359,794,791
1014,360,797,0
1014,361,6,797
1014,362,0,792
1014,363,12,7
1014,364,0,1
1014,365,793,796
1014,366,7,794
1014,367,795,3
1014,368,3,5
1014,369,794,799
1014,370,797,9
1014,371,791,794
1014,372,9,790
1014,373,795,6
1014,374,799,8
1014,375,12,8
1014,376,9,8
1014,377,793,791
1014,378,793,795
1014,379,791,3
1014,380,795,8
1014,381,8,6
1014,382,7,9
1014,383,797,2
1014,384,793,793
1014,385,797,798
1014,386,794,7
1014,387,9,792
1014,388,5,793
1014,389,4,4
1014,390,3,11
1014,391,0,11
1014,392,793,798
1014,393,798,795
1014,394,5,798
1014,395,798,2
1014,396,792,10
1014,397,4,797
1014,398,9,3
1014,399,0,795
1014,400,7,792
1014,401,3,12
1014,402,5,799
1014,403,796,3
1014,404,10,5
1014,405,1,0
1014,406,793,5
1014,407,788,0
1014,408,9,1
1014,409,799,4
1014,410,2,793
1014,411,1,8
1014,412,10,793
1014,413,796,795
1014,414,799,792
1014,415,6,799
1014,416,798,793
1014,417,788,5
1014,418,799,797
1014,419,793,1
1014,420,6,793
1014,421,0,791
1014,422,794,10
1014,423,5,794
1014,424,793,6
1014,425,792,795
1014,426,797,797
1014,427,799,2
1014,428,790,794
1014,429,794,1
1014,430,2,10
1014,431,7,796
1014,432,0,4
1014,433,11,8
1014,434,796,2
1014,435,792,8
1014,436,8,9
1014,437,9,797
1014,438,5,9
1014,439,793,792
1014,440,5,8
1014,441,790,9
1014,442,0,793
1014,443,2,794
1014,444,799,796
1014,445,10,3
1014,446,788,2
1014,447,3,794
1014,448,12,12
1014,449,4,790
1014,450,3,9
1014,451,3,793
1014,452,3,8
1014,453,1,793
1014,454,4,792
1014,455,12,3
1014,456,4,793
1014,457,1,797
1014,458,792,7
1014,459,11,7
1014,460,6,796
1014,461,790,793
1014,462,9,791
1014,463,2,11
1014,464,0,8
1014,465,2,7
1014,466,796,5
1014,467,796,9
1014,468,794,9
1014,469,797,793
1014,470,9,798
1014,471,3,7
1014,472,797,5
1014,473,795,5
1014,474,11,11
1014,475,792,790
1014,476,1,1
1014,477,789,1
1014,478,8,2
1014,479,4,5
1014,480,5,4
1014,481,10,8
1014,482,790,6
1014,483,6,11
1014,484,794,798
1014,485,797,6
1014,486,788,7
1014,487,2,9
1014,488,7,8
1014,489,791,9
1014,490,793,10
1014,491,5,789
1014,492,2,790
1014,493,8,12
1014,494,8,791
1014,495,798,5
1014,496,792,5
1014,497,3,10
1014,498,795,10
1014,499,791,10
1015,0,6,10
1015,1,11,2
1015,2,0,793
1015,3,6,791
1015,4,791,7
1015,5,789,5
1015,6,798,797
1015,7,798,799
1015,8,789,3
1015,9,0,796
1015,10,796,794
1015,11,5,3
1015,12,1,791
1015,13,797,792
1015,14,1,789
1015,15,791,792
1015,16,792,797
1015,17,9,9
1015,18,4,3
1015,19,5,790
1015,20,5,1
1015,21,8,4
1015,22,791,8
1015,23,7,797
1015,24,2,9
1015,25,791,1
1015,26,797,793
1015,27,797,1
1015,28,788,1
1015,29,790,791
1015,30,799,793
1015,31,8,8
1015,32,2,2
1015,33,791,4
1015,34,11,10
1015,35,11,3
1015,36,796,798
1015,37,797,5
1015,38,793,6
1015,39,9,4
1015,40,794,2
1015,41,11,4
1015,42,9,791
1015,43,794,796
1015,44,9,5
1015,45,794,3
1015,46,3,799
1015,47,0,794
1015,48,8,10
1015,49,6,794
1015,50,796,8
1015,51,5,792
1015,52,9,0
1015,53,799,7
1015,54,2,5
1015,55,1,792
1015,56,8,790
1015,57,8,794
1015,58,788,3
1015,59,8,796
1015,60,2,8
1015,61,7,0
1015,62,792,793
1015,63,792,9
1015,64,793,794
1015,65,794,794
1015,66,3,1
1015,67,8,791
1015,68,2,6
1015,69,8,793
1015,70,4,794
1015,71,793,2
1015,72,799,798
1015,73,9,7
1015,74,5,5
1015,75,1,798
1015,76,788,4
1015,77,9,799
1015,78,799,5
1015,79,8,1
1015,80,3,4
1015,81,795,799
1015,82,4,1
1015,83,3,6
1015,84,9,792
1015,85,9,10
1015,86,6,12
1015,87,793,8
1015,88,794,0
1015,89,790,4
1015,90,795,798
1015,91,798,7
1015,92,796,4
1015,93,793,10
1015,94,793,4
1015,95,2,4
1015,96,2,3
1015,97,11,5
1015,98,8,798
1015,99,3,2
1015,100,789,6
1015,101,6,7
1015,102,12,5
1015,103,9,795
1015,104,1,2
1015,105,5,7
1015,106,6,3
1015,107,797,3
1015,108,793,7
1015,109,0,789
1015,110,3,12
1015,111,798,9
1015,112,6,9
1015,113,6,8
1015,114,788,10
1015,115,4,796
1015,116,1,790
1015,117,2,1
1015,118,1,3
1015,119,9,798
1015,120,799,1
1015,121,4,12
1015,122,1,9
1015,123,10,13
1015,124,3,792
1015,125,6,2
1015,126,792,796
1015,127,788,11
1015,128,794,791
1015,129,798,3
1015,130,2,790
1015,131,797,791
1015,132,0,0
1015,133,10,6
1015,134,3,796
1015,135,0,790
1015,136,0,799
1015,137,791,799
1015,138,4,799
1015,139,798,796
1015,140,794,797
1015,141,799,3
1015,142,3,789
1015,143,5,10
1015,144,799,10
1015,145,0,6
1015,146,797,795
1015,147,7,799
1015,148,1,796
1015,149,10,9
1015,150,3,798
1015,151,795,793
1015,152,11,9
1015,153,799,9
1015,154,12,6
1015,155,0,7
1015,156,796,0
1015,157,10,789
1015,158,10,7
1015,159,791,6
1015,160,790,7
1015,161,4,7
1015,162,790,9
1015,163,1,11
1015,164,791,2
1015,165,792,0
1015,166,7,789
1015,167,794,5
1015,168,9,793
1015,169,8,11
1015,170,4,795
1015,171,4,791
1015,172,0,791
1015,173,790,11
1015,174,797,7
1015,175,8,7
1015,176,793,11
1015,177,797,6
1015,178,11,1
1015,179,799,799
1015,180,793,3
1015,181,2,12
1015,182,8,789
1015,183,8,795
1015,184,5,796
1015,185,6,5
1015,186,796,796
1015,187,794,795
1015,188,10,795
1015,189,10,11
1015,190,7,10
1015,191,12,1
1015,192,793,791
1015,193,11,0
1015,194,797,4
1015,195,791,791
1015,196,795,4
1015,197,1,799
1015,198,2,797
1015,199,9,794
1015,200,12,4
1015,201,791,793
1015,202,5,9
1015,203,792,2
1015,204,4,11
1015,205,794,793
1015,206,795,2
1015,207,798,0
1015,208,10,12
1015,209,7,2
1015,210,1,793
1015,211,795,796
1015,212,792,4
1015,213,7,6
1015,214,791,794
1015,215,789,4
1015,216,799,791
1015,217,798,792
1015,218,798,8
1015,219,3,0
1015,220,792,6
1015,221,9,2
1015,222,795,794
1015,223,788,8
1015,224,6,1
1015,225,0,3
1015,226,7,5
1015,227,797,8
1015,228,2,13
1015,229,793,797
1015,230,791,797
1015,231,788,9
1015,232,797,796
1015,233,4,9
1015,234,1,795
1015,235,11,12
1015,236,798,6
1015,237,12,10
1015,238,10,2
1015,239,796,791
1015,240,6,792
1015,241,789,2
1015,242,1,10
1015,243,1,7
1015,244,10,0
1015,245,9,796
1015,246,4,798
1015,247,1,4
1015,248,2,798
1015,249,796,6
1015,250,8,799
1015,251,790,2
1015,252,792,794
1015,253,795,795
1015,254,6,0
1015,255,0,797
1015,256,794,6
1015,257,798,4
1015,258,12,9
1015,259,790,1
1015,260,7,3
1015,261,4,10
1015,262,4,6
1015,263,3,791
1015,264,794,4
1015,265,795,797
1015,266,3,795
1015,267,7,7
1015,268,799,795
1015,269,8,797
1015,270,9,789
1015,271,9,6
1015,272,0,11
1015,273,795,1
1015,274,1,5
1015,275,7,1
1015,276,2,799
1015,277,790,5
1015,278,8,5
1015,279,4,792
1015,280,0,798
1015,281,7,4
1015,282,3,797
1015,283,795,792
1015,284,797,794
1015,285,797,799
1015,286,790,8
1015,287,796,7
1015,288,12,8
1015,289,9,13
1015,290,4,2
1015,291,8,792
1015,292,791,798
1015,293,5,12
1015,294,10,792
1015,295,10,10
1015,296,791,10
1015,297,5,11
1015,298,796,797
1015,299,798,798
1015,300,10,1
1015,301,796,1
1015,302,4,789
1015,303,4,0
1015,304,791,795
1015,305,13,1
1015,306,12,11
1015,307,2,791
1015,308,795,0
1015,309,7,11
1015,310,4,13
1015,311,792,1
1015,312,0,5
1015,313,7,793
1015,314,6,789
1015,315,0,2
1015,316,794,8
1015,317,10,4
1015,318,792,798
1015,319,790,3
1015,320,1,794
1015,321,793,799
1015,322,1,13
1015,323,2,789
1015,324,11,13
1015,325,798,1
1015,326,2,0
1015,327,798,794
1015,328,795,791
1015,329,793,5
1015,330,8,0
1015,331,2,795
1015,332,9,11
1015,333,799,794
1015,334,4,797
1015,335,4,793
1015,336,1,6
1015,337,794,792
1015,338,5,6
1015,339,6,795
1015,340,7,795
1015,341,790,10
1015,342,3,790
1015,343,792,795
1015,344,791,796
1015,345,6,798
1015,346,796,799
1015,347,3,3
1015,348,0,12
1015,349,6,6
1015,350,7,791
1015,351,6,4
1015,352,793,0
1015,353,792,799
1015,354,2,796
1015,355,799,6
1015,356,792,791
1015,357,7,792
1015,358,5,2
1015,359,789,10
1015,360,797,0
1015,361,6,797
1015,362,0,792
1015,363,797,10
1015,364,799,0
1015,365,793,796
1015,366,7,794
1015,367,795,3
1015,368,3,5
1015,369,794,799
1015,370,797,9
1015,371,10,5
1015,372,9,790
1015,373,795,6
1015,374,799,8
1015,375,5,795
1015,376,9,8
1015,377,7,798
1015,378,793,795
1015,379,791,3
1015,380,795,8
1015,381,8,6
1015,382,7,9
1015,383,797,2
1015,384,793,793
1015,385,797,798
1015,386,794,7
1015,387,5,797
1015,388,5,793
1015,389,4,4
1015,390,3,11
1015,391,791,11
1015,392,793,798
1015,393,798,795
1015,394,5,798
1015,395,798,2
1015,396,6,790
1015,397,789,9
1015,398,9,3
1015,399,0,795
1015,400,12,13
1015,401,794,10
1015,402,5,799
1015,403,796,3
1015,404,4,8
1015,405,1,0
1015,406,7,13
1015,407,788,0
1015,408,9,1
1015,409,799,4
1015,410,2,793
1015,411,1,8
1015,412,2,792
1015,413,796,795
1015,414,798,791
1015,415,6,799
1015,416,798,793
1015,417,788,5
1015,418,799,797
1015,419,793,1
1015,420,6,793
1015,421,791,0
1015,422,10,794
1015,423,5,794
1015,424,8,3
1015,425,795,9
1015,426,797,797
1015,427,799,2
1015,428,796,792
1015,429,794,1
1015,430,2,10
1015,431,7,796
1015,432,0,4
1015,433,11,8
1015,434,796,2
1015,435,792,8
1015,436,8,9
1015,437,799,792
1015,438,0,9
1015,439,793,792
1015,440,5,8
1015,441,0,10
1015,442,791,5
1015,443,2,794
1015,444,799,796
1015,445,10,3
1015,446,790,0
1015,447,3,794
1015,448,12,12
1015,449,4,790
1015,450,3,9
1015,451,3,793
1015,452,0,1
1015,453,795,7
1015,454,792,3
1015,455,12,3
1015,456,5,0
1015,457,1,797
1015,458,792,7
1015,459,11,7
1015,460,6,796
1015,461,790,793
1015,462,0,13
1015,463,2,11
1015,464,0,8
1015,465,2,7
1015,466,796,5
1015,467,796,9
1015,468,794,9
1015,469,796,793
1015,470,793,9
1015,471,3,7
1015,472,792,792
1015,473,795,5
1015,474,11,11
1015,475,792,790
1015,476,1,1
1015,477,789,1
1015,478,8,2
1015,479,4,5
1015,480,5,4
1015,481,10,8
1015,482,790,6
1015,483,6,11
1015,484,794,798
1015,485,796,10
1015,486,1,12
1015,487,3,8
1015,488,7,8
1015,489,791,9
1015,490,789,8
1015,491,5,789
1015,492,789,0
1015,493,8,12
1015,494,5,791
1015,495,798,5
1015,496,792,5
1015,497,3,10
1015,498,795,10
1015,499,9,12
1016,0,2,0
1016,1,6,10
1016,2,791,794
1016,3,0,789
1016,4,796,793
1016,5,798,792
1016,6,798,797
1016,7,798,799
1016,8,798,7
1016,9,0,796
1016,10,796,794
1016,11,5,3
1016,12,1,791
1016,13,5,790
1016,14,8,791
1016,15,791,792
1016,16,792,797
1016,17,9,9
1016,18,4,3
1016,19,3,13
1016,20,5,1
1016,21,8,4
1016,22,791,8
1016,23,7,797
1016,24,2,9
1016,25,791,1
1016,26,797,793
1016,27,797,1
1016,28,788,1
1016,29,790,791
1016,30,799,793
1016,31,8,8
1016,32,2,2
1016,33,791,4
1016,34,11,10
1016,35,11,3
1016,36,796,798
1016,37,797,5
1016,38,793,6
1016,39,0,8
1016,40,799,0
1016,41,11,4
1016,42,790,794
1016,43,794,796
1016,44,9,5
1016,45,794,3
1016,46,3,799
1016,47,791,7
1016,48,8,5
1016,49,13,5
1016,50,796,8
1016,51,5,792
1016,52,9,0
1016,53,799,7
1016,54,2,5
1016,55,1,792
1016,56,3,12
1016,57,0,790
1016,58,788,3
1016,59,0,795
1016,60,2,8
1016,61,7,0
1016,62,792,793
1016,63,6,790
1016,64,793,794
1016,65,794,794
1016,66,3,1
1016,67,13,3
1016,68,2,6
1016,69,12,2
1016,70,4,794
1016,71,793,2
1016,72,799,798
1016,73,9,7
1016,74,5,5
1016,75,1,798
1016,76,13,0
1016,77,790,790
1016,78,799,5
1016,79,8,1
1016,80,3,4
1016,81,795,799
1016,82,4,1
1016,83,3,6
1016,84,7,12
1016,85,9,10
1016,86,7,790
1016,87,793,8
1016,88,795,5
1016,89,790,4
1016,90,795,798
1016,91,793,5
1016,92,796,4
1016,93,789,7
1016,94,793,4
1016,95,2,4
1016,96,2,3
1016,97,11,5
1016,98,8,798
1016,99,3,2
1016,100,791,791
1016,101,6,7
1016,102,9,4
1016,103,9,795
1016,104,1,2
1016,105,5,7
1016,106,6,3
1016,107,797,3
1016,108,793,7
1016,109,792,5
1016,110,5,11
1016,111,797,791
1016,112,6,9
1016,113,4,2
1016,114,790,6
1016,115,4,796
1016,116,1,790
1016,117,2,1
1016,118,1,3
1016,119,9,798
1016,120,799,1
1016,121,4,12
1016,122,1,9
1016,123,13,6
1016,124,3,792
1016,125,6,2
1016,126,6,11
1016,127,788,11
1016,128,794,791
1016,129,798,3
1016,130,10,5
1016,131,12,7
1016,132,791,795
1016,133,10,6
1016,134,3,796
1016,135,795,7
1016,136,0,799
1016,137,791,799
1016,138,4,799
1016,139,798,796
1016,140,794,797
1016,141,799,3
1016,142,3,789
1016,143,5,10
1016,144,799,10
1016,145,0,6
1016,146,797,795
1016,147,7,799
1016,148,1,796
1016,149,10,9
1016,150,3,798
1016,151,795,793
1016,152,11,9
1016,153,799,9
1016,154,789,9
1016,155,0,7
1016,156,798,793
1016,157,8,13
1016,158,10,7
1016,159,791,6
1016,160,790,7
1016,161,4,7
1016,162,790,9
1016,163,1,11
1016,164,791,2
1016,165,792,0
1016,166,7,789
1016,167,797,0
1016,168,9,793
1016,169,8,11
1016,170,4,795
1016,171,13,8
1016,172,0,791
1016,173,790,11
1016,174,797,7
1016,175,8,7
1016,176,0,12
1016,177,797,6
1016,178,11,1
1016,179,799,799
1016,180,793,3
1016,181,2,12
1016,182,6,797
1016,183,7,793
1016,184,5,796
1016,185,6,5
1016,186,796,796
1016,187,794,795
1016,188,10,3
1016,189,10,11
1016,190,6,0
1016,191,12,1
1016,192,9,796
1016,193,11,0
1016,194,797,4
1016,195,8,792
1016,196,795,4
1016,197,1,799
1016,198,2,797
1016,199,2,13
1016,200,8,12
1016,201,5,789
1016,202,5,9
1016,203,792,2
1016,204,4,11
1016,205,10,12
1016,206,795,2
1016,207,798,0
1016,208,8,3
1016,209,7,2
1016,210,1,793
1016,211,795,796
1016,212,792,4
1016,213,7,6
1016,214,9,13
1016,215,789,4
1016,216,794,793
1016,217,9,794
1016,218,798,8
1016,219,3,0
1016,220,792,6
1016,221,9,2
1016,222,795,794
1016,223,788,8
1016,224,6,1
1016,225,1,797
1016,226,7,5
1016,227,797,8
1016,228,13,7
1016,229,795,792
1016,230,791,9
1016,231,788,9
1016,232,797,796
1016,233,4,9
1016,234,1,795
1016,235,10,0
1016,236,798,6
1016,237,9,792
1016,238,10,2
1016,239,796,791
1016,240,6,792
1016,241,789,2
1016,242,1,10
1016,243,1,7
1016,244,9,797
1016,245,790,796
1016,246,4,798
1016,247,1,4
1016,248,2,798
1016,249,796,6
1016,250,7,798
1016,251,790,2
1016,252,792,794
1016,253,795,795
1016,254,7,794
1016,255,0,5
1016,256,794,6
1016,257,798,4
1016,258,12,9
1016,259,790,1
1016,260,7,3
1016,261,6,8
1016,262,4,6
1016,263,3,791
1016,264,794,4
1016,265,795,797
1016,266,3,795
1016,267,7,7
1016,268,799,795
1016,269,796,792
1016,270,791,796
1016,271,9,6
1016,272,0,11
1016,273,795,1
1016,274,1,5
1016,275,7,1
1016,276,2,799
1016,277,790,5
1016,278,8,789
1016,279,12,11
1016,280,789,6
1016,281,4,0
1016,282,0,797
1016,283,4,10
1016,284,797,794
1016,285,797,799
1016,286,790,8
1016,287,12,13
1016,288,12,8
1016,289,793,792
1016,290,1,0
1016,291,792,796
1016,292,789,5
1016,293,11,2
1016,294,2,790
1016,295,10,10
1016,296,791,10
1016,297,0,793
1016,298,796,797
1016,299,798,798
1016,300,10,1
1016,301,796,1
1016,302,4,789
1016,303,8,799
1016,304,9,791
1016,305,13,1
1016,306,791,0
1016,307,2,791
1016,308,795,0
1016,309,7,11
1016,310,4,13
1016,311,792,1
1016,312,796,7
1016,313,8,10
1016,314,8,793
1016,315,0,2
1016,316,794,8
1016,317,10,4
1016,318,792,798
1016,319,790,3
1016,320,1,794
1016,321,793,799
1016,322,8,790
1016,323,2,789
1016,324,11,13
1016,325,798,1
1016,326,4,791
1016,327,798,794
1016,328,3,794
1016,329,8,794
1016,330,8,795
1016,331,2,795
1016,332,9,11
1016,333,799,794
1016,334,4,797
1016,335,4,793
1016,336,1,6
1016,337,794,792
1016,338,5,6
1016,339,6,795
1016,340,7,795
1016,341,790,10
1016,342,3,790
1016,343,792,795
1016,344,792,791
1016,345,6,798
1016,346,796,799
1016,347,3,3
1016,348,12,5
1016,349,6,6
1016,350,7,791
1016,351,6,4
1016,352,799,791
1016,353,793,797
1016,354,2,796
1016,355,799,6
1016,356,12,12
1016,357,7,792
1016,358,5,2
1016,359,789,10
1016,360,794,0
1016,361,6,794
1016,362,0,792
1016,363,10,13
1016,364,790,792
1016,365,793,796
1016,366,6,12
1016,367,795,3
1016,368,3,5
1016,369,794,799
1016,370,797,9
1016,371,8,796
1016,372,792,8
1016,373,795,6
1016,374,799,8
1016,375,5,795
1016,376,9,8
1016,377,2,792
1016,378,793,795
1016,379,791,3
1016,380,796,0
1016,381,7,4
1016,382,7,9
1016,383,797,2
1016,384,793,793
1016,385,797,798
1016,386,794,7
1016,387,5,797
1016,388,5,793
1016,389,4,4
1016,390,3,11
1016,391,791,798
1016,392,793,798
1016,393,798,795
1016,394,5,798
1016,395,798,2
1016,396,5,12
1016,397,7,10
1016,398,9,3
1016,399,1,789
1016,400,798,791
1016,401,13,2
1016,402,5,799
1016,403,796,3
1016,404,4,8
1016,405,3,797
1016,406,7,13
1016,407,12,6
1016,408,9,1
1016,409,799,4
1016,410,2,793
1016,411,1,8
1016,412,12,4
1016,413,796,795
1016,414,9,799
1016,415,6,799
1016,416,793,0
1016,417,12,10
1016,418,799,797
1016,419,793,1
1016,420,6,793
1016,421,11,6
1016,422,10,794
1016,423,5,794
1016,424,9,789
1016,425,795,9
1016,426,797,797
1016,427,799,2
1016,428,792,9
1016,429,794,1
1016,430,2,10
1016,431,7,796
1016,432,0,4
1016,433,11,8
1016,434,796,2
1016,435,791,797
1016,436,8,9
1016,437,799,792
1016,438,0,9
1016,439,6,791
1016,440,5,8
1016,441,0,10
1016,442,791,5
1016,443,2,794
1016,444,799,796
1016,445,8,0
1016,446,790,0
1016,447,0,794
1016,448,1,13
1016,449,4,790
1016,450,3,9
1016,451,3,793
1016,452,0,1
1016,453,5,13
1016,454,7,8
1016,455,12,3
1016,456,795,791
1016,457,0,798
1016,458,792,7
1016,459,11,7
1016,460,6,796
1016,461,790,793
1016,462,0,13
1016,463,2,11
1016,464,794,9
1016,465,5,0
1016,466,796,5
1016,467,0,3
1016,468,13,9
1016,469,4,792
1016,470,9,790
1016,471,3,7
1016,472,792,792
1016,473,794,5
1016,474,11,11
1016,475,13,4
1016,476,1,1
1016,477,789,1
1016,478,8,2
1016,479,4,5
1016,480,5,4
1016,481,10,8
1016,482,794,2
1016,483,0,0
1016,484,794,798
1016,485,792,799
1016,486,1,12
1016,487,3,8
1016,488,8,797
1016,489,12,0
1016,490,8,6
1016,491,6,13
1016,492,793,791
1016,493,2,7
1016,494,5,791
1016,495,798,5
1016,496,792,3
1016,497,3,10
1016,498,795,10
1016,499,9,12
1017,0,2,0
1017,1,6,10
1017,2,1,789
1017,3,792,794
1017,4,789,2
1017,5,798,792
1017,6,798,797
1017,7,798,799
1017,8,798,7
1017,9,794,793
1017,10,796,794
1017,11,5,3
1017,12,1,791
1017,13,5,790
1017,14,8,791
1017,15,791,792
1017,16,792,797
1017,17,9,9
1017,18,4,3
1017,19,3,13
1017,20,5,1
1017,21,8,4
1017,22,791,8
1017,23,4,13
1017,24,2,9
1017,25,791,1
1017,26,0,796
1017,27,797,1
1017,28,796,9
1017,29,8,793
1017,30,799,793
1017,31,8,8
1017,32,2,2
1017,33,795,0
1017,34,789,5
1017,35,11,3
1017,36,796,798
1017,37,797,5
1017,38,793,6
1017,39,0,8
1017,40,799,0
1017,41,11,4
1017,42,796,0
1017,43,794,796
1017,44,9,5
1017,45,794,3
1017,46,3,799
1017,47,791,7
1017,48,8,5
1017,49,8,792
1017,50,790,7
1017,51,5,792
1017,52,9,799
1017,53,799,7
1017,54,2,5
1017,55,1,792
1017,56,3,12
1017,57,10,5
1017,58,9,12
1017,59,789,7
1017,60,2,8
1017,61,7,0
1017,62,792,793
1017,63,6,790
1017,64,793,794
1017,65,794,794
1017,66,3,1
1017,67,793,0
1017,68,2,6
1017,69,12,2
1017,70,4,794
1017,71,793,2
1017,72,799,798
1017,73,9,7
1017,74,5,5
1017,75,1,798
1017,76,792,792
1017,77,9,3
1017,78,799,5
1017,79,8,1
1017,80,3,4
1017,81,795,799
1017,82,4,1
1017,83,3,6
1017,84,7,12
1017,85,9,10
1017,86,0,7
1017,87,793,8
1017,88,13,2
1017,89,790,4
1017,90,795,798
1017,91,793,5
1017,92,796,4
1017,93,790,797
1017,94,793,4
1017,95,2,4
1017,96,2,3
1017,97,11,5
1017,98,797,9
1017,99,3,2
1017,100,791,5
1017,101,10,13
1017,102,7,797
1017,103,9,795
1017,104,1,2
1017,105,5,7
1017,106,6,3
1017,107,797,3
1017,108,793,7
1017,109,11,0
1017,110,5,11
1017,111,797,791
1017,112,6,9
1017,113,4,2
1017,114,790,6
1017,115,4,796
1017,116,0,791
1017,117,2,1
1017,118,1,3
1017,119,798,8
1017,120,799,1
1017,121,4,12
1017,122,1,9
1017,123,13,6
1017,124,3,792
1017,125,6,2
1017,126,791,791
1017,127,13,7
1017,128,794,791
1017,129,798,3
1017,130,0,0
1017,131,12,7
1017,132,791,795
1017,133,10,6
1017,134,3,796
1017,135,13,10
1017,136,0,799
1017,137,0,798
1017,138,4,799
1017,139,798,796
1017,140,794,797
1017,141,799,3
1017,142,3,789
1017,143,5,10
1017,144,799,10
1017,145,0,6
1017,146,797,795
1017,147,7,799
1017,148,1,796
1017,149,795,792
1017,150,3,798
1017,151,795,793
1017,152,11,9
1017,153,795,9
1017,154,789,9
1017,155,12,10
1017,156,796,8
1017,157,7,790
1017,158,10,7
1017,159,791,6
1017,160,797,793
1017,161,4,7
1017,162,12,9
1017,163,1,11
1017,164,791,2
1017,165,4,791
1017,166,792,799
1017,167,797,0
1017,168,791,4
1017,169,8,11
1017,170,4,795
1017,171,13,8
1017,172,10,789
1017,173,790,11
1017,174,797,7
1017,175,0,1
1017,176,791,790
1017,177,789,1
1017,178,11,1
1017,179,799,799
1017,180,793,3
1017,181,789,3
1017,182,791,794
1017,183,7,793
1017,184,5,796
1017,185,6,5
1017,186,796,796
1017,187,794,795
1017,188,10,0
1017,189,10,11
1017,190,790,793
1017,191,11,10
1017,192,9,796
1017,193,4,790
1017,194,797,4
1017,195,7,795
1017,196,795,4
1017,197,1,799
1017,198,2,797
1017,199,9,798
1017,200,8,12
1017,201,5,789
1017,202,5,9
1017,203,795,5
1017,204,4,11
1017,205,10,12
1017,206,795,2
1017,207,798,0
1017,208,8,3
1017,209,7,2
1017,210,1,793
1017,211,795,796
1017,212,792,4
1017,213,7,6
1017,214,9,13
1017,215,789,4
1017,216,795,8
1017,217,9,794
1017,218,793,797
1017,219,3,0
1017,220,792,6
1017,221,9,2
1017,222,795,794
1017,223,788,8
1017,224,6,1
1017,225,1,797
1017,226,7,5
1017,227,797,8
1017,228,792,3
1017,229,792,0
1017,230,791,9
1017,231,795,791
1017,232,797,796
1017,233,4,9
1017,234,790,799
1017,235,5,795
1017,236,798,6
1017,237,9,791
1017,238,10,2
1017,239,797,6
1017,240,6,792
1017,241,13,1
1017,242,1,10
1017,243,1,7
1017,244,9,797
1017,245,790,790
1017,246,4,798
1017,247,1,4
1017,248,2,798
1017,249,796,6
1017,250,7,792
1017,251,796,7
1017,252,3,794
1017,253,795,795
1017,254,10,3
1017,255,0,5
1017,256,794,6
1017,257,798,4
1017,258,6,0
1017,259,790,1
1017,260,7,3
1017,261,6,8
1017,262,4,6
1017,263,0,11
1017,264,794,4
1017,265,795,797
1017,266,3,795
1017,267,7,7
1017,268,799,795
1017,269,12,1
1017,270,791,796
1017,271,9,6
1017,272,3,791
1017,273,795,1
1017,274,1,5
1017,275,7,1
1017,276,2,799
1017,277,6,4
1017,278,6,797
1017,279,11,12
1017,280,789,6
1017,281,4,0
1017,282,0,797
1017,283,4,10
1017,284,797,794
1017,285,797,799
1017,286,790,8
1017,287,12,13
1017,288,12,8
1017,289,9,790
1017,290,1,0
1017,291,792,796
1017,292,2,13
1017,293,11,2
1017,294,2,790
1017,295,10,10
1017,296,790,798
1017,297,0,793
1017,298,796,797
1017,299,798,798
1017,300,10,1
1017,301,796,1
1017,302,4,789
1017,303,8,799
1017,304,796,793
1017,305,792,798
1017,306,791,0
1017,307,2,791
1017,308,790,795
1017,309,7,11
1017,310,6,13
1017,311,792,1
1017,312,0,12
1017,313,8,10
1017,314,7,789
1017,315,0,2
1017,316,794,8
1017,317,10,4
1017,318,798,9
1017,319,790,3
1017,320,1,794
1017,321,793,799
1017,322,9,0
1017,323,2,789
1017,324,8,798
1017,325,798,1
1017,326,793,9
1017,327,798,794
1017,328,0,10
1017,329,1,14
1017,330,8,795
1017,331,2,795
1017,332,9,11
1017,333,799,794
1017,334,4,797
1017,335,4,793
1017,336,1,6
1017,337,794,792
1017,338,5,6
1017,339,6,795
1017,340,795,7
1017,341,790,10
1017,342,3,790
1017,343,792,2
1017,344,792,791
1017,345,6,798
1017,346,796,799
1017,347,3,3
1017,348,12,5
1017,349,6,6
1017,350,7,791
1017,351,790,791
1017,352,799,791
1017,353,799,9
1017,354,2,796
1017,355,799,6
1017,356,12,12
1017,357,791,798
1017,358,5,2
1017,359,798,793
1017,360,791,799
1017,361,6,794
1017,362,0,792
1017,363,6,789
1017,364,790,5
1017,365,793,796
1017,366,6,12
1017,367,795,3
1017,368,3,5
1017,369,794,799
1017,370,9,792
1017,371,0,789
1017,372,6,7
1017,373,795,6
1017,374,11,13
1017,375,6,11
1017,376,9,8
1017,377,2,792
1017,378,793,795
1017,379,791,3
1017,380,791,797
1017,381,7,4
1017,382,7,9
1017,383,797,2
1017,384,793,793
1017,385,797,798
1017,386,794,7
1017,387,5,797
1017,388,5,793
1017,389,4,4
1017,390,3,11
1017,391,793,792
1017,392,793,798
1017,393,798,795
1017,394,5,798
1017,395,798,2
1017,396,5,12
1017,397,7,10
1017,398,8,7
1017,399,0,13
1017,400,798,791
1017,401,789,0
1017,402,0,795
1017,403,796,3
1017,404,4,8
1017,405,3,797
1017,406,7,13
1017,407,12,6
1017,408,9,1
1017,409,799,4
1017,410,2,793
1017,411,1,8
1017,412,12,4
1017,413,796,795
1017,414,796,791
1017,415,6,799
1017,416,797,792
1017,417,2,12
1017,418,799,797
1017,419,793,1
1017,420,6,793
1017,421,11,6
1017,422,10,794
1017,423,5,794
1017,424,8,789
1017,425,790,792
1017,426,797,797
1017,427,799,2
1017,428,790,794
1017,429,794,1
1017,430,2,10
1017,431,7,796
1017,432,0,4
1017,433,11,8
1017,434,796,2
1017,435,792,8
1017,436,8,9
1017,437,799,792
1017,438,0,9
1017,439,6,791
1017,440,5,8
1017,441,799,8
1017,442,790,796
1017,443,2,794
1017,444,799,796
1017,445,8,0
1017,446,790,0
1017,447,0,794
1017,448,1,13
1017,449,12,11
1017,450,3,9
1017,451,3,793
1017,452,790,2
1017,453,5,13
1017,454,7,8
1017,455,12,3
1017,456,8,13
1017,457,796,792
1017,458,792,7
1017,459,11,7
1017,460,6,796
1017,461,792,795
1017,462,792,9
1017,463,2,11
1017,464,8,794
1017,465,5,0
1017,466,796,5
1017,467,790,9
1017,468,13,9
1017,469,4,792
1017,470,793,791
1017,471,3,7
1017,472,13,12
1017,473,794,5
1017,474,11,11
1017,475,794,9
1017,476,1,1
1017,477,10,9
1017,478,8,2
1017,479,4,5
1017,480,5,4
1017,481,10,8
1017,482,794,2
1017,483,791,793
1017,484,794,798
1017,485,792,5
1017,486,1,12
1017,487,3,8
1017,488,8,797
1017,489,12,0
1017,490,8,6
1017,491,1,790
1017,492,7,794
1017,493,2,7
1017,494,5,791
1017,495,798,5
1017,496,794,0
1017,497,3,10
1017,498,9,793
1017,499,9,4
1018,0,2,0
1018,1,6,10
1018,2,5,795
1018,3,792,794
1018,4,789,2
1018,5,796,10
1018,6,798,797
1018,7,798,799
1018,8,798,7
1018,9,5,799
1018,10,796,794
1018,11,5,3
1018,12,1,791
1018,13,5,790
1018,14,8,791
1018,15,789,1
1018,16,792,797
1018,17,9,9
1018,18,4,3
1018,19,0,7
1018,20,5,1
1018,21,7,791
1018,22,791,5
1018,23,0,792
1018,24,2,9
1018,25,791,1
1018,26,0,796
1018,27,797,1
1018,28,4,13
1018,29,4,9
1018,30,799,793
1018,31,8,8
1018,32,2,2
1018,33,794,793
1018,34,789,5
1018,35,11,3
1018,36,796,798
1018,37,797,5
1018,38,793,6
1018,39,790,9
1018,40,799,0
1018,41,11,4
1018,42,792,791
1018,43,794,796
1018,44,9,5
1018,45,794,3
1018,46,3,799
1018,47,11,9
1018,48,8,5
1018,49,8,792
1018,50,790,7
1018,51,6,797
1018,52,9,799
1018,53,799,7
1018,54,2,5
1018,55,1,792
1018,56,3,12
1018,57,10,5
1018,58,9,12
1018,59,791,2
1018,60,2,8
1018,61,5,797
1018,62,792,793
1018,63,9,8
1018,64,793,794
1018,65,794,794
1018,66,3,1
1018,67,793,0
1018,68,2,6
1018,69,0,798
1018,70,4,794
1018,71,13,2
1018,72,799,798
1018,73,9,7
1018,74,5,5
1018,75,1,798
1018,76,9,793
1018,77,9,3
1018,78,792,796
1018,79,8,1
1018,80,3,4
1018,81,795,799
1018,82,4,1
1018,83,3,6
1018,84,7,12
1018,85,9,10
1018,86,796,9
1018,87,791,7
1018,88,12,2
1018,89,790,4
1018,90,795,798
1018,91,793,5
1018,92,796,4
1018,93,790,797
1018,94,793,4
1018,95,2,4
1018,96,2,3
1018,97,7,8
1018,98,797,9
1018,99,3,2
1018,100,799,9
1018,101,1,799
1018,102,9,1
1018,103,788,0
1018,104,1,2
1018,105,5,7
1018,106,6,3
1018,107,797,3
1018,108,792,0
1018,109,11,0
1018,110,5,11
1018,111,795,9
1018,112,6,9
1018,113,4,2
1018,114,797,10
1018,115,4,796
1018,116,0,791
1018,117,2,1
1018,118,1,3
1018,119,798,8
1018,120,799,1
1018,121,4,12
1018,122,1,9
1018,123,13,1
1018,124,3,792
1018,125,4,0
1018,126,9,796
1018,127,791,8
1018,128,791,791
1018,129,798,3
1018,130,0,0
1018,131,799,5
1018,132,791,795
1018,133,10,6
1018,134,3,796
1018,135,798,0
1018,136,0,799
1018,137,799,792
1018,138,4,799
1018,139,798,796
1018,140,794,797
1018,141,799,3
1018,142,6,792
1018,143,5,10
1018,144,1,797
1018,145,793,797
1018,146,797,795
1018,147,7,799
1018,148,1,796
1018,149,795,792
1018,150,3,798
1018,151,795,793
1018,152,0,4
1018,153,0,12
1018,154,789,9
1018,155,12,10
1018,156,796,8
1018,157,7,790
1018,158,6,790
1018,159,791,4
1018,160,797,793
1018,161,4,7
1018,162,12,9
1018,163,1,11
1018,164,12,4
1018,165,4,791
1018,166,792,799
1018,167,797,0
1018,168,13,5
1018,169,8,11
1018,170,4,795
1018,171,3,789
1018,172,12,7
1018,173,791,10
1018,174,795,0
1018,175,0,1
1018,176,791,790
1018,177,0,790
1018,178,11,1
1018,179,799,799
1018,180,793,3
1018,181,789,3
1018,182,794,10
1018,183,7,793
1018,184,5,796
1018,185,6,5
1018,186,796,796
1018,187,794,795
1018,188,2,12
1018,189,10,11
1018,190,3,791
1018,191,11,10
1018,192,0,795
1018,193,10,0
1018,194,797,4
1018,195,7,795
1018,196,795,4
1018,197,791,797
1018,198,2,797
1018,199,8,790
1018,200,6,789
1018,201,8,796
1018,202,5,9
1018,203,795,5
1018,204,4,11
1018,205,10,12
1018,206,795,2
1018,207,0,793
1018,208,8,3
1018,209,7,2
1018,210,1,793
1018,211,795,796
1018,212,791,799
1018,213,7,6
1018,214,791,792
1018,215,789,4
1018,216,793,10
1018,217,9,794
1018,218,789,10
1018,219,3,0
1018,220,792,6
1018,221,9,2
1018,222,795,794
1018,223,788,8
1018,224,6,1
1018,225,0,13
1018,226,7,5
1018,227,797,8
1018,228,792,3
1018,229,794,792
1018,230,791,9
1018,231,789,7
1018,232,797,796
1018,233,7,0
1018,234,790,799
1018,235,13,3
1018,236,798,6
1018,237,790,2
1018,238,10,2
1018,239,797,6
1018,240,4,792
1018,241,10,7
1018,242,1,10
1018,243,1,7
1018,244,0,3
1018,245,790,790
1018,246,4,798
1018,247,1,4
1018,248,2,798
1018,249,796,6
1018,250,7,792
1018,251,796,0
1018,252,3,794
1018,253,795,795
1018,254,10,3
1018,255,0,5
1018,256,794,6
1018,257,798,4
1018,258,6,0
1018,259,790,1
1018,260,7,3
1018,261,6,8
1018,262,4,6
1018,263,0,11
1018,264,794,4
1018,265,795,797
1018,266,3,795
1018,267,7,7
1018,268,799,795
1018,269,12,1
1018,270,12,5
1018,271,9,6
1018,272,1,12
1018,273,795,1
1018,274,1,5
1018,275,4,789
1018,276,2,799
1018,277,6,4
1018,278,791,793
1018,279,9,797
1018,280,789,6
1018,281,2,789
1018,282,0,797
1018,283,4,10
1018,284,797,794
1018,285,797,799
1018,286,12,13
1018,287,9,798
1018,288,12,8
1018,289,9,790
1018,290,1,0
1018,291,0,14
1018,292,2,13
1018,293,11,2
1018,294,2,790
1018,295,10,10
1018,296,790,8
1018,297,790,5
1018,298,796,797
1018,299,798,798
1018,300,8,4
1018,301,796,1
1018,302,9,791
1018,303,8,799
1018,304,7,798
1018,305,0,8
1018,306,791,0
1018,307,2,791
1018,308,790,795
1018,309,7,11
1018,310,5,789
1018,311,792,1
1018,312,789,0
1018,313,8,10
1018,314,790,791
1018,315,0,2
1018,316,793,7
1018,317,10,4
1018,318,798,9
1018,319,792,4
1018,320,1,794
1018,321,793,799
1018,322,9,0
1018,323,0,794
1018,324,8,798
1018,325,798,1
1018,326,793,9
1018,327,798,794
1018,328,0,10
1018,329,1,14
1018,330,13,0
1018,331,2,795
1018,332,9,11
1018,333,799,794
1018,334,4,797
1018,335,795,791
1018,336,1,6
1018,337,794,8
1018,338,5,6
1018,339,6,795
1018,340,13,8
1018,341,795,10
1018,342,1,789
1018,343,792,2
1018,344,790,10
1018,345,6,798
1018,346,796,799
1018,347,3,3
1018,348,792,10
1018,349,0,6
1018,350,792,792
1018,351,12,6
1018,352,799,791
1018,353,795,7
1018,354,2,796
1018,355,799,6
1018,356,12,12
1018,357,798,792
1018,358,5,2
1018,359,798,793
1018,360,791,6
1018,361,6,794
1018,362,797,792
1018,363,6,791
1018,364,1,8
1018,365,793,796
1018,366,13,13
1018,367,795,3
1018,368,3,5
1018,369,794,799
1018,370,9,792
1018,371,0,789
1018,372,6,7
1018,373,795,6
1018,374,791,794
1018,375,6,2
1018,376,796,7
1018,377,2,792
1018,378,793,795
1018,379,791,3
1018,380,790,3
1018,381,7,4
1018,382,7,9
1018,383,797,2
1018,384,793,793
1018,385,797,798
1018,386,794,7
1018,387,792,795
1018,388,5,793
1018,389,4,4
1018,390,3,11
1018,391,793,792
1018,392,793,798
1018,393,798,795
1018,394,1,795
1018,395,798,2
1018,396,5,12
1018,397,7,10
1018,398,8,7
1018,399,790,793
1018,400,798,791
1018,401,792,798
1018,402,791,796
1018,403,796,3
1018,404,4,8
1018,405,3,797
1018,406,7,13
1018,407,12,0
1018,408,3,7
1018,409,799,4
1018,410,2,793
1018,411,8,797
1018,412,792,9
1018,413,796,795
1018,414,796,791
1018,415,6,799
1018,416,790,6
1018,417,788,1
1018,418,799,797
1018,419,793,1
1018,420,6,793
1018,421,11,6
1018,422,6,11
1018,423,5,794
1018,424,7,797
1018,425,790,792
1018,426,797,797
1018,427,799,2
1018,428,789,8
1018,429,794,1
1018,430,2,10
1018,431,7,796
1018,432,798,10
1018,433,11,8
1018,434,796,2
1018,435,792,8
1018,436,8,9
1018,437,4,790
1018,438,793,2
1018,439,7,794
1018,440,5,8
1018,441,799,8
1018,442,790,796
1018,443,2,794
1018,444,799,796
1018,445,797,7
1018,446,790,0
1018,447,8,795
1018,448,1,13
1018,449,12,11
1018,450,3,9
1018,451,3,793
1018,452,791,798
1018,453,5,13
1018,454,7,1
1018,455,12,3
1018,456,4,793
1018,457,796,792
1018,458,792,7
1018,459,11,7
1018,460,6,796
1018,461,3,790
1018,462,5,798
1018,463,2,11
1018,464,13,7
1018,465,8,794
1018,466,796,5
1018,467,6,12
1018,468,13,9
1018,469,9,795
1018,470,8,793
1018,471,6,6
1018,472,5,792
1018,473,794,5
1018,474,11,11
1018,475,794,9
1018,476,1,1
1018,477,10,9
1018,478,8,2
1018,479,4,5
1018,480,5,4
1018,481,10,8
1018,482,794,2
1018,483,796,793
1018,484,794,798
1018,485,792,5
1018,486,8,0
1018,487,3,8
1018,488,5,0
1018,489,3,13
1018,490,8,6
1018,491,1,790
1018,492,10,1
1018,493,2,7
1018,494,5,791
1018,495,798,5
1018,496,794,0
1018,497,3,10
1018,498,799,10
1018,499,9,4
1019,0,6,797
1019,1,6,10
1019,2,5,795
1019,3,792,794
1019,4,790,796
1019,5,796,10
1019,6,798,797
1019,7,798,799
1019,8,798,7
1019,9,5,799
1019,10,796,794
1019,11,5,3
1019,12,1,791
1019,13,5,790
1019,14,8,791
1019,15,789,1
1019,16,792,797
1019,17,7,0
1019,18,4,3
1019,19,0,7
1019,20,5,1
1019,21,11,0
1019,22,791,5
1019,23,790,11
1019,24,2,9
1019,25,791,1
1019,26,0,796
1019,27,797,1
1019,28,4,13
1019,29,4,9
1019,30,799,793
1019,31,8,794
1019,32,2,2
1019,33,794,793
1019,34,789,5
1019,35,11,3
1019,36,796,798
1019,37,797,5
1019,38,793,6
1019,39,6,11
1019,40,799,0
1019,41,8,789
1019,42,792,791
1019,43,794,796
1019,44,9,5
1019,45,794,3
1019,46,0,798
1019,47,11,9
1019,48,8,5
1019,49,8,792
1019,50,790,7
1019,51,3,799
1019,52,791,798
1019,53,799,7
1019,54,2,5
1019,55,1,792
1019,56,3,12
1019,57,10,5
1019,58,9,12
1019,59,11,12
1019,60,2,8
1019,61,11,11
1019,62,792,793
1019,63,9,8
1019,64,793,794
1019,65,794,794
1019,66,3,1
1019,67,6,12
1019,68,2,0
1019,69,792,1
1019,70,4,794
1019,71,792,0
1019,72,799,798
1019,73,9,7
1019,74,5,5
1019,75,1,798
1019,76,9,0
1019,77,9,3
1019,78,792,796
1019,79,5,7
1019,80,3,4
1019,81,795,799
1019,82,4,1
1019,83,3,6
1019,84,7,12
1019,85,9,10
1019,86,11,7
1019,87,791,0
1019,88,0,11
1019,89,790,4
1019,90,795,798
1019,91,793,5
1019,92,796,4
1019,93,1,790
1019,94,793,4
1019,95,2,4
1019,96,2,3
1019,97,7,8
1019,98,794,9
1019,99,3,2
1019,100,799,9
1019,101,1,799
1019,102,9,1
1019,103,788,0
1019,104,1,2
1019,105,6,0
1019,106,6,3
1019,107,796,0
1019,108,790,790
1019,109,792,9
1019,110,5,11
1019,111,792,3
1019,112,6,9
1019,113,1,4
1019,114,797,10
1019,115,4,796
1019,116,792,799
1019,117,2,1
1019,118,1,3
1019,119,798,8
1019,120,799,1
1019,121,0,9
1019,122,1,9
1019,123,12,10
1019,124,3,792
1019,125,794,792
1019,126,9,796
1019,127,10,7
1019,128,791,791
1019,129,798,3
1019,130,790,795
1019,131,799,5
1019,132,791,795
1019,133,10,6
1019,134,3,796
1019,135,798,0
1019,136,0,799
1019,137,4,791
1019,138,4,799
1019,139,798,796
1019,140,794,797
1019,141,799,3
1019,142,6,792
1019,143,5,10
1019,144,794,0
1019,145,793,797
1019,146,797,795
1019,147,8,0
1019,148,1,796
1019,149,795,792
1019,150,3,798
1019,151,795,793
1019,152,7,794
1019,153,797,0
1019,154,789,9
1019,155,3,795
1019,156,796,8
1019,157,7,790
1019,158,8,2
1019,159,791,4
1019,160,792,795
1019,161,4,7
1019,162,11,5
1019,163,1,11
1019,164,792,10
1019,165,2,12
1019,166,7,799
1019,167,794,791
1019,168,788,9
1019,169,10,0
1019,170,4,795
1019,171,794,8
1019,172,12,7
1019,173,791,10
1019,174,796,793
1019,175,0,1
1019,176,791,7
1019,177,0,790
1019,178,11,1
1019,179,799,799
1019,180,793,3
1019,181,789,2
1019,182,794,10
1019,183,7,793
1019,184,5,796
1019,185,6,5
1019,186,796,796
1019,187,794,795
1019,188,4,11
1019,189,9,9
1019,190,5,0
1019,191,11,10
1019,192,2,13
1019,193,788,6
1019,194,797,4
1019,195,7,795
1019,196,795,4
1019,197,10,792
1019,198,2,797
1019,199,8,790
1019,200,6,789
1019,201,8,796
1019,202,5,9
1019,203,795,5
1019,204,3,5
1019,205,5,797
1019,206,795,2
1019,207,791,11
1019,208,8,3
1019,209,7,2
1019,210,1,793
1019,211,795,796
1019,212,791,799
1019,213,7,6
1019,214,791,792
1019,215,789,4
1019,216,793,10
1019,217,8,795
1019,218,797,9
1019,219,8,10
1019,220,792,6
1019,221,0,0
1019,222,795,794
1019,223,3,0
1019,224,6,1
1019,225,0,13
1019,226,7,5
1019,227,793,8
1019,228,2,789
1019,229,791,8
1019,230,791,9
1019,231,789,7
1019,232,797,796
1019,233,10,793
1019,234,799,791
1019,235,788,5
1019,236,798,6
1019,237,797,7
1019,238,10,2
1019,239,797,6
1019,240,4,792
1019,241,0,795
1019,242,1,10
1019,243,1,7
1019,244,0,4
1019,245,0,789
1019,246,4,798
1019,247,0,3
1019,248,2,798
1019,249,796,6
1019,250,7,792
1019,251,793,11
1019,252,3,794
1019,253,795,795
1019,254,10,3
1019,255,794,5
1019,256,794,6
1019,257,798,4
1019,258,10,794
1019,259,790,1
1019,260,7,3
1019,261,6,8
1019,262,4,6
1019,263,789,3
1019,264,794,4
1019,265,795,797
1019,266,9,2
1019,267,7,7
1019,268,799,795
1019,269,796,9
1019,270,791,790
1019,271,9,6
1019,272,1,12
1019,273,795,1
1019,274,1,5
1019,275,6,790
1019,276,2,799
1019,277,793,9
1019,278,791,793
1019,279,9,795
1019,280,4,2
1019,281,796,792
1019,282,0,797
1019,283,4,10
1019,284,797,794
1019,285,797,799
1019,286,12,13
1019,287,794,11
1019,288,12,8
1019,289,9,790
1019,290,6,793
1019,291,0,14
1019,292,9,799
1019,293,788,11
1019,294,2,790
1019,295,10,10
1019,296,792,11
1019,297,790,2
1019,298,796,797
1019,299,798,798
1019,300,8,4
1019,301,796,1
1019,302,9,791
1019,303,8,799
1019,304,7,798
1019,305,0,8
1019,306,3,791
1019,307,2,791
1019,308,792,790
1019,309,7,11
1019,310,798,792
1019,311,793,0
1019,312,789,0
1019,313,0,10
1019,314,790,791
1019,315,0,2
1019,316,793,2
1019,317,10,4
1019,318,798,9
1019,319,792,4
1019,320,1,794
1019,321,793,799
1019,322,1,797
1019,323,790,8
1019,324,8,798
1019,325,798,1
1019,326,8,11
1019,327,798,794
1019,328,797,3
1019,329,797,792
1019,330,7,797
1019,331,2,795
1019,332,9,11
1019,333,799,794
1019,334,4,797
1019,335,795,791
1019,336,1,6
1019,337,795,0
1019,338,5,6
1019,339,6,795
1019,340,13,8
1019,341,791,796
1019,342,1,789
1019,343,792,2
1019,344,796,7
1019,345,6,798
1019,346,796,799
1019,347,3,3
1019,348,7,789
1019,349,0,6
1019,350,792,792
1019,351,10,12
1019,352,797,791
1019,353,795,7
1019,354,2,796
1019,355,799,6
1019,356,12,12
1019,357,2,6
1019,358,5,2
1019,359,798,793
1019,360,791,6
1019,361,790,799
1019,362,7,791
1019,363,6,791
1019,364,1,8
1019,365,793,796
1019,366,788,2
1019,367,795,3
1019,368,4,0
1019,369,794,799
1019,370,9,798
1019,371,791,797
1019,372,6,7
1019,373,795,6
1019,374,791,794
1019,375,6,2
1019,376,10,11
1019,377,2,792
1019,378,793,795
1019,379,791,3
1019,380,790,3
1019,381,7,4
1019,382,7,9
1019,383,797,2
1019,384,793,793
1019,385,797,798
1019,386,794,7
1019,387,9,794
1019,388,5,793
1019,389,4,4
1019,390,3,11
1019,391,793,792
1019,392,793,798
1019,393,798,795
1019,394,1,795
1019,395,798,2
1019,396,5,12
1019,397,7,10
1019,398,8,7
1019,399,4,789
1019,400,798,791
1019,401,788,8
1019,402,2,793
1019,403,796,3
1019,404,795,8
1019,405,12,2
1019,406,8,1
1019,407,12,0
1019,408,3,7
1019,409,799,4
1019,410,5,798
1019,411,8,797
1019,412,9,792
1019,413,796,795
1019,414,796,791
1019,415,6,799
1019,416,790,6
1019,417,791,2
1019,418,799,797
1019,419,793,1
1019,420,0,793
1019,421,11,6
1019,422,10,791
1019,423,5,794
1019,424,0,12
1019,425,792,798
1019,426,797,797
1019,427,799,2
1019,428,789,8
1019,429,794,1
1019,430,2,10
1019,431,7,796
1019,432,798,10
1019,433,11,8
1019,434,796,2
1019,435,792,8
1019,436,8,9
1019,437,4,790
1019,438,12,4
1019,439,6,794
1019,440,5,8
1019,441,799,8
1019,442,793,791
1019,443,2,794
1019,444,799,796
1019,445,4,12
1019,446,0,794
1019,447,0,792
1019,448,788,7
1019,449,790,10
1019,450,3,9
1019,451,3,793
1019,452,11,2
1019,453,3,789
1019,454,7,1
1019,455,790,792
1019,456,8,8
1019,457,790,798
1019,458,792,7
1019,459,1,0
1019,460,6,796
1019,461,3,790
1019,462,11,4
1019,463,2,11
1019,464,790,793
1019,465,0,5
1019,466,796,5
1019,467,9,789
1019,468,0,791
1019,469,8,793
1019,470,793,7
1019,471,6,6
1019,472,5,792
1019,473,790,797
1019,474,790,9
1019,475,3,797
1019,476,1,1
1019,477,10,9
1019,478,6,4
1019,479,4,5
1019,480,5,4
1019,481,10,8
1019,482,794,2
1019,483,4,8
1019,484,794,798
1019,485,792,5
1019,486,9,797
1019,487,3,8
1019,488,9,793
1019,489,4,793
1019,490,8,6
1019,491,8,12
1019,492,10,1
1019,493,2,7
1019,494,5,791
1019,495,798,5
1019,496,793,790
1019,497,3,10
1019,498,799,10
1019,499,9,4
1020,0,7,12
1020,1,6,10
1020,2,5,795
1020,3,12,9
1020,4,790,796
1020,5,795,7
1020,6,798,797
1020,7,798,799
1020,8,798,7
1020,9,5,799
1020,10,796,794
1020,11,5,3
1020,12,1,791
1020,13,8,794
1020,14,8,791
1020,15,790,0
1020,16,8,2
1020,17,7,0
1020,18,4,3
1020,19,791,796
1020,20,5,1
1020,21,6,790
1020,22,794,0
1020,23,8,798
1020,24,2,9
1020,25,791,1
1020,26,0,796
1020,27,797,1
1020,28,795,791
1020,29,0,7
1020,30,799,793
1020,31,3,4
1020,32,2,2
1020,33,799,10
1020,34,0,795
1020,35,11,3
1020,36,796,798
1020,37,797,5
1020,38,793,6
1020,39,6,11
1020,40,798,9
1020,41,0,790
1020,42,792,1
1020,43,794,796
1020,44,9,5
1020,45,794,3
1020,46,797,9
1020,47,11,9
1020,48,8,5
1020,49,8,792
1020,50,790,7
1020,51,3,799
1020,52,3,13
1020,53,797,791
1020,54,2,5
1020,55,792,791
1020,56,3,12
1020,57,12,4
1020,58,791,795
1020,59,790,794
1020,60,2,8
1020,61,11,11
1020,62,792,793
1020,63,9,8
1020,64,793,794
1020,65,794,794
1020,66,3,1
1020,67,6,12
1020,68,5,789
1020,69,12,1
1020,70,4,794
1020,71,7,794
1020,72,799,798
1020,73,9,7
1020,74,5,5
1020,75,1,798
1020,76,9,791
1020,77,9,3
1020,78,790,8
1020,79,5,7
1020,80,5,790
1020,81,795,799
1020,82,4,1
1020,83,3,6
1020,84,4,789
1020,85,9,10
1020,86,11,7
1020,87,799,792
1020,88,795,6
1020,89,790,4
1020,90,795,798
1020,91,793,5
1020,92,796,4
1020,93,0,792
1020,94,793,4
1020,95,2,4
1020,96,2,3
1020,97,7,8
1020,98,794,9
1020,99,3,2
1020,100,799,9
1020,101,1,799
1020,102,9,1
1020,103,8,12
1020,104,1,2
1020,105,6,0
1020,106,0,3
1020,107,796,0
1020,108,794,793
1020,109,12,11
1020,110,5,11
1020,111,792,3
1020,112,0,0
1020,113,1,4
1020,114,3,797
1020,115,4,796
1020,116,6,789
1020,117,2,1
1020,118,1,3
1020,119,12,7
1020,120,799,1
1020,121,10,789
1020,122,1,9
1020,123,7,13
1020,124,3,792
1020,125,788,1
1020,126,9,796
1020,127,10,7
1020,128,791,791
1020,129,798,3
1020,130,8,797
1020,131,799,5
1020,132,12,6
1020,133,10,6
1020,134,3,796
1020,135,6,792
1020,136,10,11
1020,137,4,791
1020,138,4,799
1020,139,798,796
1020,140,794,797
1020,141,799,3
1020,142,789,6
1020,143,0,11
1020,144,1,13
1020,145,9,12
1020,146,797,795
1020,147,8,0
1020,148,1,796
1020,149,0,10
1020,150,3,798
1020,151,2,0
1020,152,11,12
1020,153,9,790
1020,154,789,9
1020,155,4,10
1020,156,794,1
1020,157,789,3
1020,158,791,798
1020,159,791,4
1020,160,796,9
1020,161,4,7
1020,162,11,5
1020,163,1,11
1020,164,792,10
1020,165,2,12
1020,166,7,799
1020,167,792,0
1020,168,791,794
1020,169,10,0
1020,170,4,795
1020,171,794,8
1020,172,797,793
1020,173,797,8
1020,174,796,793
1020,175,0,1
1020,176,796,791
1020,177,789,5
1020,178,11,1
1020,179,799,799
1020,180,791,793
1020,181,789,2
1020,182,794,10
1020,183,7,793
1020,184,5,796
1020,185,6,5
1020,186,796,796
1020,187,794,795
1020,188,4,11
1020,189,9,9
1020,190,10,799
1020,191,11,10
1020,192,7,797
1020,193,793,3
1020,194,797,4
1020,195,7,795
1020,196,795,4
1020,197,10,792
1020,198,2,797
1020,199,10,795
1020,200,8,790
1020,201,6,798
1020,202,3,0
1020,203,795,5
1020,204,3,5
1020,205,7,2
1020,206,795,2
1020,207,791,792
1020,208,8,3
1020,209,2,6
1020,210,1,793
1020,211,795,796
1020,212,791,799
1020,213,7,6
1020,214,10,796
1020,215,795,9
1020,216,793,10
1020,217,8,795
1020,218,792,799
1020,219,8,10
1020,220,792,6
1020,221,4,0
1020,222,795,794
1020,223,789,10
1020,224,6,1
1020,225,0,13
1020,226,7,5
1020,227,793,8
1020,228,2,789
1020,229,799,7
1020,230,791,9
1020,231,789,7
1020,232,797,796
1020,233,10,793
1020,234,7,796
1020,235,792,796
1020,236,798,6
1020,237,797,7
1020,238,10,2
1020,239,797,6
1020,240,4,792
1020,241,798,0
1020,242,1,10
1020,243,1,7
1020,244,11,4
1020,245,0,789
1020,246,4,798
1020,247,788,0
1020,248,2,798
1020,249,796,6
1020,250,7,792
1020,251,793,11
1020,252,3,794
1020,253,795,795
1020,254,0,4
1020,255,794,5
1020,256,797,0
1020,257,798,4
1020,258,10,794
1020,259,790,1
1020,260,7,3
1020,261,6,8
1020,262,4,6
1020,263,8,789
1020,264,794,4
1020,265,795,797
1020,266,9,2
1020,267,7,7
1020,268,799,795
1020,269,8,8
1020,270,11,0
1020,271,9,6
1020,272,0,8
1020,273,795,1
1020,274,1,5
1020,275,797,10
1020,276,2,799
1020,277,5,10
1020,278,2,790
1020,279,9,795
1020,280,4,2
1020,281,796,792
1020,282,0,797
1020,283,0,799
1020,284,797,794
1020,285,797,799
1020,286,1,792
1020,287,798,791
1020,288,12,8
1020,289,789,1
1020,290,6,793
1020,291,0,14
1020,292,9,799
1020,293,5,792
1020,294,0,791
1020,295,10,10
1020,296,12,10
1020,297,1,12
1020,298,796,797
1020,299,798,798
1020,300,8,4
1020,301,796,1
1020,302,7,790
1020,303,8,799
1020,304,7,798
1020,305,2,13
1020,306,3,791
1020,307,2,791
1020,308,792,792
1020,309,7,11
1020,310,2,11
1020,311,793,0
1020,312,12,2
1020,313,789,4
1020,314,790,791
1020,315,0,2
1020,316,793,2
1020,317,10,4
1020,318,795,792
1020,319,792,4
1020,320,1,794
1020,321,793,799
1020,322,1,797
1020,323,12,5
1020,324,796,10
1020,325,798,1
1020,326,8,11
1020,327,798,794
1020,328,0,5
1020,329,797,792
1020,330,6,13
1020,331,2,795
1020,332,9,11
1020,333,799,794
1020,334,4,797
1020,335,3,795
1020,336,1,6
1020,337,793,797
1020,338,5,6
1020,339,6,795
1020,340,13,8
1020,341,1,790
1020,342,794,792
1020,343,792,2
1020,344,796,7
1020,345,6,797
1020,346,796,799
1020,347,3,3
1020,348,1,789
1020,349,0,6
1020,350,10,797
1020,351,10,798
1020,352,794,791
1020,353,792,794
1020,354,2,796
1020,355,799,6
1020,356,12,12
1020,357,9,798
1020,358,5,2
1020,359,798,793
1020,360,791,6
1020,361,790,799
1020,362,0,793
1020,363,6,791
1020,364,1,8
1020,365,793,796
1020,366,798,8
1020,367,795,3
1020,368,8,796
1020,369,794,799
1020,370,5,9
1020,371,791,797
1020,372,6,7
1020,373,794,6
1020,374,1,0
1020,375,6,2
1020,376,9,0
1020,377,2,792
1020,378,793,795
1020,379,791,3
1020,380,790,3
1020,381,7,4
1020,382,7,9
1020,383,797,2
1020,384,793,793
1020,385,797,798
1020,386,794,7
1020,387,9,793
1020,388,5,793
1020,389,4,4
1020,390,3,11
1020,391,793,792
1020,392,793,798
1020,393,798,795
1020,394,1,795
1020,395,798,2
1020,396,5,12
1020,397,7,10
1020,398,8,7
1020,399,12,3
1020,400,7,789
1020,401,6,3
1020,402,2,793
1020,403,796,3
1020,404,795,8
1020,405,797,3
1020,406,8,1
1020,407,12,0
1020,408,3,7
1020,409,799,4
1020,410,5,798
1020,411,0,9
1020,412,10,12
1020,413,796,795
1020,414,3,790
1020,415,5,797
1020,416,790,6
1020,417,791,2
1020,418,799,797
1020,419,793,1
1020,420,792,797
1020,421,11,6
1020,422,10,791
1020,423,5,794
1020,424,795,0
1020,425,792,798
1020,426,797,797
1020,427,799,2
1020,428,789,8
1020,429,799,0
1020,430,2,10
1020,431,0,798
1020,432,9,794
1020,433,11,8
1020,434,796,2
1020,435,792,8
1020,436,8,9
1020,437,4,790
1020,438,793,9
1020,439,6,794
1020,440,5,8
1020,441,799,8
1020,442,793,791
1020,443,2,794
1020,444,799,796
1020,445,4,12
1020,446,0,794
1020,447,798,792
1020,448,792,795
1020,449,4,793
1020,450,3,9
1020,451,3,793
1020,452,11,2
1020,453,3,789
1020,454,7,1
1020,455,790,792
1020,456,5,0
1020,457,10,790
1020,458,792,7
1020,459,790,5
1020,460,6,796
1020,461,6,799
1020,462,791,5
1020,463,6,9
1020,464,790,2
1020,465,791,10
1020,466,796,5
1020,467,9,789
1020,468,791,7
1020,469,8,793
1020,470,793,7
1020,471,6,6
1020,472,0,12
1020,473,790,797
1020,474,790,9
1020,475,10,5
1020,476,1,1
1020,477,4,9
1020,478,6,4
1020,479,4,5
1020,480,5,4
1020,481,10,8
1020,482,794,2
1020,483,4,8
1020,484,794,798
1020,485,792,5
1020,486,9,797
1020,487,3,8
1020,488,10,9
1020,489,10,3
1020,490,8,6
1020,491,7,791
1020,492,10,1
1020,493,2,7
1020,494,5,791
1020,495,798,5
1020,496,793,790
1020,497,3,10
1020,498,795,793
1020,499,9,4
